,brand,title,type,price,priceWithCurrency,available,availableText,sold,lastUpdated,itemLocation,target_audience,location_parts,city,state,country
0,dior,christian dior sauvage men's edp 3.4 oz fragrance spray,eau de parfum,84.99,US $84.99/ea,10.0,more than 10 available / 116 sold,116.0,"May 24, 2024 10:03:04 PDT","allen park, michigan, united states",for men,"['allen park', 'michigan', 'united states']",allen park,michigan,united states
1,as shown,a-v-entus eau de parfum 3.3 oz 100ml millesime edp col-ogne for men new in box,eau de parfum,109.99,US $109.99,8.0,8 available / 48 sold,48.0,"May 23, 2024 23:07:49 PDT","atlanta, georgia, canada",for men,"['atlanta', 'georgia', 'canada']",atlanta,georgia,canada
2,unbranded,hogo boss cologne for men 3.4 oz,oil,100.0,US $100.00,10.0,more than 10 available / 27 sold,27.0,"May 22, 2024 21:55:43 PDT","dearborn, michigan, united states",for men,"['dearborn', 'michigan', 'united states']",dearborn,michigan,united states
3,giorgio armani,acqua di gio by giorgio armani 6.7 fl oz eau de toilette spray men' new & sealed,oil,44.99,US $44.99/ea,2.0,2 available / 159 sold,159.0,"May 24, 2024 03:30:43 PDT","reinholds, pennsylvania, united states",for men,"['reinholds', 'pennsylvania', 'united states']",reinholds,pennsylvania,united states
4,lattafa,lattafa men's hayaati al maleky edp spray 3.4 oz fragrances 6291108734056,fragrances,16.91,US $16.91,2.0,limited quantity available / 156 sold,156.0,"May 24, 2024 07:56:25 PDT","brooklyn, new york, united states",for men,"['brooklyn', 'new york', 'united states']",brooklyn,new york,united states
5,multiple brands,men's perfume sampler 10pcs sample vials designer fragrance samples for men,eau de perfume,14.99,US $14.99,10.0,more than 10 available / 79 sold,79.0,"May 23, 2024 06:57:41 PDT","houston, texas, united states",for men,"['houston', 'texas', 'united states']",houston,texas,united states
6,maison alhambra,glacier bold by maison alhambra 3.4oz edp for men new sealed can,eau de parfum,30.99,US $30.99/ea,9.0,9 available / 39 sold,39.0,"May 16, 2024 13:42:49 PDT","englewood cliffs, new jersey, united states",for men,"['englewood cliffs', 'new jersey', 'united states']",englewood cliffs,new jersey,united states
7,unbranded,parfums de-marly-haltane eau de parfum spray 4.2 oz for men new in box,eau de parfum,85.0,US $85.00,1.0,last one / 6 sold,6.0,"May 24, 2024 00:10:39 PDT","ithaca, new york, united states",for men,"['ithaca', 'new york', 'united states']",ithaca,new york,united states
8,unbranded,hawas for him eau de parfum by rasasi 100ml 3.4 fl oz new,eau de parfum,15.89,US $15.89,10.0,10 available / 17 sold,17.0,"May 24, 2024 09:08:14 PDT","shanghai, china",for men,"['shanghai', 'china']",shanghai,,china
9,gucci,"gucci guilty for him - classic 3oz eau de toilette spray, brand new",eau de parfum,49.99,US $49.99/ea,8.0,8 available / 68 sold,68.0,"May 23, 2024 07:21:23 PDT","dearborn heights, michigan, united states",for men,"['dearborn heights', 'michigan', 'united states']",dearborn heights,michigan,united states
10,ralph lauren,polo blue by ralph lauren 4.2 oz edt cologne for men brand new in box,oil,34.99,US $34.99/ea,10.0,more than 10 available / 615 sold,615.0,"May 24, 2024 07:53:23 PDT","ecorse, michigan, united states",for men,"['ecorse', 'michigan', 'united states']",ecorse,michigan,united states
11,dolce & gabbana,dolce & gabbana light blue men 4.2 oz / 125 ml edt spray brand new & sealed,oil,29.95,US $29.95/ea,7.0,7 available / 458 sold,458.0,"May 23, 2024 08:37:49 PDT","warren, michigan, united states",for men,"['warren', 'michigan', 'united states']",warren,michigan,united states
12,secertmu,new 2024 sexy cologne cupid hypnosis long lasting pheromone perfume for men,eau de perfume,15.99,US $15.99,10.0,more than 10 available / 889 sold,889.0,"May 21, 2024 19:20:12 PDT","san francisco, california, united states",for men,"['san francisco', 'california', 'united states']",san francisco,california,united states
13,as shown,sauvage eau de parfum spray for men 3.4 oz/100ml new in seald box,eau de parfum,59.99,US $59.99/ea,9.0,9 available / 63 sold,63.0,"May 23, 2024 03:08:18 PDT","dayton,new jersey, hong kong",for men,"['dayton', 'new jersey', 'hong kong']",dayton,new jersey,china
14,versace,eau fraiche by versace 3.4 oz 100 ml eau de toilette brand new sealed in box,oil,34.99,US $34.99/ea,7.0,7 available / 136 sold,136.0,"May 24, 2024 00:02:27 PDT","warren, michigan, united states",for men,"['warren', 'michigan', 'united states']",warren,michigan,united states
15,paco rabanne,1 million by paco rabanne 3.4 fl oz / 100 ml parfum spray men's new & sealed,eau de perfume,68.99,US $68.99/ea,2.0,2 available / 20 sold,20.0,"May 24, 2024 02:41:49 PDT","san jose, california, united states",for men,"['san jose', 'california', 'united states']",san jose,california,united states
16,grandeur,tribal intense by grandeur - eau de parfum for men -100ml (3.4oz),eau de parfum,37.99,US $37.99,10.0,more than 10 available / 44 sold,44.0,"May 24, 2024 08:14:43 PDT","miami, florida, united states",for men,"['miami', 'florida', 'united states']",miami,florida,united states
17,armaf,club de nuit intense by armaf 3.6 oz edt cologne for men new in box & sealed,oil,29.99,US $29.99/ea,5.0,5 available / 384 sold,384.0,"May 24, 2024 05:13:20 PDT","hamtramck, michigan, united states",for men,"['hamtramck', 'michigan', 'united states']",hamtramck,michigan,united states
18,carolina herrera,carolina herrera 212 nyc men's cologne edt 3.4oz 100ml new sealed,oil,39.99,US $39.99/ea,10.0,more than 10 available / 236 sold,236.0,"May 23, 2024 08:48:22 PDT","flat lick, kentucky, united states",for men,"['flat lick', 'kentucky', 'united states']",flat lick,kentucky,united states
19,dior,dior sauvage eau de toilette 3.4 oz 100ml brand new sealed free shipping,oil,83.95,US $83.95,4.0,4 available / 22 sold,22.0,"May 22, 2024 14:31:55 PDT","elmhurst, new york, united states",for men,"['elmhurst', 'new york', 'united states']",elmhurst,new york,united states
20,dolce & gabbana,light blue by dolce & gabbana 4.2 oz cologne for men tester with cap,oil,29.94,US $29.94/ea,2.0,"limited quantity available / 9,208 sold",9208.0,"May 23, 2024 20:04:11 PDT","hackensack, new jersey, united states",for men,"['hackensack', 'new jersey', 'united states']",hackensack,new jersey,united states
21,clinique,clinique happy pour homme cologne edt for men 3.4 oz 3.3 new in box,oil,21.99,US $21.99/ea,4.0,4 available / 86 sold,86.0,"May 21, 2024 14:28:23 PDT","miami, florida, united states",for men,"['miami', 'florida', 'united states']",miami,florida,united states
22,dumont,dumont men's nitro red edp spray 3.4 oz fragrances 3760060761880,fragrances,49.99,US $49.99,3.0,3 available / 187 sold,187.0,"May 24, 2024 09:02:39 PDT","brooklyn, new york, united states",for men,"['brooklyn', 'new york', 'united states']",brooklyn,new york,united states
23,afnan,turathi blue by afnan for men edp 3oz new in sealed box,eau de parfum,33.7,US $33.70,10.0,more than 10 available / 131 sold,131.0,"May 21, 2024 14:00:54 PDT","dallas, texas, united states",for men,"['dallas', 'texas', 'united states']",dallas,texas,united states
24,versace,versace eros by gianni versace 3.4oz edt cologne for men 100ml new in box,oil,35.99,US $35.99,2.0,2 available / 43 sold,43.0,"May 24, 2024 00:13:55 PDT","pomona, california, united states",for men,"['pomona', 'california', 'united states']",pomona,california,united states
25,azzaro,azzaro the most wanted 3.3 oz./100 ml. parfum spray for men. new in sealed box,eau de perfume,89.97,US $89.97/ea,10.0,10 available / 920 sold,920.0,"May 24, 2024 08:32:16 PDT","katy, texas, united states",for men,"['katy', 'texas', 'united states']",katy,texas,united states
26,unbranded,usa parfums de marly layton royal essence 4.2 oz. men's eau de parfum,eau de parfum,92.99,US $92.99,5.0,5 available / 19 sold,19.0,"May 24, 2024 00:01:17 PDT","college point, new york, united states",for men,"['college point', 'new york', 'united states']",college point,new york,united states
27,azzaro,azzaro the most wanted 3.38 oz./100 ml. parfum for men fast shipping,eau de parfum,87.99,US $87.99,2.0,2 available / 4 sold,4.0,,"new york, united states",for men,"['new york', 'united states']",new york,,united states
28,giorgio armani,acqua di gio profumo by giorgio armani 4.2oz cologne for men new in box,eau de parfum,119.99,US $119.99,10.0,10 available / 34 sold,34.0,"May 24, 2024 07:16:53 PDT","new york,usa, hong kong",for men,"['new york', 'usa', 'hong kong']",new york,usa,china
29,penhaligon's,penhaligon's the tragedy of lord george 2.5oz edp spray men's perfume,eau de parfum,99.99,US $99.99,1.0,last one / 30 sold,30.0,"May 20, 2024 04:16:27 PDT","brenham, texas, united states",for men,"['brenham', 'texas', 'united states']",brenham,texas,united states
30,bharara,bharara double bleu pour homme by bharara 3.4/3.3 oz edp spray for men new,eau de parfum,51.91,US $51.91/ea,4.0,4 available / 47 sold,47.0,"May 19, 2024 13:15:33 PDT","richmond hill, new york, united states",for men,"['richmond hill', 'new york', 'united states']",richmond hill,new york,united states
31,paco rabanne,1 million paco rabanne men 3.4 oz edt spray,oil,49.99,US $49.99/ea,8.0,8 available / 170 sold,170.0,"May 23, 2024 07:03:35 PDT","dexter, michigan, united states",for men,"['dexter', 'michigan', 'united states']",dexter,michigan,united states
32,armaf,armaf club de nuit intense 3.6 oz for men edt sole official distributor of armaf,oil,32.85,US $32.85/ea,10.0,"more than 10 available / 8,385 sold",8385.0,"May 17, 2024 15:41:45 PDT","houston, texas, united states",for men,"['houston', 'texas', 'united states']",houston,texas,united states
33,valentino,valentino uomo born in roma 3.4 oz. eau de toilette spray for men new in box,oil,89.97,US $89.97/ea,10.0,10 available / 295 sold,295.0,"May 24, 2024 08:44:55 PDT","katy, texas, united states",for men,"['katy', 'texas', 'united states']",katy,texas,united states
34,guy laroche,drakkar noir by guy laroche 3.4 oz / 3.3 oz edt spray for men new unboxed,oil,16.98,US $16.98/ea,620.0,"620 available / 2,345 sold",2345.0,"May 23, 2024 18:45:23 PDT","dallas, texas, united states",for men,"['dallas', 'texas', 'united states']",dallas,texas,united states
35,montblanc,mont blanc legend 3.3 / 3.4 oz edt cologne for men new in box,oil,32.89,US $32.89/ea,383.0,"383 available / 5,032 sold",5032.0,"May 21, 2024 07:59:07 PDT","dallas, texas, united states",for men,"['dallas', 'texas', 'united states']",dallas,texas,united states
36,rasasi,rasasi men's hawas edp spray 3.4 oz fragrances 614514331026,eau de parfum,45.11,US $45.11,2.0,limited quantity available / 258 sold,258.0,"May 24, 2024 09:50:28 PDT","brooklyn, new york, united states",for men,"['brooklyn', 'new york', 'united states']",brooklyn,new york,united states
37,maison alhambra,maison alhambra men's victorioso victory edp spray 3.4 oz fragrances,fragrances,19.73,US $19.73,2.0,limited quantity available / 55 sold,55.0,"May 24, 2024 07:02:34 PDT","brooklyn, new york, united states",for men,"['brooklyn', 'new york', 'united states']",brooklyn,new york,united states
38,armaf,club de nuit untold by armaf 3.6 oz edp brand new in box sealed free shipping,eau de parfum,39.99,US $39.99/ea,8.0,8 available / 276 sold,276.0,"May 24, 2024 06:26:11 PDT","phoenix, arizona, united states",for men,"['phoenix', 'arizona', 'united states']",phoenix,arizona,united states
39,calvin klein,eternity for men by calvin klein cologne edt 6.7 / 6.8 oz new in box,oil,40.6,US $40.60/ea,2.0,"limited quantity available / 5,582 sold",5582.0,"May 24, 2024 09:35:06 PDT","dallas, texas, united states",for men,"['dallas', 'texas', 'united states']",dallas,texas,united states
40,uomo,valentino uomo edt perfume for men 3.4oz / 100ml spray *new in box*,oil,54.99,US $54.99,1.0,last one / 8 sold,8.0,"May 22, 2024 19:02:53 PDT","peekskill, new york, united states",for men,"['peekskill', 'new york', 'united states']",peekskill,new york,united states
41,paco rabanne,phantom by paco rabanne 3.4 oz edt cologne for men brand new in box,oil,40.99,US $40.99,10.0,more than 10 available / 37 sold,37.0,"May 22, 2024 00:25:54 PDT","college point, new york, united states",for men,"['college point', 'new york', 'united states']",college point,new york,united states
42,armaf,club de nuit sillage by armaf 3.6 oz edp cologne for men new in box,eau de parfum,34.84,US $34.84/ea,2.0,"limited quantity available / 4,460 sold",4460.0,"May 24, 2024 07:32:37 PDT","hackensack, new jersey, united states",for men,"['hackensack', 'new jersey', 'united states']",hackensack,new jersey,united states
43,givenchy,pi by givenchy cologne for men edt 3.3 / 3.4 oz new tester,oil,34.72,US $34.72/ea,71.0,71 available / 627 sold,627.0,"May 24, 2024 10:20:09 PDT","dallas, texas, united states",for men,"['dallas', 'texas', 'united states']",dallas,texas,united states
44,azzaro,chrome by azzaro 6.7 / 6.8 oz edt cologne for men new in box,oil,46.33,US $46.33/ea,2.0,"limited quantity available / 30,655 sold",30655.0,"May 24, 2024 07:58:01 PDT","hackensack, new jersey, united states",for men,"['hackensack', 'new jersey', 'united states']",hackensack,new jersey,united states
45,armaf,tag uomo rosso by armaf edp 3.4 oz / 100 ml for men (nib)sealed,eau de parfum,39.0,US $39.00,3.0,3 available / 24 sold,24.0,"May 22, 2024 10:17:56 PDT","brooklyn, new york, united states",for men,"['brooklyn', 'new york', 'united states']",brooklyn,new york,united states
46,lattafa,qaed al fursan by lattafa perfume for unisex edp 3.04 oz new in box,eau de parfum,21.54,US $21.54/ea,96.0,96 available / 989 sold,989.0,"May 24, 2024 06:21:20 PDT","dallas, texas, united states",for men,"['dallas', 'texas', 'united states']",dallas,texas,united states
47,polo,polo sport ralph lauren 4.2 oz cologne for men edt new in box,oil,32.97,US $32.97/ea,756.0,"1,756 available / 5,023 sold",5023.0,"May 24, 2024 07:57:49 PDT","dallas, texas, united states",for men,"['dallas', 'texas', 'united states']",dallas,texas,united states
48,ralph lauren,polo sport fresh by ralph lauren cologne for men edt 4.2 oz new in box,oil,23.34,US $23.34/ea,452.0,452 available / 972 sold,972.0,"May 24, 2024 08:09:10 PDT","dallas, texas, united states",for men,"['dallas', 'texas', 'united states']",dallas,texas,united states
49,c.k,eternity by calvin klein 3.4 oz edt cologne for men brand new tester,oil,28.75,US $28.75,2.0,"limited quantity available / 12,739 sold",12739.0,"May 24, 2024 08:44:02 PDT","hackensack, new jersey, united states",for men,"['hackensack', 'new jersey', 'united states']",hackensack,new jersey,united states
50,john varvatos,artisan by john varvatos 4.2 oz edt men's cologne new tester,oil,27.94,US $27.94/ea,161.0,161 available / 485 sold,485.0,"May 23, 2024 12:42:34 PDT","dallas, texas, united states",for men,"['dallas', 'texas', 'united states']",dallas,texas,united states
51,afnan,afnan 9am dive eau de parfum spray unisex 3.4 oz / 100 ml,eau de parfum,32.5,US $32.50,5.0,5 available / 372 sold,372.0,"May 23, 2024 17:14:52 PDT","edison, new jersey, united states",for men,"['edison', 'new jersey', 'united states']",edison,new jersey,united states
52,nautica,nautica blue by nautica 3.4 oz / 100 ml eau de toilette spray new & sealed,oil,14.99,US $14.99,3.0,3 available / 291 sold,291.0,"May 23, 2024 10:21:16 PDT","armada, michigan, united states",for men,"['armada', 'michigan', 'united states']",armada,michigan,united states
53,giorgio armani,giorgio armani acqua di gio 6.7oz / 200ml men's eau de toilette spray brand new,oil,45.95,US $45.95,5.0,5 available / 578 sold,578.0,"May 23, 2024 19:16:37 PDT","kalamazoo, michigan, united states",for men,"['kalamazoo', 'michigan', 'united states']",kalamazoo,michigan,united states
54,giorgio armani,armani code profumo by giorgio armani 3.7 fl oz spray parfum men's new & sealed,eau de parfum,68.99,US $68.99/ea,2.0,2 available / 99 sold,99.0,"May 24, 2024 02:15:09 PDT","charlotte, north carolina, united states",for men,"['charlotte', 'north carolina', 'united states']",charlotte,north carolina,united states
55,as shown,sauvage eau de parfum 3.4 oz / 100 ml edp spray for men new in seald box,eau de parfum,69.99,US $69.99,56.0,56 available / 44 sold,44.0,"Apr 23, 2024 20:25:43 PDT","dayton, new jersey, united states",for men,"['dayton', 'new jersey', 'united states']",dayton,new jersey,united states
56,secertmu,new 2024 sexy cologne cupid hypnosis long lasting pheromone perfume for men us,eau de perfume,13.99,US $13.99,10.0,more than 10 available / 290 sold,290.0,"May 21, 2024 19:21:49 PDT","san francisco, california, united states",for men,"['san francisco', 'california', 'united states']",san francisco,california,united states
57,versace,versace pour homme signature by versace 3.4 oz edt cologne for men new tester,oil,36.88,US $36.88/ea,2.0,"limited quantity available / 19,899 sold",19899.0,"May 24, 2024 09:36:54 PDT","hackensack, new jersey, united states",for men,"['hackensack', 'new jersey', 'united states']",hackensack,new jersey,united states
58,kenneth cole,kenneth cole black cologne for men 3.4 oz edt spray new in box,oil,24.7,US $24.70/ea,2.0,"limited quantity available / 12,865 sold",12865.0,"May 23, 2024 00:24:59 PDT","dallas, texas, united states",for men,"['dallas', 'texas', 'united states']",dallas,texas,united states
59,tommy hilfiger,tommy boy est 1985 by tommy hilfiger cologne edt men 3.4 / 3.3 oz new in box,oil,26.11,US $26.11/ea,4.0,"4 available / 12,184 sold",12184.0,"May 23, 2024 13:00:07 PDT","dallas, texas, united states",for men,"['dallas', 'texas', 'united states']",dallas,texas,united states
60,unbranded,sealed new cupid 2.0 hypnosis men’s pheromone cologne 1.7 oz meet more hot women,eau de perfume,14.99,US $14.99,10.0,more than 10 available / 172 sold,172.0,"May 24, 2024 10:16:08 PDT","perth amboy, new jersey, united states",for men,"['perth amboy', 'new jersey', 'united states']",perth amboy,new jersey,united states
61,2nd to none,6 for $19.95 men(m) women(w) & unisex(u) body oil fragrances 10 ml roll on pure,oil,6.65,US $6.65,9.0,"9 available / 18,882 sold",18882.0,"May 21, 2024 19:14:49 PDT","lagrange, georgia, united states",for men,"['lagrange', 'georgia', 'united states']",lagrange,georgia,united states
62,dior,sauvage dior eau de parfum minature 10ml / 0.34 oz ...,eau de parfum,25.99,US $25.99/ea,6.0,"6 available / 1,332 sold",1332.0,"May 24, 2024 04:03:31 PDT","cranston, rhode island, united states",for men,"['cranston', 'rhode island', 'united states']",cranston,rhode island,united states
63,yves saint laurent,y by yves saint laurent le parfum 3.3 fl oz spray men's new & sealed,le parfum,60.99,US $60.99/ea,2.0,2 available / 35 sold,35.0,"May 24, 2024 07:11:06 PDT","las vegas, nevada, united states",for men,"['las vegas', 'nevada', 'united states']",las vegas,nevada,united states
64,yves saint laurent,yves saint laurent y men's eau de parfum 3.4 oz/100 ml,eau de parfum,47.88,US $47.88/ea,10.0,more than 10 available / 25 sold,25.0,"May 23, 2024 20:46:56 PDT","sacramento, california, united states",for men,"['sacramento', 'california', 'united states']",sacramento,california,united states
65,calvin klein,eternity for men by calvin klein 3.3 / 3.4 oz edt new in box,oil,31.08,US $31.08/ea,842.0,"842 available / 1,362 sold",1362.0,"May 21, 2024 23:15:46 PDT","dallas, texas, united states",for men,"['dallas', 'texas', 'united states']",dallas,texas,united states
66,armaf,armaf men's ventana marine edp spray 3.4 oz fragrances 6294015175417,fragrances,24.43,US $24.43,2.0,limited quantity available / 110 sold,110.0,"May 23, 2024 16:44:49 PDT","brooklyn, new york, united states",for men,"['brooklyn', 'new york', 'united states']",brooklyn,new york,united states
67,versace,versace eros by gianni versace 3.4 oz 100ml edt cologne for men new in box,oil,35.99,US $35.99/ea,5.0,5 available / 221 sold,221.0,"May 24, 2024 00:47:14 PDT","dayton, new jersey, canada",for men,"['dayton', 'new jersey', 'canada']",dayton,new jersey,canada
68,rasasi,rasasi dareej 3.4 oz-100 ml men edp spray new & sealed new sale,eau de parfum,25.99,US $25.99,10.0,more than 10 available / 3 sold,3.0,"May 19, 2024 15:48:43 PDT","windsor mill, maryland, united states",for men,"['windsor mill', 'maryland', 'united states']",windsor mill,maryland,united states
69,ralph lauren,polo by ralph lauren 4.0 oz cologne edt men green new in box,oil,38.57,US $38.57/ea,484.0,"484 available / 1,503 sold",1503.0,"May 22, 2024 17:31:34 PDT","dallas, texas, united states",for men,"['dallas', 'texas', 'united states']",dallas,texas,united states
70,azzaro,chrome legend by azzaro cologne for men edt 4.2 oz new in box,oil,24.45,US $24.45/ea,2.0,"limited quantity available / 1,691 sold",1691.0,"May 22, 2024 22:47:05 PDT","dallas, texas, united states",for men,"['dallas', 'texas', 'united states']",dallas,texas,united states
71,azzaro,chrome legend by azzaro cologne for men edt 2.6 oz 2.5 new in box,oil,16.26,US $16.26/ea,12.0,12 available / 644 sold,644.0,"May 20, 2024 07:59:19 PDT","dallas, texas, united states",for men,"['dallas', 'texas', 'united states']",dallas,texas,united states
72,ralph lauren,new & sealed! polo black by ralph lauren 2.5 oz cologne for men 7d,oil,22.5,US $22.50,10.0,more than 10 available / 2 sold,2.0,,"mesa, arizona, united states",for men,"['mesa', 'arizona', 'united states']",mesa,arizona,united states
73,lattafa,lattafa men's ramz gold edp spray 3.38 oz fragrances 6291106066715,fragrances,15.03,US $15.03,3.0,3 available / 44 sold,44.0,"May 24, 2024 05:02:25 PDT","brooklyn, new york, united states",for men,"['brooklyn', 'new york', 'united states']",brooklyn,new york,united states
74,versace,versace man eau fraiche by gianni versace edt 0.17oz new in box,oil,8.32,US $8.32/ea,322.0,"1,322 available / 417 sold",417.0,"May 23, 2024 08:22:19 PDT","dallas, texas, united states",for men,"['dallas', 'texas', 'united states']",dallas,texas,united states
75,giorgio armani,armani code by giorgio armani edt for men 4.2 oz / 125 ml brand new sealed,oil,37.8,US $37.80/ea,8.0,8 available / 300 sold,300.0,"May 23, 2024 09:23:09 PDT","west orange, new jersey, united states",for men,"['west orange', 'new jersey', 'united states']",west orange,new jersey,united states
76,calvin klein,obsession by calvin klein 4.0 oz 4 men edt cologne new in box,oil,23.56,US $23.56/ea,2.0,"limited quantity available / 24,048 sold",24048.0,"May 23, 2024 08:46:31 PDT","dallas, texas, united states",for men,"['dallas', 'texas', 'united states']",dallas,texas,united states
77,guy laroche,drakkar noir by guy laroche cologne for men edt 6.7 / 6.8 oz new in box,oil,27.59,US $27.59/ea,323.0,"1,323 available / 4,972 sold",4972.0,"May 17, 2024 15:16:24 PDT","dallas, texas, united states",for men,"['dallas', 'texas', 'united states']",dallas,texas,united states
78,ralph lauren,ralph lauren polo est. 67 eau de toilette .34 oz. travel  spray new!,oil,26.5,US $26.50,3.0,3 available / 3 sold,3.0,"May 22, 2024 18:18:03 PDT","henrico, virginia, united states",for men,"['henrico', 'virginia', 'united states']",henrico,virginia,united states
79,dolce & gabbana,light blue eau intense / dolce & gabbana edp spray 1.6 oz (50 ml) (m),eau de parfum,35.71,US $35.71,3.0,3 available / 36 sold,36.0,"May 24, 2024 06:58:53 PDT","brooklyn, new york, united states",for men,"['brooklyn', 'new york', 'united states']",brooklyn,new york,united states
80,unbranded,sealed new cupid hypnosis men’s pheromone cologne 1.7 oz | meet more hot women🔥,eau de perfume,15.99,US $15.99,10.0,more than 10 available / 594 sold,594.0,"May 24, 2024 09:12:14 PDT","houston, texas, united states",for men,"['houston', 'texas', 'united states']",houston,texas,united states
81,calvin klein,ck one by calvin klein cologne perfume unisex 3.4 oz new in box,eau de perfume,23.89,US $23.89/ea,2.0,"limited quantity available / 54,052 sold",54052.0,"May 24, 2024 03:59:39 PDT","hackensack, new jersey, united states",for men,"['hackensack', 'new jersey', 'united states']",hackensack,new jersey,united states
82,cologne,savage for men- 3.4 oz men's eau de parfum. men's casual cologne 100ml,eau de parfum,10.99,US $10.99/ea,10.0,more than 10 available / 179 sold,179.0,"May 18, 2024 14:39:08 PDT","katy, texas, united states",for men,"['katy', 'texas', 'united states']",katy,texas,united states
83,giorgio armani,armani code profumo by giorgio armani 3.7 fl oz parfum spray men's new & sealed.,eau de parfum,70.99,US $70.99/ea,2.0,2 available / 52 sold,52.0,"May 23, 2024 16:50:30 PDT","pfafftown, north carolina, united states",for men,"['pfafftown', 'north carolina', 'united states']",pfafftown,north carolina,united states
84,unbranded,1/2pcs 50ml men's pheromone-cupid infused perfume- hypnosis cologne fragrances,eau de perfume,16.99,US $16.99,10.0,more than 10 available / 404 sold,404.0,"Apr 29, 2024 18:02:01 PDT","ca, united states",for men,"['ca', 'united states']",ca,,united states
85,as shown,silver mountain water eau de parfum 3.3 / 3.4 oz 100 ml spray for men new in box,eau de parfum,126.99,US $126.99,1.0,last one / 32 sold,32.0,"May 21, 2024 22:40:20 PDT","usa,california, hong kong",for men,"['usa', 'california', 'hong kong']",usa,california,china
86,roja,elysium roja by roja parfums 3.4 oz parfum cologne spray for men new in box,fragrances,159.99,US $159.99/ea,10.0,more than 10 available / 30 sold,30.0,"May 21, 2024 18:00:42 PDT","new york, new york, taiwan",for men,"['new york', 'new york', 'taiwan']",new york,new york,taiwan
87,metaherbal labs,arouse-rx #1 best uncented sex pheromones for men that work 2 attract women,unscented,39.95,US $39.95,10.0,more than 10 available / 353 sold,353.0,"May 06, 2024 19:01:20 PDT","orange, connecticut, united states",for men,"['orange', 'connecticut', 'united states']",orange,connecticut,united states
88,mirage brands,azure noir intense men's 3.4 oz edt spray long lasting perfume,oil,13.66,US $13.66,10.0,more than 10 available / 552 sold,552.0,"May 24, 2024 00:14:35 PDT","hephzibah, georgia, united states",for men,"['hephzibah', 'georgia', 'united states']",hephzibah,georgia,united states
89,carolina herrera,bad boy by carolina herrera 5.1 oz. eau de toilette spray for men. new. no box,oil,54.99,US $54.99/ea,10.0,10 available / 780 sold,780.0,"May 22, 2024 18:50:59 PDT","katy, texas, united states",for men,"['katy', 'texas', 'united states']",katy,texas,united states
90,unbranded,sealed new cupid 2.0 hypnosis men’s pheromone cologne 1.7 oz meet more hot women,eau de perfume,14.99,US $14.99,10.0,more than 10 available / 358 sold,358.0,"May 24, 2024 09:56:14 PDT","houston, texas, united states",for men,"['houston', 'texas', 'united states']",houston,texas,united states
91,abercrombie & fitch,abercrombie & fitch fierce 1.7 oz eau de cologne men brand new sealed in box,cologne,29.99,US $29.99/ea,9.0,9 available / 87 sold,87.0,"May 23, 2024 09:26:33 PDT","phoenix, arizona, united states",for men,"['phoenix', 'arizona', 'united states']",phoenix,arizona,united states
92,valentino,valentino uomo born in roma coral fantasy 3.4fl.oz 100 ml edt cologne new in box,oil,89.99,US $89.99,6.0,6 available / 23 sold,23.0,"May 16, 2024 19:15:06 PDT","el cajon, california, hong kong",for men,"['el cajon', 'california', 'hong kong']",el cajon,california,china
93,as shown,a-ventus eau de parfum for men millesime edp cologne new in box 3.3 oz /100ml,eau de parfum,109.99,US $109.99/ea,3.0,3 available / 24 sold,24.0,"May 23, 2024 18:03:02 PDT","california,united states, hong kong, hong kong",for men,"['california', 'united states', 'hong kong', 'hong kong']",california,,china
94,yves saint laurent,y by yves saint laurent ysl 3.3 / 3.4 oz edp cologne for men new in box,eau de parfum,92.56,US $92.56/ea,2.0,"limited quantity available / 2,293 sold",2293.0,"May 24, 2024 06:15:40 PDT","hackensack, new jersey, united states",for men,"['hackensack', 'new jersey', 'united states']",hackensack,new jersey,united states
95,unbranded,hawas for him eau de parfum by rasasi 100ml 3.4 fl oz new,eau de parfum,15.89,US $15.89,6.0,6 available / 8 sold,8.0,"May 22, 2024 22:34:16 PDT","shanghai, china",for men,"['shanghai', 'china']",shanghai,,china
96,giorgio armani,giorgio armani acqua di gio 6.7oz / 200ml men's eau de toilette spray brand new,oil,59.99,US $59.99,10.0,more than 10 available / 14 sold,14.0,"May 21, 2024 07:50:36 PDT","hamtramck, michigan, united states",for men,"['hamtramck', 'michigan', 'united states']",hamtramck,michigan,united states
97,cologne,bleu parfum de blue for men 3.4oz / 100ml eau de cologne spray in box,eau de perfume,85.0,US $85.00,4.0,4 available / 42 sold,42.0,"May 23, 2024 22:52:13 PDT","fresh meadows, new york, united states",for men,"['fresh meadows', 'new york', 'united states']",fresh meadows,new york,united states
98,unbranded,perfume cologne for men long lasting fragrance 100ml 3.4 oz gift fast parfum,oil,13.86,US $13.86/ea,10.0,"more than 10 available / 1,146 sold",1146.0,"May 24, 2024 08:52:14 PDT","cumming, georgia, united states",for men,"['cumming', 'georgia', 'united states']",cumming,georgia,united states
99,moschino,"moschino toy boy eau de parfum for men, 3.4 us fl. oz. / 100 ml",eau de parfum,29.99,US $29.99,5.0,5 available / 17 sold,17.0,"May 24, 2024 00:58:38 PDT","hamtramck, michigan, united states",for men,"['hamtramck', 'michigan', 'united states']",hamtramck,michigan,united states
100,nautica,nautica voyage men's edt 3.4 oz cologne spray new in box,oil,17.99,US $17.99,3.0,3 available / 324 sold,324.0,"May 20, 2024 10:32:37 PDT","detroit, michigan, united states",for men,"['detroit', 'michigan', 'united states']",detroit,michigan,united states
101,valentino,valentino uomo born in roma coral fantasy 3.4 oz edt cologne new in box,oil,79.99,US $79.99/ea,10.0,more than 10 available / 316 sold,316.0,"May 16, 2024 17:01:39 PDT","walnut, california, hong kong",for men,"['walnut', 'california', 'hong kong']",walnut,california,china
102,as shown,sauvage eau de parfum  3.4 oz / 100 ml edp spray for men new in seald box,eau de parfum,69.99,US $69.99,10.0,more than 10 available / 157 sold,157.0,"May 23, 2024 22:52:49 PDT","dayton, new jersey, hong kong",for men,"['dayton', 'new jersey', 'hong kong']",dayton,new jersey,china
103,dior,dior sauvage edp men's fragrance 3.4 oz new sealed in box,eau de parfum,84.99,US $84.99/ea,5.0,5 available / 73 sold,73.0,"May 22, 2024 09:32:15 PDT","detroit, michigan, united states",for men,"['detroit', 'michigan', 'united states']",detroit,michigan,united states
104,as shown,ysl yves saint laurent y eau de perfume spray cologne for men 3.3 oz 100ml,eau de parfum,49.99,US $49.99,5.0,5 available / 45 sold,45.0,"May 24, 2024 00:15:22 PDT","ottawa,california, canada",for men,"['ottawa', 'california', 'canada']",ottawa,california,canada
105,abercrombie & fitch,abercrombie & fitch fierce 3.4 oz /100ml eau de cologne for men brand new sealed,cologne,33.95,US $33.95/ea,8.0,8 available / 464 sold,464.0,"May 24, 2024 06:26:36 PDT","phoenix, arizona, united states",for men,"['phoenix', 'arizona', 'united states']",phoenix,arizona,united states
106,polo,polo 67 ralph lauren eau de toilette .5 oz. new in box!,oil,24.5,US $24.50,2.0,2 available / 4 sold,4.0,"May 22, 2024 18:17:42 PDT","henrico, virginia, united states",for men,"['henrico', 'virginia', 'united states']",henrico,virginia,united states
107,paco rabanne,1 million paco rabanne men 3.4 oz edt spray *fast shipping*,oil,49.96,US $49.96/ea,6.0,6 available / 19 sold,19.0,"May 23, 2024 05:43:30 PDT","warren, michigan, united states",for men,"['warren', 'michigan', 'united states']",warren,michigan,united states
108,ralph lauren,polo double black 4.2 oz by ralph lauren mens eau de toilette spray new & sealed,oil,34.99,US $34.99/ea,7.0,7 available / 225 sold,225.0,"May 24, 2024 05:43:51 PDT","highland park, michigan, united states",for men,"['highland park', 'michigan', 'united states']",highland park,michigan,united states
109,azzaro,chrome by loris azzaro  3.3 / 3.4 oz edt cologne for men new spray tester,oil,26.97,US $26.97/ea,33.0,33 available / 424 sold,424.0,"May 21, 2024 13:31:47 PDT","dallas, texas, united states",for men,"['dallas', 'texas', 'united states']",dallas,texas,united states
110,~ dolce & gabbana ~,dolce & gabbana ~ the one eau de parfum spray for men 3.3 oz 100 ml white box,eau de parfum,54.99,US $54.99/ea,2.0,2 available / 22 sold,22.0,"May 23, 2024 21:13:14 PDT","melissa, texas, united states",for men,"['melissa', 'texas', 'united states']",melissa,texas,united states
111,versace,versace man fraiche edt spray 3.4 oz / 100 ml new in box free shipping,oil,30.0,US $30.00/ea,2.0,2 available / 270 sold,270.0,"May 24, 2024 01:40:45 PDT","carlsbad, california, united states",for men,"['carlsbad', 'california', 'united states']",carlsbad,california,united states
112,as shown,new in box eau de parfum aventus 3.3 /oz 100 ml spray for men,eau de parfum,189.99,US $189.99,2.0,2 available / 32 sold,32.0,"May 24, 2024 04:22:27 PDT","livingston manor, new york, united states",for men,"['livingston manor', 'new york', 'united states']",livingston manor,new york,united states
113,superz budapest,morocco by superz budapest 50ml/ 1.69 oz extrait de parfum usa seller,extrait de Parfum,125.0,US $125.00/ea,10.0,more than 10 available / 28 sold,28.0,"May 23, 2024 19:49:00 PDT","hollywood, florida, united states",for men,"['hollywood', 'florida', 'united states']",hollywood,florida,united states
114,ralph lauren,polo red by ralph lauren edt for men 4.2 oz - 125 ml new in box sealed,oil,29.99,US $29.99/ea,8.0,8 available / 169 sold,169.0,"May 24, 2024 06:07:43 PDT","laughlin, nevada, united states",for men,"['laughlin', 'nevada', 'united states']",laughlin,nevada,united states
115,paco rabanne,xs by paco rabanne cologne for men edt 3.3 / 3.4 oz new tester,oil,28.91,US $28.91/ea,48.0,48 available / 849 sold,849.0,"May 24, 2024 07:33:32 PDT","dallas, texas, united states",for men,"['dallas', 'texas', 'united states']",dallas,texas,united states
116,unbranded,sealed new cupid 2.0 hypnosis men’s pheromone cologne 1.7 oz meet more hot women,eau de perfume,15.99,US $15.99,10.0,more than 10 available / 14 sold,14.0,"May 24, 2024 01:46:35 PDT","houston, texas, united states",for men,"['houston', 'texas', 'united states']",houston,texas,united states
117,gianni versace,versace l' homme edt 3.3 / 3.4 oz cologne for men new in box,oil,25.43,US $25.43/ea,116.0,"116 available / 1,925 sold",1925.0,"May 24, 2024 08:02:07 PDT","dallas, texas, united states",for men,"['dallas', 'texas', 'united states']",dallas,texas,united states
118,dolce & gabbana,d&g dolce & gabbana light blue eau intense men 1.5ml .05oz x 5 cologne samples,eau de parfum,11.0,US $11.00,10.0,more than 10 available / 702 sold,702.0,"Apr 05, 2024 00:52:00 PDT","albany, new york, united states",for men,"['albany', 'new york', 'united states']",albany,new york,united states
119,christian dior,sauvage by christian dior for men parfum 6.8 oz / 200 ml *new in sealed box*,eau de perfume,161.99,US $161.99,10.0,more than 10 available / 129 sold,129.0,"May 13, 2024 10:40:48 PDT","miami, florida, united states",for men,"['miami', 'florida', 'united states']",miami,florida,united states
120,dolce & gabbana,dolce & gabbana 4.2oz intenso edp sealed men's cologne,eau de parfum,40.99,US $40.99/ea,10.0,more than 10 available / 16 sold,16.0,"May 24, 2024 10:25:34 PDT","detroit, michigan, united states",for men,"['detroit', 'michigan', 'united states']",detroit,michigan,united states
121,hermès,terre d'hermes by hermes cologne for men edt 3.3 / 3.4 oz new in box,oil,58.99,US $58.99,1.0,last one / 3 sold,3.0,"May 24, 2024 00:09:17 PDT","new york, new york, united states",for men,"['new york', 'new york', 'united states']",new york,new york,united states
122,as shown,mans sauvage eau de toilette 3.4 oz 100ml parfum spray brand new sealed in box,oil,48.99,US $48.99,10.0,more than 10 available / 101 sold,101.0,"May 20, 2024 17:37:45 PDT","hong kong, hong kong",for men,"['hong kong', 'hong kong']",hong kong,,china
123,diesel,diesel only the brave street by diesel cologne edt 2.5 oz new,oil,17.0,US $17.00/ea,6.0,6 available / 147 sold,147.0,"May 18, 2024 20:56:17 PDT","dallas, texas, united states",for men,"['dallas', 'texas', 'united states']",dallas,texas,united states
124,dolce & gabbana,dolce & gabbana light blue eau intense 6.7 oz. edp spray for men. new in box,eau de parfum,65.97,US $65.97/ea,10.0,10 available / 37 sold,37.0,"May 24, 2024 08:08:36 PDT","katy, texas, united states",for men,"['katy', 'texas', 'united states']",katy,texas,united states
125,lacoste,lacoste eau de toilette l.12.12 blanc cologne 3.3 oz/ 100ml for men,oil,36.68,US $36.68/ea,10.0,more than 10 available / 9 sold,9.0,"May 22, 2024 18:48:58 PDT","austin, texas, united states",for men,"['austin', 'texas', 'united states']",austin,texas,united states
126,paco rabanne,paco rabanne 1 million men's fragrance edt cologne 3.4 oz 100 ml new in box,oil,49.99,US $49.99/ea,10.0,more than 10 available / 165 sold,165.0,"May 24, 2024 09:52:03 PDT","flat lick, kentucky, united states",for men,"['flat lick', 'kentucky', 'united states']",flat lick,kentucky,united states
127,dossier,dossier citrus ginger eau de parfum. size: 50ml / 1.7oz,eau de parfum,20.0,US $20.00/ea,8.0,8 available / 23 sold,23.0,,"los angeles, california, united states",for men,"['los angeles', 'california', 'united states']",los angeles,california,united states
128,burberry,burberry men's hero edp spray 3.4 oz fragrances 3614228838016,fragrances,77.07,US $77.07,3.0,3 available / 55 sold,55.0,"May 23, 2024 22:10:28 PDT","brooklyn, new york, united states",for men,"['brooklyn', 'new york', 'united states']",brooklyn,new york,united states
129,giorgio armani,acqua di gio by giorgio armani edt men 6.7 oz / 200 ml *new in sealed box*,oil,64.99,US $64.99,10.0,more than 10 available / 235 sold,235.0,"May 08, 2024 11:11:06 PDT","miami, florida, united states",for men,"['miami', 'florida', 'united states']",miami,florida,united states
130,yves saint laurent,y by yves saint laurent le parfum spray 3.3 oz / 100 ml new & sealed.,eau de perfume,59.99,US $59.99,3.0,3 available / 20 sold,20.0,"May 23, 2024 05:48:20 PDT","lubbock, texas, united states",for men,"['lubbock', 'texas', 'united states']",lubbock,texas,united states
131,abercrombie & fitch,abercrombie & fitch fierce cologne 6.7 oz for men new sealed ships free,cologne,39.99,US $39.99,3.0,3 available / 275 sold,275.0,"May 24, 2024 01:40:01 PDT","carlsbad, california, united states",for men,"['carlsbad', 'california', 'united states']",carlsbad,california,united states
132,dolce & gabbana,usa k by dolce & gabbana cologne for men edt 3.3 / 3.4 oz in box new,oil,36.99,US $36.99/ea,2.0,2 available / 98 sold,98.0,"May 23, 2024 00:18:08 PDT","college point, new york, united states",for men,"['college point', 'new york', 'united states']",college point,new york,united states
133,michael malul,citizen jack absolute by micheal malul for men 3.4 fl oz. eau de parfum,eau de parfum,79.99,US $79.99,6.0,6 available / 18 sold,18.0,"May 15, 2024 13:47:53 PDT","jonesboro, georgia, united states",for men,"['jonesboro', 'georgia', 'united states']",jonesboro,georgia,united states
134,zara,zara sunrise on the red sand dunes (mylene alran) 1.01oz (30ml) edp spray sealed,eau de parfum,37.5,US $37.50,1.0,last one / 30 sold,30.0,"May 22, 2024 04:50:50 PDT","englewood, new jersey, united states",for men,"['englewood', 'new jersey', 'united states']",englewood,new jersey,united states
135,aramis,aramis by aramis edt cologne spray for men 3.7 oz brand new in box,oil,21.01,US $21.01/ea,272.0,"272 available / 2,486 sold",2486.0,"May 21, 2024 19:16:09 PDT","dallas, texas, united states",for men,"['dallas', 'texas', 'united states']",dallas,texas,united states
136,secertmu,new 2024 sexy cologne cupid hypnosis long lasting pheromone perfume for men,eau de perfume,6.97,US $6.97,10.0,more than 10 available / 803 sold,803.0,"May 21, 2024 19:20:13 PDT","san francisco, california, united states",for men,"['san francisco', 'california', 'united states']",san francisco,california,united states
137,yves saint laurent,yves saint laurent y men's eau de parfum intense 3.4 oz/ 100 ml,eau de parfum,65.68,US $65.68/ea,10.0,more than 10 available / 11 sold,11.0,"May 22, 2024 18:49:43 PDT","sacramento, california, united states",for men,"['sacramento', 'california', 'united states']",sacramento,california,united states
138,as shown,bleu de eau de parfum edp 100ml 3.4 oz cologne for men new with box,eau de parfum,89.99,US $89.99,5.0,5 available / 5 sold,5.0,"May 14, 2024 20:43:05 PDT","new york,united states, hong kong",for men,"['new york', 'united states', 'hong kong']",new york,united states,china
139,jean paul gaultier,"jean paul gaultier le male - timeless 4.2oz men's eau de toilette, sealed",oil,51.99,US $51.99/ea,10.0,more than 10 available / 73 sold,73.0,"May 22, 2024 08:29:08 PDT","dearborn heights, michigan, united states",for men,"['dearborn heights', 'michigan', 'united states']",dearborn heights,michigan,united states
140,hermès,hermes terre d'hermes eau givree eau de parfum spray 0.42 oz / 12.5 ml travel!!!,eau de parfum,28.99,US $28.99,1.0,last one / 23 sold,23.0,"May 20, 2024 18:36:38 PDT","philadelphia, pennsylvania, united states",for men,"['philadelphia', 'pennsylvania', 'united states']",philadelphia,pennsylvania,united states
141,yves saint laurent,y by yves saint laurent le parfum 3.3 fl oz / 100 ml spray new & sealed in box,le parfum,60.99,US $60.99/ea,2.0,2 available / 27 sold,27.0,"May 24, 2024 02:57:18 PDT","santa cruz, california, united states",for men,"['santa cruz', 'california', 'united states']",santa cruz,california,united states
142,davidoff,cool water intense by davidoff 4.2 oz edp cologne for men new in box,oil,34.98,US $34.98/ea,2.0,limited quantity available / 849 sold,849.0,"May 23, 2024 18:21:52 PDT","hackensack, new jersey, united states",for men,"['hackensack', 'new jersey', 'united states']",hackensack,new jersey,united states
143,davidoff,cool water by davidoff 4.2 oz eau de toilette cologne spray men's new in box,oil,25.49,US $25.49/ea,4.0,4 available / 64 sold,64.0,"May 24, 2024 03:48:03 PDT","baltimore, maryland, united states",for men,"['baltimore', 'maryland', 'united states']",baltimore,maryland,united states
144,polo,polo red by ralph lauren 6.7 fl oz / 200 ml eau de toilette spray new & sealed,oil,41.99,US $41.99/ea,2.0,2 available / 38 sold,38.0,"May 19, 2024 15:04:04 PDT","reinholds, pennsylvania, united states",for men,"['reinholds', 'pennsylvania', 'united states']",reinholds,pennsylvania,united states
145,as shown,for bitter peach eau de parfume 3.4 oz 100 ml for men women unisex new in box,eau de parfum,99.99,US $99.99,4.0,4 available / 8 sold,8.0,"May 24, 2024 10:01:25 PDT","hongkong, hong kong",for men,"['hongkong', 'hong kong']",hongkong,,china
146,armaf,tres nuit by armaf 3.4 oz edp cologne for men new in box,eau de parfum,27.3,US $27.30,10.0,more than 10 available / 179 sold,179.0,"May 24, 2024 07:13:43 PDT","hackensack, new jersey, united states",for men,"['hackensack', 'new jersey', 'united states']",hackensack,new jersey,united states
147,unbranded,12 piece mixed men’s cologne lot: assorted scents in 3.4 oz bottles,eau de perfume,48.0,US $48.00,10.0,more than 10 available / 7 sold,7.0,,"webster, florida, united states",for men,"['webster', 'florida', 'united states']",webster,florida,united states
148,bvlgari,new bvlgari pour homme men's eau de toilette spray 3.4 oz/ 100 ml,oil,45.68,US $45.68/ea,10.0,more than 10 available / 5 sold,5.0,"May 22, 2024 19:40:47 PDT","sacramento, california, united states",for men,"['sacramento', 'california', 'united states']",sacramento,california,united states
149,christian dior,sauvage by christian dior edp for men 6.8 oz / 200 ml *new in sealed box*,eau de parfum,159.99,US $159.99,10.0,more than 10 available / 160 sold,160.0,"May 16, 2024 05:23:22 PDT","miami, florida, united states",for men,"['miami', 'florida', 'united states']",miami,florida,united states
150,unbranded,hawas for him eau de parfum by rasasi 100ml 3.4 fl oz new,eau de perfume,17.99,US $17.99,10.0,more than 10 available / 3 sold,3.0,"May 23, 2024 17:06:03 PDT","shenzhen, china",for men,"['shenzhen', 'china']",shenzhen,,china
151,ralph lauren,polo green by ralph lauren cologne for men 4 / 4.0 oz brand new in box,oil,35.99,US $35.99/ea,10.0,"more than 10 available / 4,520 sold",4520.0,"May 24, 2024 08:57:22 PDT","hackensack, new jersey, united states",for men,"['hackensack', 'new jersey', 'united states']",hackensack,new jersey,united states
152,dossier,dossier aromatic pineapple eau de parfum. size: 50ml / 1.7oz,eau de parfum,20.0,US $20.00/ea,10.0,more than 10 available,0.0,,"los angeles, california, united states",for men,"['los angeles', 'california', 'united states']",los angeles,california,united states
153,parfums de marly,new parfums de marly kalan by parfums de marly 4.2 oz edp spray for men cologne,eau de parfum,82.99,US $82.99,3.0,3 available / 5 sold,5.0,"May 22, 2024 19:16:28 PDT","college point, new york, united states",for men,"['college point', 'new york', 'united states']",college point,new york,united states
154,secertmu,"vyg cologne, vyg perfume, vyg fragrance, vyg fragrances, vyg mens perfume",pheromone,11.99,US $11.99,10.0,more than 10 available / 11 sold,11.0,"May 21, 2024 19:31:59 PDT","san francisco, california, united states",for men,"['san francisco', 'california', 'united states']",san francisco,california,united states
155,salvatore ferragamo,salvatore ferragamo uomo eau de toilette 100.0 ml in white box,oil,32.99,US $32.99,1.0,last one / 10 sold,10.0,"May 23, 2024 11:29:21 PDT","edison, new jersey, united states",for men,"['edison', 'new jersey', 'united states']",edison,new jersey,united states
156,giorgio armani,new giorgio armani acqua di gio 3.4 oz men's eau de toilette spray in box us1,oil,28.99,US $28.99/ea,9.0,9 available / 111 sold,111.0,"May 24, 2024 00:02:00 PDT","college point, new york, united states",for men,"['college point', 'new york', 'united states']",college point,new york,united states
157,montblanc,montblanc legend spirit / montblanc edt spray 3.3 oz (100 ml) (m),fragrances,35.71,US $35.71,3.0,3 available / 30 sold,30.0,"May 24, 2024 06:08:29 PDT","brooklyn, new york, united states",for men,"['brooklyn', 'new york', 'united states']",brooklyn,new york,united states
158,armaf,armaf men's odyssey mandarin sky edp spray 3.4 oz limited edition y1,eau de parfum,39.99,US $39.99,3.0,3 available / 76 sold,76.0,"May 24, 2024 00:56:45 PDT","los angeles, california, united states",for men,"['los angeles', 'california', 'united states']",los angeles,california,united states
159,giorgio armani,giorgio armani aqua di gio men 3.4 oz edt aquatic fresh fragrance new,oil,29.99,US $29.99/ea,10.0,more than 10 available / 410 sold,410.0,"May 24, 2024 08:45:15 PDT","melvindale, michigan, united states",for men,"['melvindale', 'michigan', 'united states']",melvindale,michigan,united states
160,ard al zaafaran,ard al zaafaran men's midnight oud edp spray 3.4 oz fragrances 6205413337789,fragrances,17.85,US $17.85,3.0,3 available / 29 sold,29.0,"May 24, 2024 08:56:45 PDT","brooklyn, new york, united states",for men,"['brooklyn', 'new york', 'united states']",brooklyn,new york,united states
161,karl lagerfeld,lagerfeld classic 3.3 oz 100 ml edt spray mens cologne new tester,oil,16.91,US $16.91/ea,6.0,6 available / 825 sold,825.0,"Mar 04, 2024 18:12:48 PST","edison, new jersey, united states",for men,"['edison', 'new jersey', 'united states']",edison,new jersey,united states
162,giorgio armani,armani code profumo by giorgio armani 3.7 fl oz/110 ml parfum men's new & sealed,eau de parfum,69.99,US $69.99/ea,2.0,2 available / 81 sold,81.0,"May 18, 2024 05:26:34 PDT","thomasville, alabama, united states",for men,"['thomasville', 'alabama', 'united states']",thomasville,alabama,united states
163,davidoff,cool water by davidoff cologne for men 6.7 / 6.8 oz brand new in box,oil,38.24,US $38.24/ea,2.0,"limited quantity available / 13,549 sold",13549.0,"May 24, 2024 10:26:59 PDT","hackensack, new jersey, united states",for men,"['hackensack', 'new jersey', 'united states']",hackensack,new jersey,united states
164,j. del pozo,halloween man x edt 4.2 oz / 125 ml for men (new in white box),oil,30.99,US $30.99,10.0,more than 10 available / 866 sold,866.0,"May 13, 2024 10:02:02 PDT","brooklyn, new york, united states",for men,"['brooklyn', 'new york', 'united states']",brooklyn,new york,united states
165,sean john,sean john unforgivable for men edt cologne 4.2 oz,oil,29.99,US $29.99/ea,10.0,more than 10 available / 471 sold,471.0,"May 23, 2024 16:29:12 PDT","miami, florida, united states",for men,"['miami', 'florida', 'united states']",miami,florida,united states
166,as shown,silver mountain water eau de parfum 3.3 / 3.4 oz 100 ml spray for men new in box,eau de parfum,125.99,US $125.99,1.0,last one / 15 sold,15.0,"May 24, 2024 01:04:08 PDT","livingston manor, new york, united states",for men,"['livingston manor', 'new york', 'united states']",livingston manor,new york,united states
167,ysl,ysl yves saint laurent y eau de perfume 3.3 oz 100ml cologne spray for men,eau de parfum,39.99,US $39.99/ea,3.0,3 available / 9 sold,9.0,"May 21, 2024 09:33:44 PDT","ontario, california, united states, hong kong",for men,"['ontario', 'california', 'united states', 'hong kong']",ontario,,china
168,dolce & gabbana,k by dolce & gabbana cologne for men edt 3.3 / 3.4 oz new tester,oil,36.36,US $36.36/ea,226.0,226 available / 771 sold,771.0,"May 23, 2024 13:02:17 PDT","dallas, texas, united states",for men,"['dallas', 'texas', 'united states']",dallas,texas,united states
169,abercrombie & fitch,abercrombie & fitch fierce 6.7 oz/200 ml eau de cologne brand new sealed in box,cologne,49.99,US $49.99/ea,7.0,7 available / 916 sold,916.0,"May 21, 2024 09:02:01 PDT","melvindale, michigan, united states",for men,"['melvindale', 'michigan', 'united states']",melvindale,michigan,united states
170,nautica,nautica voyage cologne for men edt 6.7 oz 6.8 new in box,oil,33.45,US $33.45/ea,127.0,"127 available / 1,391 sold",1391.0,"May 23, 2024 03:25:35 PDT","dallas, texas, united states",for men,"['dallas', 'texas', 'united states']",dallas,texas,united states
171,abercrombie & fitch,fierce by abercrombie & fitch 6.7 fl oz / 200 ml cologne spray brand new in box,aftershave,44.0,US $44.00/ea,2.0,2 available / 24 sold,24.0,"May 20, 2024 00:27:05 PDT","warren, michigan, united states",for men,"['warren', 'michigan', 'united states']",warren,michigan,united states
172,jaguar,jaguar classic black by jaguar cologne for men edt 3.3 / 3.4 oz new in box,oil,15.4,US $15.40/ea,224.0,"224 available / 3,942 sold",3942.0,"May 21, 2024 20:09:06 PDT","dallas, texas, united states",for men,"['dallas', 'texas', 'united states']",dallas,texas,united states
173,ebc,long lasting fire cologne for men (inspired by fahrenheit) 3.4oz/100ml,cologne,13.5,US $13.50,10.0,10 available / 17 sold,17.0,"May 09, 2024 17:47:19 PDT","hialeah, florida, united states",for men,"['hialeah', 'florida', 'united states']",hialeah,florida,united states
174,azzaro,azzaro wanted tonic by azzaro 3.4 oz edt cologne for men brand new tester,oil,27.94,US $27.94/ea,2.0,"limited quantity available / 1,140 sold",1140.0,"May 22, 2024 11:04:54 PDT","hackensack, new jersey, united states",for men,"['hackensack', 'new jersey', 'united states']",hackensack,new jersey,united states
175,montblanc,mont blanc legend spirit 6.7 oz edt cologne for men new in box,oil,52.62,US $52.62/ea,2.0,"limited quantity available / 5,098 sold",5098.0,"May 24, 2024 10:18:05 PDT","hackensack, new jersey, united states",for men,"['hackensack', 'new jersey', 'united states']",hackensack,new jersey,united states
176,dolce & gabbana,"light blue summer vibes by dolce & gabbana, 4.2 oz edt spray for men",oil,50.08,US $50.08/ea,10.0,more than 10 available / 182 sold,182.0,"May 24, 2024 07:58:17 PDT","edison, new jersey, united states",for men,"['edison', 'new jersey', 'united states']",edison,new jersey,united states
177,bath & body works,ocean cologne bath & body works 3.4 oz 100 ml spray men's collection ne🦋,cologne,28.95,US $28.95,1.0,last one / 5 sold,5.0,,"chesapeake, virginia, united states",for men,"['chesapeake', 'virginia', 'united states']",chesapeake,virginia,united states
178,jean paul gaultier,jean paul gaultier le beau eau de toilette 5 ml spray for men,oil,12.2,US $12.20,10.0,more than 10 available / 5 sold,5.0,"May 20, 2024 14:43:18 PDT","miami, florida, united states",for men,"['miami', 'florida', 'united states']",miami,florida,united states
179,paco rabanne,paco rabanne pour homme cologne for men edt  3.3 / 3.4 oz new tester,oil,28.93,US $28.93/ea,44.0,"44 available / 4,764 sold",4764.0,"May 22, 2024 11:37:19 PDT","dallas, texas, united states",for men,"['dallas', 'texas', 'united states']",dallas,texas,united states
180,issey miyake,l'eau d'issey by issey miyake cologne for him edt 6.7 / 6.8 oz new in box,oil,54.92,US $54.92/ea,124.0,"124 available / 2,465 sold",2465.0,"May 24, 2024 08:21:08 PDT","dallas, texas, united states",for men,"['dallas', 'texas', 'united states']",dallas,texas,united states
181,polo,polo green by ralph lauren 4.0 oz 4 cologne edt men green new in box & sealed,oil,34.99,US $34.99/ea,7.0,7 available / 17 sold,17.0,"May 23, 2024 10:28:54 PDT","highland park, michigan, united states",for men,"['highland park', 'michigan', 'united states']",highland park,michigan,united states
182,calvin klein,eternity flame by calvin klein 3.4 oz edt cologne for men new in box,oil,25.98,US $25.98/ea,10.0,"more than 10 available / 1,536 sold",1536.0,"May 24, 2024 10:18:05 PDT","hackensack, new jersey, united states",for men,"['hackensack', 'new jersey', 'united states']",hackensack,new jersey,united states
183,king,bharara king eau de parfum men 3.4 oz,fragrance & perfume,74.8,US $74.80,1.0,last one / 430 sold,430.0,"May 24, 2024 09:36:50 PDT","dallas, texas, united states",for men,"['dallas', 'texas', 'united states']",dallas,texas,united states
184,versace,versace eros by gianni versace 3.4 oz edt cologne for men tester,oil,39.77,US $39.77/ea,2.0,"limited quantity available / 31,718 sold",31718.0,"May 24, 2024 10:26:59 PDT","hackensack, new jersey, united states",for men,"['hackensack', 'new jersey', 'united states']",hackensack,new jersey,united states
185,prada,prada l'homme 3.4 oz edt cologne for men new in box,oil,86.87,US $86.87/ea,2.0,limited quantity available / 322 sold,322.0,"May 23, 2024 20:20:11 PDT","hackensack, new jersey, united states",for men,"['hackensack', 'new jersey', 'united states']",hackensack,new jersey,united states
186,cologne,"savage for men- 3.4 oz men's eau de toilette . men's casual cologne, not sauvage",oil,10.99,US $10.99/ea,10.0,"more than 10 available / 1,044 sold",1044.0,"May 18, 2024 14:38:27 PDT","katy, texas, united states",for men,"['katy', 'texas', 'united states']",katy,texas,united states
187,giorgio armani,giorgio armani acqua di gio edt 3.4 oz fresh aquatic men's cologne,oil,29.99,US $29.99/ea,9.0,9 available / 204 sold,204.0,"May 23, 2024 10:46:14 PDT","farmington, michigan, united states",for men,"['farmington', 'michigan', 'united states']",farmington,michigan,united states
188,versace,versace pour homme signature by versace 3.4 oz edt cologne for men new in box,oil,44.94,US $44.94/ea,10.0,"more than 10 available / 21,310 sold",21310.0,"May 23, 2024 19:44:36 PDT","hackensack, new jersey, united states",for men,"['hackensack', 'new jersey', 'united states']",hackensack,new jersey,united states
189,valentino,valentino uomo born in roma intense 10ml spray for men .,eau de parfum,18.99,US $18.99,10.0,more than 10 available / 8 sold,8.0,"May 20, 2024 14:29:09 PDT","miami, florida, united states",for men,"['miami', 'florida', 'united states']",miami,florida,united states
190,hugo boss,hugo boss bottled night eau de toilette natural spray 1.6 oz - boxed,oil,17.95,US $17.95/ea,10.0,more than 10 available / 75 sold,75.0,"Apr 02, 2024 11:24:36 PDT","des moines, iowa, united states",for men,"['des moines', 'iowa', 'united states']",des moines,iowa,united states
191,giorgio armani,giorgio armani acqua di gio 3.4 oz men's eau de toilette cologne new & sealed,oil,29.95,US $29.95/ea,6.0,"6 available / 1,484 sold",1484.0,"May 23, 2024 21:10:46 PDT","warren, michigan, united states",for men,"['warren', 'michigan', 'united states']",warren,michigan,united states
192,polo,polo green by ralph lauren edt for men 4.0 oz - 118 ml new in box sealed,oil,36.99,US $36.99/ea,9.0,9 available / 257 sold,257.0,"May 24, 2024 06:07:15 PDT","laughlin, nevada, united states",for men,"['laughlin', 'nevada', 'united states']",laughlin,nevada,united states
193,mont blanc,mont blanc legend by mont blanc cologne for men edp 3.3 / 3.4 oz new in box,eau de perfume,36.81,US $36.81/ea,207.0,"207 available / 1,234 sold",1234.0,"May 24, 2024 09:22:44 PDT","dallas, texas, united states",for men,"['dallas', 'texas', 'united states']",dallas,texas,united states
194,dossier,dossier aromatic watermelon eau de parfum. size: 50ml / 1.7oz,eau de parfum,15.0,US $15.00,10.0,more than 10 available / 12 sold,12.0,"May 19, 2024 23:29:58 PDT","los angeles, california, united states",for men,"['los angeles', 'california', 'united states']",los angeles,california,united states
195,ralph lauren,polo blue by ralph lauren edt for men 6.7oz - 200ml *new in sealed box*,oil,49.99,US $49.99,10.0,more than 10 available / 243 sold,243.0,"Mar 12, 2024 08:24:51 PDT","miami, florida, united states",for men,"['miami', 'florida', 'united states']",miami,florida,united states
196,bharara,bharara king men 3.4 oz eau de parfum spray new in box,eau de parfum,53.99,US $53.99/ea,9.0,9 available / 512 sold,512.0,"May 24, 2024 05:27:02 PDT","melissa, texas, united states",for men,"['melissa', 'texas', 'united states']",melissa,texas,united states
197,tommy bahama,tommy bahama st. kitts / tommy bahama cologne spray 3.4 oz (100 ml) (m),cologne,22.98,US $22.98,3.0,3 available / 18 sold,18.0,"May 23, 2024 22:10:24 PDT","brooklyn, new york, united states",for men,"['brooklyn', 'new york', 'united states']",brooklyn,new york,united states
198,mont blanc,starwalker by mont blanc 2.5 oz edt cologne for men brand new tester,oil,22.24,US $22.24/ea,10.0,"more than 10 available / 1,424 sold",1424.0,"May 24, 2024 07:07:02 PDT","hackensack, new jersey, united states",for men,"['hackensack', 'new jersey', 'united states']",hackensack,new jersey,united states
199,dolce & gabbana,dolce & gabbana light blue men 4.2 oz eau de toilette spray brand new sealed!!,oil,28.5,US $28.50/ea,6.0,6 available / 566 sold,566.0,"May 23, 2024 22:20:26 PDT","grand rapids, michigan, united states",for men,"['grand rapids', 'michigan', 'united states']",grand rapids,michigan,united states
200,armaf,armaf ventana marine edp 3.4 oz / 100 ml for men (nib) sealed,eau de parfum,29.0,US $29.00,3.0,3 available / 57 sold,57.0,"May 20, 2024 18:06:47 PDT","brooklyn, new york, united states",for men,"['brooklyn', 'new york', 'united states']",brooklyn,new york,united states
201,paul sebastian,paul sebastian ps cologne spray 4.0 / 4 oz edc for men new tester,cologne,17.12,US $17.12/ea,310.0,310 available / 597 sold,597.0,"May 24, 2024 09:32:11 PDT","dallas, texas, united states",for men,"['dallas', 'texas', 'united states']",dallas,texas,united states
202,halloween,halloween men's man mystery edp 4.2 oz (tester) fragrances 8431754008615,fragrances,30.07,US $30.07,3.0,3 available / 25 sold,25.0,"May 23, 2024 19:44:52 PDT","brooklyn, new york, united states",for men,"['brooklyn', 'new york', 'united states']",brooklyn,new york,united states
203,boucheron,jaipur homme / boucheron edp spray 3.4 oz (m) (100 ml),eau de parfum,32.89,US $32.89,3.0,3 available / 61 sold,61.0,"May 24, 2024 03:08:22 PDT","brooklyn, new york, united states",for men,"['brooklyn', 'new york', 'united states']",brooklyn,new york,united states
204,thierry mugler,mugler cologne come together by thierry mugler 3.3 oz edt spray in sealed box,oil,59.99,US $59.99/ea,10.0,10 available / 221 sold,221.0,"May 23, 2024 21:56:49 PDT","katy, texas, united states",for men,"['katy', 'texas', 'united states']",katy,texas,united states
205,jo malone,jo malone cypress & grapevine by jo malone cologne intense spray 1.7 oz for men,cologne,63.99,US $63.99/ea,2.0,2 available / 6 sold,6.0,"May 21, 2024 18:24:52 PDT","harwood heights, illinois, united states",for men,"['harwood heights', 'illinois', 'united states']",harwood heights,illinois,united states
206,dolce & gabbana,dolce & gabbana pour homme men's edt cologne 4.2 oz new in box,oil,38.99,US $38.99/ea,5.0,5 available / 40 sold,40.0,"May 21, 2024 08:49:20 PDT","detroit, michigan, united states",for men,"['detroit', 'michigan', 'united states']",detroit,michigan,united states
207,giorgio armani,giorgio armani aqua di gio men's 3.4 oz edt classic scent brand new,oil,29.99,US $29.99/ea,6.0,6 available / 233 sold,233.0,"May 23, 2024 09:40:17 PDT","macomb, michigan, united states",for men,"['macomb', 'michigan', 'united states']",macomb,michigan,united states
208,issey miyake,l'eau d'issey by issey miyake  cologne for men 6.7 oz  new in box,oil,54.91,US $54.91,10.0,"more than 10 available / 2,206 sold",2206.0,"May 24, 2024 08:29:02 PDT","hackensack, new jersey, united states",for men,"['hackensack', 'new jersey', 'united states']",hackensack,new jersey,united states
209,parfums de marly,herod by parfums de marly 2.5 oz edp cologne for men new in box,eau de parfum,124.96,US $124.96,10.0,more than 10 available / 151 sold,151.0,"May 19, 2024 15:44:30 PDT","hackensack, new jersey, united states",for men,"['hackensack', 'new jersey', 'united states']",hackensack,new jersey,united states
210,unbranded,ysl yves saint laurent y eau de perfume spray cologne for men 3.3 oz 100ml,y,49.99,US $49.99/ea,8.0,8 available / 68 sold,68.0,"May 19, 2024 18:38:36 PDT","new jersey, united states",for men,"['new jersey', 'united states']",new jersey,,united states
211,khadlaj,khadlaj karus blu spice 3.4 edp new 🆕,eau de parfum,54.86,US $54.86,3.0,3 available / 4 sold,4.0,"May 23, 2024 22:14:29 PDT","brooklyn, new york, united states",for men,"['brooklyn', 'new york', 'united states']",brooklyn,new york,united states
212,hermès,terre d'hermes by hermes edt for men spray 6.7 oz / 200 ml *new in sealed box*,oil,99.99,US $99.99,10.0,more than 10 available / 65 sold,65.0,"Mar 12, 2024 09:30:20 PDT","miami, florida, united states",for men,"['miami', 'florida', 'united states']",miami,florida,united states
213,bath & body works,mahogany teakwood cologne 3.4oz spray collection bath and & body works ne🦋 2024,cologne,35.68,US $35.68/ea,9.0,9 available / 12 sold,12.0,,"chesapeake, virginia, united states",for men,"['chesapeake', 'virginia', 'united states']",chesapeake,virginia,united states
214,ralph lauren,polo double black 4.2 oz by ralph lauren mens eau de toilette spray new & sealed,oil,44.99,US $44.99/ea,6.0,6 available / 14 sold,14.0,"May 21, 2024 23:16:01 PDT","warren, michigan, united states",for men,"['warren', 'michigan', 'united states']",warren,michigan,united states
215,louis vuitton,louis vuitton imagination eau de parfum sample spray - 2ml/0.06oz,eau de parfum,21.95,US $21.95/ea,10.0,more than 10 available / 448 sold,448.0,"May 23, 2024 22:35:31 PDT","pearland, texas, united states",for men,"['pearland', 'texas', 'united states']",pearland,texas,united states
216,giorgio armani,giorgio armani acqua di gio 3.4 oz men's eau de toilette spray new & sealed,oil,29.99,US $29.99/ea,10.0,more than 10 available / 588 sold,588.0,"May 24, 2024 08:09:29 PDT","detroit, michigan, united states",for men,"['detroit', 'michigan', 'united states']",detroit,michigan,united states
217,dolce & gabbana,the one by dolce & gabbana 5 / 5.0 oz edt cologne for men new in box,oil,63.69,US $63.69/ea,2.0,"limited quantity available / 4,733 sold",4733.0,"May 24, 2024 10:18:07 PDT","hackensack, new jersey, united states",for men,"['hackensack', 'new jersey', 'united states']",hackensack,new jersey,united states
218,creed,"aventus by creed, 3.3 oz millesime edp spray for men",eau de parfum,259.09,US $259.09/ea,10.0,more than 10 available / 456 sold,456.0,"May 24, 2024 08:34:05 PDT","edison, new jersey, united states",for men,"['edison', 'new jersey', 'united states']",edison,new jersey,united states
219,mfk,aqua media cologne forte 70 ml / 2.4 oz new box,eau de parfum,119.99,US $119.99,6.0,6 available / 13 sold,13.0,"May 22, 2024 17:57:01 PDT","california usa taiwan, taiwan",for men,"['california usa taiwan', 'taiwan']",california usa taiwan,,taiwan
220,hermes,hermes men's terre d'hermes edt spray 0.42 oz fragrances 3346130013426,fragrances,19.73,US $19.73,3.0,3 available / 20 sold,20.0,"May 24, 2024 06:14:31 PDT","brooklyn, new york, united states",for men,"['brooklyn', 'new york', 'united states']",brooklyn,new york,united states
221,ralph lauren,ralph lauren polo black 4.2 oz men's edt cologne new sealed,oil,31.99,US $31.99/ea,5.0,5 available / 56 sold,56.0,"May 23, 2024 07:16:20 PDT","ecorse, michigan, united states",for men,"['ecorse', 'michigan', 'united states']",ecorse,michigan,united states
222,dolce & gabbana,dolce & gabbana light blue men 4.2 oz eau de toilette spray brand new sealed,oil,28.79,US $28.79/ea,9.0,9 available / 45 sold,45.0,"May 23, 2024 21:29:48 PDT","detroit, michigan, united states",for men,"['detroit', 'michigan', 'united states']",detroit,michigan,united states
223,fragrance,ysl yves saint laurent y eau de perfume spray cologne for men 3.3 oz 100ml,eau de parfum,46.99,US $46.99,2.0,2 available / 3 sold,3.0,"May 24, 2024 00:24:54 PDT","new city, new york, united states",for men,"['new city', 'new york', 'united states']",new city,new york,united states
224,versace,mini cologne versace pour homme for men brand new in box,oil,8.84,US $8.84/ea,10.0,"more than 10 available / 9,410 sold",9410.0,"May 23, 2024 09:06:49 PDT","hackensack, new jersey, united states",for men,"['hackensack', 'new jersey', 'united states']",hackensack,new jersey,united states
225,jean paul gaultier,jean paul gaultier le male le parfum 4.2 oz. eau de parfum intense spray. no box,eau de parfum,94.99,US $94.99/ea,10.0,"10 available / 1,024 sold",1024.0,"May 24, 2024 08:44:57 PDT","katy, texas, united states",for men,"['katy', 'texas', 'united states']",katy,texas,united states
226,yves saint laurent,y by yves saint laurent le parfum for men 3.3 oz / 100 ml *new in box*,eau de perfume,94.99,US $94.99,10.0,more than 10 available / 581 sold,581.0,"May 14, 2024 07:23:28 PDT","miami, florida, united states",for men,"['miami', 'florida', 'united states']",miami,florida,united states
227,yves saint laurent,la nuit de l'homme by yves saint laurent cologne edt 3.3 / 3.4 oz new in box,oil,70.66,US $70.66/ea,199.0,199 available / 720 sold,720.0,"May 24, 2024 07:28:09 PDT","dallas, texas, united states",for men,"['dallas', 'texas', 'united states']",dallas,texas,united states
228,as shown,homme by christian 3.4 oz / 100ml cologne eau de toilette edt for men new in box,oil,52.99,US $52.99/ea,5.0,5 available / 34 sold,34.0,"May 22, 2024 17:39:13 PDT","usa,california, hong kong",for men,"['usa', 'california', 'hong kong']",usa,california,china
229,chanel,chanel allure homme sport eau extreme 3.4oz 100ml new authentic tes ter bottle,eau de parfum,129.0,US $129.00,3.0,3 available / 11 sold,11.0,"May 21, 2024 18:08:59 PDT","houston, texas, united states",for men,"['houston', 'texas', 'united states']",houston,texas,united states
230,jean paul gaultier,le male by jean paul gaultier 4.2 fl oz edt cologne for men brand new in box,oil,51.99,US $51.99/ea,10.0,more than 10 available / 248 sold,248.0,"May 24, 2024 10:17:45 PDT","detroit, michigan, united states",for men,"['detroit', 'michigan', 'united states']",detroit,michigan,united states
231,roja,"elysium by roja parfums, 3.4 oz parfum cologne spray for men",gift sets,202.95,US $202.95/ea,2.0,2 available / 18 sold,18.0,"May 24, 2024 07:55:27 PDT","edison, new jersey, united states",for men,"['edison', 'new jersey', 'united states']",edison,new jersey,united states
232,maison alhambra,maison alhambra men's salvo intense edp 3.4 oz fragrances 6291108733486,fragrances,19.73,US $19.73,3.0,3 available / 18 sold,18.0,"May 24, 2024 05:44:31 PDT","brooklyn, new york, united states",for men,"['brooklyn', 'new york', 'united states']",brooklyn,new york,united states
233,lalique,"brioni intense by brioni, 3.4 oz edp spray for men",eau de parfum,57.46,US $57.46/ea,10.0,more than 10 available / 202 sold,202.0,"May 24, 2024 08:50:39 PDT","edison, new jersey, united states",for men,"['edison', 'new jersey', 'united states']",edison,new jersey,united states
234,jean paul gaultier,le male by jean paul gaultier 4.2 fl oz eau de toilette spray men's new & sealed,oil,45.49,US $45.49/ea,2.0,2 available / 116 sold,116.0,"May 24, 2024 03:20:23 PDT","cincinnati, ohio, united states",for men,"['cincinnati', 'ohio', 'united states']",cincinnati,ohio,united states
235,penhaligon's,vintage penhaligon's london sartorial edt 10ml sprayer,oil,55.0,US $55.00,4.0,4 available / 1 sold,1.0,"May 20, 2024 15:45:43 PDT","melbourne, florida, united states",for men,"['melbourne', 'florida', 'united states']",melbourne,florida,united states
236,dior,dior sauvage by christian dior edt men 100 ml 3.4 oz brand new & sealed box,oil,84.99,US $84.99/ea,9.0,9 available / 16 sold,16.0,"May 24, 2024 05:54:57 PDT","warren, michigan, united states",for men,"['warren', 'michigan', 'united states']",warren,michigan,united states
237,liz claiborne,curve for men by liz claiborne 4.2 oz edt cologne spray new in can / tin,oil,27.03,US $27.03/ea,101.0,"101 available / 1,337 sold",1337.0,"May 21, 2024 11:23:08 PDT","dallas, texas, united states",for men,"['dallas', 'texas', 'united states']",dallas,texas,united states
238,bvlgari,new men's edt bvlgari pour homme eau de toilette spray 3.4 fl oz sealed in box,oil,45.69,US $45.69/ea,8.0,8 available / 31 sold,31.0,"May 15, 2024 03:14:10 PDT","houston, texas, hongkong, china",for men,"['houston', 'texas', 'hongkong', 'china']",houston,,china
239,unbranded,1/2pcs 50ml men's pheromone-cupid infused perfume- hypnosis cologne fragrances,eau de perfume,12.98,US $12.98,10.0,10 available / 103 sold,103.0,"May 24, 2024 10:10:30 PDT","perth amboy, new jersey, united states",for men,"['perth amboy', 'new jersey', 'united states']",perth amboy,new jersey,united states
240,by al hambra,yeah! by maison alhambra  3.4/3.3 oz edp spray for men new in box,eau de parfum,25.7,US $25.70/ea,10.0,more than 10 available / 72 sold,72.0,"Apr 12, 2024 07:43:55 PDT","new york, new york, united states",for men,"['new york', 'new york', 'united states']",new york,new york,united states
241,giorgio armani,acqua di gio by giorgio armani 6.7 oz spray eau de toilette mens new & sealed,oil,45.99,US $45.99,1.0,last one / 101 sold,101.0,"May 24, 2024 02:49:19 PDT","pfafftown, north carolina, united states",for men,"['pfafftown', 'north carolina', 'united states']",pfafftown,north carolina,united states
242,paco rabanne,1 million by paco rabanne 3.4 oz edt cologne for men new tester,oil,47.99,US $47.99/ea,2.0,"limited quantity available / 8,877 sold",8877.0,"May 23, 2024 20:23:14 PDT","hackensack, new jersey, united states",for men,"['hackensack', 'new jersey', 'united states']",hackensack,new jersey,united states
243,polo,ralph lauren polo blue men's 4.2 oz 125 ml eau de toilette spray new sealed,oil,32.0,US $32.00/ea,4.0,4 available / 445 sold,445.0,"May 23, 2024 23:12:15 PDT","bethpage, new york, united states",for men,"['bethpage', 'new york', 'united states']",bethpage,new york,united states
244,joop,joop! men's joop! homme le parfum edp spray 4.2 oz fragrances 3616303040512,fragrances,38.53,US $38.53,3.0,3 available / 33 sold,33.0,"May 23, 2024 09:32:48 PDT","brooklyn, new york, united states",for men,"['brooklyn', 'new york', 'united states']",brooklyn,new york,united states
245,versace,versace pour homme by versace edt for men 3.4 oz / 100 ml  *new*,oil,37.99,US $37.99,10.0,more than 10 available / 26 sold,26.0,"Mar 01, 2024 11:28:05 PST","miami, florida, united states",for men,"['miami', 'florida', 'united states']",miami,florida,united states
246,chanel,"chanel bleu de chanel parfum pour homme men's sample spray .05oz, 1.5ml",eau de perfume,13.89,US $13.89,3.0,3 available / 239 sold,239.0,"May 24, 2024 00:31:06 PDT","phillipsburg, new jersey, united states",for men,"['phillipsburg', 'new jersey', 'united states']",phillipsburg,new jersey,united states
247,as shown,male eau de toilette 3.4 oz / 100 ml edt spray for men new in seald box usa,oil,49.99,US $49.99,5.0,5 available / 24 sold,24.0,"May 22, 2024 17:27:49 PDT","hongkong/california, hong kong",for men,"['hongkong/california', 'hong kong']",hongkong/california,,china
248,ted lapidus,ted lapidus men's poker face edt 3.4 oz fragrances 3355992008341,fragrances,28.65,US $28.65,3.0,3 available / 9 sold,9.0,"May 22, 2024 21:26:49 PDT","brooklyn, new york, united states",for men,"['brooklyn', 'new york', 'united states']",brooklyn,new york,united states
249,dossier,dossier musky oakmoss eau de parfum. size: 50ml / 1.7oz,eau de parfum,29.0,US $29.00,1.0,last one / 19 sold,19.0,"May 05, 2024 23:18:46 PDT","los angeles, california, united states",for men,"['los angeles', 'california', 'united states']",los angeles,california,united states
250,as shown,eros 3.4 oz / 100ml edp spray for men new sealed in box,oil,35.99,US $35.99,10.0,10 available / 51 sold,51.0,"May 23, 2024 19:47:23 PDT","new york,usa, hong kong",for men,"['new york', 'usa', 'hong kong']",new york,usa,china
251,paco rabanne,paco rabanne invictus 3.4oz eau de toilette men's cologne sealed,oil,39.99,US $39.99/ea,10.0,more than 10 available / 16 sold,16.0,"May 23, 2024 08:37:31 PDT","ecorse, michigan, united states",for men,"['ecorse', 'michigan', 'united states']",ecorse,michigan,united states
252,ralph lauren,"polo black by ralph lauren 4.2 oz / 125 ml – men's edt, original sealed box",oil,31.99,US $31.99/ea,6.0,6 available / 44 sold,44.0,"May 24, 2024 08:35:47 PDT","dearborn, michigan, united states",for men,"['dearborn', 'michigan', 'united states']",dearborn,michigan,united states
253,versace,versace eros flame by versace 3.4 oz edp cologne parfum for men new in box,eau de parfum,36.99,US $36.99,9.0,9 available / 37 sold,37.0,"May 24, 2024 00:16:00 PDT","toronto,ontario, canada",for men,"['toronto', 'ontario', 'canada']",toronto,ontario,canada
254,unbranded,hawas for men eau de parfum - 100ml (3.4 oz) by rasasi y1,eau de parfum,54.99,US $54.99,2.0,2 available / 6 sold,6.0,"May 24, 2024 00:56:01 PDT","los angeles, california, united states",for men,"['los angeles', 'california', 'united states']",los angeles,california,united states
255,unbranded,"cupid hypnosis cologne for men cupid fragrances for men, cupid cologne for men--",fragrance rolling ball,15.99,US $15.99,10.0,more than 10 available / 62 sold,62.0,"May 21, 2024 19:32:25 PDT","los angeles, california, united states",for men,"['los angeles', 'california', 'united states']",los angeles,california,united states
256,paco rabanne,paco rabanne invictus 3.4 oz edt sporty men's cologne energizing scent sealed,oil,39.99,US $39.99/ea,10.0,more than 10 available / 118 sold,118.0,"May 17, 2024 10:37:39 PDT","southgate, michigan, united states",for men,"['southgate', 'michigan', 'united states']",southgate,michigan,united states
257,dolce & gabbana,"light blue eau intense by dolce & gabbana, 6.7 oz edp spray for men",eau de parfum,69.02,US $69.02/ea,10.0,more than 10 available / 370 sold,370.0,"May 24, 2024 07:14:08 PDT","edison, new jersey, united states",for men,"['edison', 'new jersey', 'united states']",edison,new jersey,united states
258,dossier,dossier musky oakmoss eau de parfum natural fragrance 1.7 oz cologne new no box,eau de parfum,22.99,US $22.99,10.0,more than 10 available / 52 sold,52.0,"May 17, 2024 11:39:08 PDT","bogota, new jersey, united states",for men,"['bogota', 'new jersey', 'united states']",bogota,new jersey,united states
259,axe,6 - axe fragrance premium body spray 1 oz - black vanilla + $3 off retail,body spray,11.99,US $11.99/ea,5.0,5 available / 15 sold,15.0,"May 08, 2024 15:39:55 PDT","euless, texas, united states",for men,"['euless', 'texas', 'united states']",euless,texas,united states
260,dolce & gabbana,"dolce & gabbana light blue for men - invigorating 4.2oz edt spray, new",oil,29.99,US $29.99/ea,7.0,7 available / 51 sold,51.0,"May 22, 2024 08:29:15 PDT","dearborn heights, michigan, united states",for men,"['dearborn heights', 'michigan', 'united states']",dearborn heights,michigan,united states
261,azzaro,azzaro pour homme by azzaro cologne edt 3.3 / 3.4 oz new tester,oil,18.1,US $18.10/ea,84.0,84 available / 210 sold,210.0,"May 21, 2024 09:40:06 PDT","dallas, texas, united states",for men,"['dallas', 'texas', 'united states']",dallas,texas,united states
262,calvin klein,calvin klein eternity air 3.4 oz edt spray mens cologne 100ml nib,oil,28.99,US $28.99/ea,10.0,more than 10 available / 124 sold,124.0,"May 05, 2024 01:21:25 PDT","edison, new jersey, united states",for men,"['edison', 'new jersey', 'united states']",edison,new jersey,united states
263,yves saint laurent,y by yves saint laurent cologne for men edt 3.3 / 3.4 oz new,oil,57.17,US $57.17/ea,7.0,7 available / 210 sold,210.0,"May 24, 2024 01:43:21 PDT","dallas, texas, united states",for men,"['dallas', 'texas', 'united states']",dallas,texas,united states
264,as shown,men's fahrenheit eau de toilette cologne spray 3.4oz / 100 ml new in box sealed,oil,9.61,US $9.61,1.0,last one / 17 sold,17.0,"May 20, 2024 19:45:54 PDT","new york, hong kong",for men,"['new york', 'hong kong']",new york,,china
265,paco rabanne,paco rabanne invictus edt 3.4 oz | men's cologne,oil,39.99,US $39.99/ea,3.0,3 available / 3 sold,3.0,"May 08, 2024 14:29:55 PDT","27704, united states",for men,"['27704', 'united states']",27704,,united states
266,giorgio armani,acqua di gio profumo by giorgio armani 4.2oz cologne for men new in box,eau de parfum,138.99,US $138.99,4.0,4 available / 6 sold,6.0,"May 16, 2024 02:12:52 PDT","new york,united states, hong kong",for men,"['new york', 'united states', 'hong kong']",new york,united states,china
267,ralph lauren,"polo red by ralph lauren men's 6.7oz edt - vibrant scent, sealed new",oil,44.49,US $44.49/ea,5.0,5 available / 4 sold,4.0,"May 18, 2024 08:26:37 PDT","flat lick, kentucky, united states",for men,"['flat lick', 'kentucky', 'united states']",flat lick,kentucky,united states
268,afnan,afnan men's supremacy in heaven edp spray 3.38 oz/100ml (tester) fragrances,fragrances,23.49,US $23.49,3.0,3 available / 14 sold,14.0,"May 23, 2024 21:50:21 PDT","brooklyn, new york, united states",for men,"['brooklyn', 'new york', 'united states']",brooklyn,new york,united states
269,giorgio armani,giorgio armani acqua di gio 3.4 oz men's eau de toilette spray new & sealed box,oil,29.99,US $29.99/ea,10.0,more than 10 available / 179 sold,179.0,"May 24, 2024 07:53:38 PDT","ecorse, michigan, united states",for men,"['ecorse', 'michigan', 'united states']",ecorse,michigan,united states
270,ralph lauren,*brand new 2024 release* polo 67 by ralph lauren - 10ml travel sample - nice!!!!,oil,22.99,US $22.99/ea,6.0,6 available / 14 sold,14.0,"May 12, 2024 17:06:25 PDT","brooklyn, new york, united states",for men,"['brooklyn', 'new york', 'united states']",brooklyn,new york,united states
271,versace,"versace 4pc miniature gift set for men eau fraiche, dylan blue, eros, pour homme",gift sets,29.19,US $29.19,10.0,"more than 10 available / 1,787 sold",1787.0,"May 24, 2024 06:34:25 PDT","miami, florida, united states",for men,"['miami', 'florida', 'united states']",miami,florida,united states
272,lomani,ab spirit millionaire by lomani men 3.3 oz 3.4 edt cologne new in box,oil,16.39,US $16.39/ea,31.0,"31 available / 1,630 sold",1630.0,"May 24, 2024 10:18:08 PDT","dallas, texas, united states",for men,"['dallas', 'texas', 'united states']",dallas,texas,united states
273,king,king of kings royal blue parfum 3.4 oz for men is a wonderful men's fragrance,eau de perfume,79.99,US $79.99,7.0,7 available / 43 sold,43.0,"May 21, 2024 12:02:21 PDT","north brunswick, new jersey, united states",for men,"['north brunswick', 'new jersey', 'united states']",north brunswick,new jersey,united states
274,secertmu,new 2024 sexy cologne cupid hypnosis long lasting pheromone perfume for men us !,eau de perfume,7.96,US $7.96,10.0,more than 10 available / 38 sold,38.0,"Feb 22, 2024 02:08:53 PST","san francisco, california, united states",for men,"['san francisco', 'california', 'united states']",san francisco,california,united states
275,paco rabanne,1 million by paco rabanne 3.4 fl oz / 100 ml parfum spray men's new & sealed,eau de perfume,69.99,US $69.99/ea,9.0,9 available / 2 sold,2.0,"May 24, 2024 05:54:34 PDT","warren, michigan, united states",for men,"['warren', 'michigan', 'united states']",warren,michigan,united states
276,jean paul gaultier,jean paul gaultier le male le parfum eau de parfume spray 125ml  fast shipping,oil,92.0,US $92.00,3.0,3 available / 37 sold,37.0,"May 19, 2024 11:37:40 PDT","new york, united states",for men,"['new york', 'united states']",new york,,united states
277,carolina herrera,carolina herrera 212 men nyc edt 3.4oz luxury men's fragrance sealed,oil,39.99,US $39.99/ea,6.0,6 available / 25 sold,25.0,"May 23, 2024 09:08:21 PDT","detroit, michigan, united states",for men,"['detroit', 'michigan', 'united states']",detroit,michigan,united states
278,as shown,y*s*l y eau de parfum 3.3 oz / 100 ml edp fragrance spray for men new in box,eau de parfum,49.99,US $49.99/ea,5.0,5 available / 43 sold,43.0,"May 22, 2024 18:23:23 PDT","usa,california, hong kong",for men,"['usa', 'california', 'hong kong']",usa,california,china
279,afnan,supremacy in heaven by afnan 3.4 oz edp cologne for men new in box,eau de parfum,25.86,US $25.86/ea,13.0,13 available / 55 sold,55.0,"May 21, 2024 08:20:51 PDT","melissa, texas, united states",for men,"['melissa', 'texas', 'united states']",melissa,texas,united states
280,dolce & gabbana,d&g dolce & gabbana the one for men edt intense luminous .8ml samples try all 4,eau de parfum,16.0,US $16.00,10.0,more than 10 available / 41 sold,41.0,,"albany, new york, united states",for men,"['albany', 'new york', 'united states']",albany,new york,united states
281,jean paul gaultier,jean paul gaultier le male le parfum eau de parfume spray 125ml,oil,92.0,US $92.00,3.0,3 available / 29 sold,29.0,"May 20, 2024 23:59:09 PDT","new york, united states",for men,"['new york', 'united states']",new york,,united states
282,ralph lauren,polo red intense by ralph lauren 2.5 oz / 75 ml edp spy cologne for men homme,eau de parfum,89.25,US $89.25/ea,10.0,more than 10 available / 39 sold,39.0,"May 17, 2024 09:28:09 PDT","lynwood, california, united states",for men,"['lynwood', 'california', 'united states']",lynwood,california,united states
283,dior,dior sauvage eau de toilette 3.4 oz 100ml brand new sealed in box free,oil,84.99,US $84.99/ea,9.0,9 available / 13 sold,13.0,"May 22, 2024 05:35:53 PDT","warren, michigan, united states",for men,"['warren', 'michigan', 'united states']",warren,michigan,united states
284,burberry,burberry touch by burberry edt cologne for men 3.3 / 3.4 oz brand new tester,oil,28.25,US $28.25/ea,10.0,"more than 10 available / 12,583 sold",12583.0,"May 24, 2024 07:53:46 PDT","hackensack, new jersey, united states",for men,"['hackensack', 'new jersey', 'united states']",hackensack,new jersey,united states
285,giorgio armani,armani code giorgio armani parfum mini bottle splash 7 ml 0.23 fl oz new,eau de parfum,15.99,US $15.99/ea,10.0,more than 10 available / 20 sold,20.0,,"woodbridge, virginia, united states",for men,"['woodbridge', 'virginia', 'united states']",woodbridge,virginia,united states
286,dior,dior sauvage by christian dior edt men 100 ml 3.4 oz brand new & sealed box,oil,84.99,US $84.99/ea,10.0,more than 10 available / 51 sold,51.0,"May 06, 2024 04:40:12 PDT","sterling heights, michigan, united states",for men,"['sterling heights', 'michigan', 'united states']",sterling heights,michigan,united states
287,abercrombie & fitch,abercrombie & fitch fierce 3.4 oz /100ml eau de cologne for men brand new sealed,cologne,38.99,US $38.99/ea,10.0,more than 10 available / 919 sold,919.0,"May 24, 2024 08:09:49 PDT","detroit, michigan, united states",for men,"['detroit', 'michigan', 'united states']",detroit,michigan,united states
288,rue21,rue 21 cj black cologne spray  1.7 fl. oz  new without box,cologne,25.0,US $25.00/ea,4.0,4 available / 22 sold,22.0,"May 24, 2024 02:35:10 PDT","chesapeake, virginia, united states",for men,"['chesapeake', 'virginia', 'united states']",chesapeake,virginia,united states
289,unbranded,givenchy gentleman 3.3oz.eau de toilette intense spray for men new in sealed box,oil,39.99,US $39.99/ea,5.0,5 available / 18 sold,18.0,"May 05, 2024 23:09:40 PDT","california, united states, hong kong",for men,"['california', 'united states', 'hong kong']",california,united states,china
290,giorgio armani,acqua di gio giorgio armani for men edp 0.5 fl oz 15ml. travel size spray new,eau de parfum,19.95,US $19.95,10.0,more than 10 available / 6 sold,6.0,,"stafford, texas, united states",for men,"['stafford', 'texas', 'united states']",stafford,texas,united states
291,roja dove,roja dove harrods aoud parfum cologne 3.4oz 100ml for unisex new in box,eau de parfum,129.99,US $129.99/ea,6.0,6 available / 25 sold,25.0,"May 05, 2024 18:27:16 PDT","pomona, california, united states",for men,"['pomona', 'california', 'united states']",pomona,california,united states
292,tommy hilfiger,impact tommy hilfiger 3.4 oz edt + travel spray 0.14 oz cologne men new in box,oil,31.99,US $31.99,1.0,last one / 40 sold,40.0,"May 23, 2024 17:25:38 PDT","hackensack, new jersey, united states",for men,"['hackensack', 'new jersey', 'united states']",hackensack,new jersey,united states
293,creed,creed aventus men eau de parfum vial spray size 2.5 ml on card new,eau de parfum,15.99,US $15.99,10.0,more than 10 available / 655 sold,655.0,"May 19, 2024 08:37:16 PDT","new york, new york, united states",for men,"['new york', 'new york', 'united states']",new york,new york,united states
294,yves saint laurent,new yves saint laurent y intense eau de parfum edp spray for men 3.3 oz/100 ml,eau de parfum,46.48,US $46.48/ea,8.0,8 available / 7 sold,7.0,"May 24, 2024 01:20:40 PDT","houston, texas,hongkong, china",for men,"['houston', 'texas', 'hongkong', 'china']",houston,,china
295,lattafa,raghba for man edp spray 100ml (3.4 fl.oz)+free deodorant spray by lattafa,eau de parfum,18.99,US $18.99/ea,10.0,10 available / 139 sold,139.0,"May 22, 2024 12:31:45 PDT","falls church, virginia, united states",for men,"['falls church', 'virginia', 'united states']",falls church,virginia,united states
296,tom ford,tom ford noir extreme by tom ford 3.4 oz edp cologne for men new in box,eau de parfum,116.54,US $116.54/ea,2.0,limited quantity available / 262 sold,262.0,"May 23, 2024 21:59:23 PDT","hackensack, new jersey, united states",for men,"['hackensack', 'new jersey', 'united states']",hackensack,new jersey,united states
297,louis vuitton,louis vuitton ombre nomade eau de parfum sample spray - 2ml/0.06oz,eau de parfum,22.95,US $22.95/ea,9.0,9 available / 647 sold,647.0,"Apr 21, 2024 21:21:42 PDT","pearland, texas, united states",for men,"['pearland', 'texas', 'united states']",pearland,texas,united states
298,bharara,"bharara king pure parfum by bharara 3.4 for men, new launch 2023",eau de perfume,71.49,US $71.49/ea,4.0,4 available / 31 sold,31.0,"May 22, 2024 16:32:10 PDT","melissa, texas, united states",for men,"['melissa', 'texas', 'united states']",melissa,texas,united states
299,davidoff,cool water by davidoff 4.2 oz eau de toilette spray cologne for men new in box,oil,24.49,US $24.49/ea,4.0,4 available / 71 sold,71.0,"May 24, 2024 03:36:50 PDT","las vegas, nevada, united states",for men,"['las vegas', 'nevada', 'united states']",las vegas,nevada,united states
300,unbranded,sealed new cupid hypnosis men’s pheromone cologne 1.7 oz | meet more hot women🔥,eau de perfume,15.99,US $15.99,10.0,more than 10 available / 7 sold,7.0,"May 22, 2024 19:01:20 PDT","houston, texas, united states",for men,"['houston', 'texas', 'united states']",houston,texas,united states
301,ralph lauren,polo blue by ralph lauren 4.2 oz / 125ml edt spray cologne for men new & sealed,oil,34.99,US $34.99/ea,10.0,more than 10 available / 457 sold,457.0,"May 21, 2024 09:49:10 PDT","detroit, michigan, united states",for men,"['detroit', 'michigan', 'united states']",detroit,michigan,united states
302,cologne,dr. squatch fireside bourbon natural cologne made in usa full size new !,cologne,41.99,US $41.99,10.0,10 available / 15 sold,15.0,"May 02, 2024 21:01:55 PDT","fredericksburg, virginia, united states",for men,"['fredericksburg', 'virginia', 'united states']",fredericksburg,virginia,united states
303,al wataniah,al wataniah kayaan classic 3.4oz edp,eau de parfum,35.0,US $35.00,10.0,more than 10 available / 36 sold,36.0,"Apr 30, 2024 08:56:26 PDT","englewood cliffs, new jersey, united states",for men,"['englewood cliffs', 'new jersey', 'united states']",englewood cliffs,new jersey,united states
304,hermès,"hermes terre d'hermes parfum pure perfume sample spray .06oz, 2ml new in card",eau de parfum,8.49,US $8.49,5.0,5 available / 131 sold,131.0,"May 24, 2024 00:33:39 PDT","phillipsburg, new jersey, united states",for men,"['phillipsburg', 'new jersey', 'united states']",phillipsburg,new jersey,united states
305,ralph lauren,ralph lauren polo black 4.2 oz edt sophisticated men's cologne sealed box,oil,31.99,US $31.99/ea,10.0,more than 10 available / 103 sold,103.0,"May 19, 2024 07:45:31 PDT","southgate, michigan, united states",for men,"['southgate', 'michigan', 'united states']",southgate,michigan,united states
306,gucci,gucci guilty cologne for men edt 3oz luxurious daring adventure,eau de parfum,49.99,US $49.99/ea,10.0,more than 10 available / 78 sold,78.0,"May 24, 2024 07:13:24 PDT","detroit, michigan, united states",for men,"['detroit', 'michigan', 'united states']",detroit,michigan,united states
307,joop,joop men's joop homme wild edt 4.2 oz (tester) fragrances 3607345849980,fragrances,23.49,US $23.49,1.0,last one / 29 sold,29.0,"May 22, 2024 13:27:09 PDT","brooklyn, new york, united states",for men,"['brooklyn', 'new york', 'united states']",brooklyn,new york,united states
308,burberry,burberry touch for men 3.4oz edt cologne new in box,oil,30.95,US $30.95/ea,6.0,6 available / 36 sold,36.0,"May 24, 2024 09:46:46 PDT","dearborn heights, michigan, united states",for men,"['dearborn heights', 'michigan', 'united states']",dearborn heights,michigan,united states
309,aramis,aramis edt 3.7 oz cologne for men,oil,19.99,US $19.99,3.0,3 available / 8 sold,8.0,"May 21, 2024 19:02:41 PDT","oneida, tennessee, united states",for men,"['oneida', 'tennessee', 'united states']",oneida,tennessee,united states
310,macarena,version prada luna rossa carbon /attitude noir for men 3.4 oz fo,eau de parfum,19.99,US $19.99,10.0,more than 10 available / 122 sold,122.0,"Apr 28, 2024 09:27:00 PDT","north brunswick, new jersey, united states",for men,"['north brunswick', 'new jersey', 'united states']",north brunswick,new jersey,united states
311,bentley,bentley intense by bentley 3.4 oz edp cologne for men new in box,eau de parfum,29.12,US $29.12,1.0,"last one / 5,145 sold",5145.0,"May 24, 2024 01:45:52 PDT","hackensack, new jersey, united states",for men,"['hackensack', 'new jersey', 'united states']",hackensack,new jersey,united states
312,versace,versace eros for men 3.4 fl oz eau de toilette spray,oil,39.99,US $39.99,3.0,3 available / 4 sold,4.0,"May 24, 2024 08:24:47 PDT","egg harbor township, new jersey, united states",for men,"['egg harbor township', 'new jersey', 'united states']",egg harbor township,new jersey,united states
313,giorgio armani,armani code by giorgio armani 2.5 oz edt cologne for men new in box,oil,38.25,US $38.25/ea,10.0,more than 10 available / 363 sold,363.0,"May 23, 2024 07:39:28 PDT","ecorse, michigan, united states",for men,"['ecorse', 'michigan', 'united states']",ecorse,michigan,united states
314,giorgio armani,giorgio armani acqua di gio 6.7 oz / 200 ml men's eau de toilette spray,oil,48.95,US $48.95/ea,10.0,more than 10 available / 969 sold,969.0,"May 23, 2024 08:07:24 PDT","detroit, michigan, united states",for men,"['detroit', 'michigan', 'united states']",detroit,michigan,united states
315,azzaro,azzaro the most wanted for men 3.4 fl oz eau de parfum intense spray,eau de parfum,93.05,US $93.05,3.0,3 available / 21 sold,21.0,"May 23, 2024 04:02:53 PDT","brooklyn, new york, united states",for men,"['brooklyn', 'new york', 'united states']",brooklyn,new york,united states
316,valentino,valentino uomo born in roma eau de toilette travel spray 15ml / 0.5 oz for men,oil,36.99,US $36.99,1.0,last one / 32 sold,32.0,"May 22, 2024 20:37:35 PDT","los angeles, california, united states",for men,"['los angeles', 'california', 'united states']",los angeles,california,united states
317,armaf,armaf odyssey edp spray men 3.4 oz,eau de parfum,27.5,US $27.50,10.0,more than 10 available / 427 sold,427.0,"May 24, 2024 08:44:53 PDT","edison, new jersey, united states",for men,"['edison', 'new jersey', 'united states']",edison,new jersey,united states
318,coach,coach new york by coach cologne for men edt 3.3 / 3.4 oz new in box,oil,36.15,US $36.15/ea,487.0,"487 available / 7,592 sold",7592.0,"May 24, 2024 01:43:19 PDT","dallas, texas, united states",for men,"['dallas', 'texas', 'united states']",dallas,texas,united states
319,ralph lauren,polo green set by ralph lauren edt for men 4.0 oz - 118 ml /15ml *new in box*,oil,44.99,US $44.99,10.0,more than 10 available / 27 sold,27.0,"May 08, 2024 10:18:58 PDT","miami, florida, united states",for men,"['miami', 'florida', 'united states']",miami,florida,united states
320,coty,jovan sex appeal by coty men 3.0 3 oz 88 ml *cologne* spray new in box,cologne,16.9,US $16.90/ea,4.0,4 available / 34 sold,34.0,"May 07, 2024 11:07:48 PDT","midway city, california, united states",for men,"['midway city', 'california', 'united states']",midway city,california,united states
321,azzaro,azzaro the most wanted men's eau de parfum intense sprays 1.5ml /0.05oz x 2,eau de parfum,9.99,US $9.99,10.0,more than 10 available / 19 sold,19.0,"May 17, 2024 14:13:59 PDT","san gabriel, california, united states",for men,"['san gabriel', 'california', 'united states']",san gabriel,california,united states
322,calvin klein,ck one by calvin klein eau de toilette 3.3 fl oz  100 ml brand new free shipping,oil,19.99,US $19.99/ea,3.0,3 available / 4 sold,4.0,"May 23, 2024 03:58:47 PDT","las vegas, nevada, united states",for men,"['las vegas', 'nevada', 'united states']",las vegas,nevada,united states
323,armaf,armaf club de nuit untold 105ml/3.6oz eau de parfum unisex spray - new | sealed,eau de parfum,43.45,US $43.45/ea,10.0,more than 10 available / 955 sold,955.0,"May 17, 2024 11:40:16 PDT","houston, texas, united states",for men,"['houston', 'texas', 'united states']",houston,texas,united states
324,tommy bahama,tommy bahama maritime voyage for him men 4.2 oz 1.25 ml cologne spray new in box,cologne,31.95,US $31.95/ea,2.0,2 available / 10 sold,10.0,"May 18, 2024 19:41:43 PDT","tx, united states",for men,"['tx', 'united states']",tx,,united states
325,bharara,bharara king eau de parfum edp for men 6.7 oz - 200ml new in box sealed,eau de parfum,78.99,US $78.99,10.0,more than 10 available / 142 sold,142.0,"May 03, 2024 14:45:35 PDT","miami, florida, united states",for men,"['miami', 'florida', 'united states']",miami,florida,united states
326,lattafa,lattafa men's ramz silver edp spray 3.38 oz fragrances 6291106066722,eau de parfum,25.79,US $25.79,3.0,3 available / 11 sold,11.0,"May 23, 2024 23:20:23 PDT","brooklyn, new york, united states",for men,"['brooklyn', 'new york', 'united states']",brooklyn,new york,united states
327,lanvin,lanvin l'homme by lanvin cologne l homme for men 3.4 oz edt new in box,oil,17.99,US $17.99/ea,138.0,"138 available / 1,955 sold",1955.0,"May 24, 2024 09:10:18 PDT","dallas, texas, united states",for men,"['dallas', 'texas', 'united states']",dallas,texas,united states
328,yves saint laurent,y by yves saint laurent le parfum 3.3 oz / 100 ml spray new & sealed in box,le parfum,60.99,US $60.99/ea,2.0,2 available / 16 sold,16.0,"May 24, 2024 02:09:23 PDT","houston, texas, united states",for men,"['houston', 'texas', 'united states']",houston,texas,united states
329,versace,versace dylan blue by gianni versace 3.4 oz edt cologne for men new tester,oil,41.98,US $41.98/ea,66.0,"66 available / 4,234 sold",4234.0,"May 23, 2024 15:18:17 PDT","dallas, texas, united states",for men,"['dallas', 'texas', 'united states']",dallas,texas,united states
330,as shown,for millesime imperial cologne perfume 3.3 oz 100ml for men women unisex nib,eau de perfume,124.99,US $124.99,4.0,4 available / 13 sold,13.0,"May 24, 2024 10:01:25 PDT","taiwan, taiwan",for men,"['taiwan', 'taiwan']",taiwan,,taiwan
331,cologne,cool water cologne by davidoff 2.5 oz eau de toilette spray new in sealed box,oil,19.9,US $19.90/ea,10.0,more than 10 available / 294 sold,294.0,"May 02, 2024 13:48:09 PDT","rochester, new york, united states",for men,"['rochester', 'new york', 'united states']",rochester,new york,united states
332,salvatore ferragamo,salvatore ferragamo acqua essenziale eau de toilette spray for men 3.4 oz,oil,23.0,US $23.00/ea,6.0,6 available / 9 sold,9.0,"May 13, 2024 09:37:01 PDT","glendora, california, united states",for men,"['glendora', 'california', 'united states']",glendora,california,united states
333,as shown,mens cologne 3.4oz y perfume eau de parfum 100ml spray for men new in box,eau de parfum,49.99,US $49.99,8.0,8 available / 25 sold,25.0,"May 24, 2024 00:24:35 PDT","california or hong kong, hong kong",for men,"['california or hong kong', 'hong kong']",california or hong kong,,china
334,afnan,supremacy not only intense by afnan 3.4 oz edp cologne for men new in box,eau de parfum,37.89,US $37.89,2.0,"limited quantity available / 1,242 sold",1242.0,"May 24, 2024 06:55:05 PDT","hackensack, new jersey, united states",for men,"['hackensack', 'new jersey', 'united states']",hackensack,new jersey,united states
335,armaf,tag - him pour homme by armaf cologne edp 3.3 / 3.4 oz new in box,oil,21.15,US $21.15/ea,95.0,95 available / 739 sold,739.0,"May 15, 2024 19:05:45 PDT","dallas, texas, united states",for men,"['dallas', 'texas', 'united states']",dallas,texas,united states
336,givenchy,givenchy gentleman 3.3oz.eau de toilette intense spray for men new in sealed box,oil,59.0,US $59.00/ea,10.0,10 available / 601 sold,601.0,"May 24, 2024 09:57:09 PDT","katy, texas, united states",for men,"['katy', 'texas', 'united states']",katy,texas,united states
337,montblanc,individuel by mont blanc 2.5 oz edt cologne for men new in box,oil,25.81,US $25.81/ea,95.0,"95 available / 1,424 sold",1424.0,"May 24, 2024 09:58:09 PDT","dallas, texas, united states",for men,"['dallas', 'texas', 'united states']",dallas,texas,united states
338,claude marsal,lá melodie parfum,eau de perfume,180.0,US $180.00,1.0,last one / 9 sold,9.0,"Feb 21, 2024 16:08:12 PST","orlando, florida, united states",for men,"['orlando', 'florida', 'united states']",orlando,florida,united states
339,creed,creed silver mountain water 3.3 oz edp cologne for men brand new tester,eau de parfum,160.91,US $160.91/ea,2.0,limited quantity available / 386 sold,386.0,"May 21, 2024 07:53:03 PDT","hackensack, new jersey, united states",for men,"['hackensack', 'new jersey', 'united states']",hackensack,new jersey,united states
340,versace,versace men's the dreamer edt spray 3.4 oz (tester) fragrances 8011003997848,oil,23.49,US $23.49,3.0,3 available / 25 sold,25.0,"May 23, 2024 12:08:57 PDT","brooklyn, new york, united states",for men,"['brooklyn', 'new york', 'united states']",brooklyn,new york,united states
341,giorgio armani,acqua di gio giorgio armani for men parfum 0.5 fl oz 15ml. travel size spray new,eau de perfume,25.95,US $25.95,10.0,more than 10 available / 280 sold,280.0,"May 12, 2024 17:11:04 PDT","stafford, texas, united states",for men,"['stafford', 'texas', 'united states']",stafford,texas,united states
342,yves saint laurent,ysl la nuit de l’homme bleu electrique edt intense 3.3 oz / 100 ml new & sealed,oil,144.99,US $144.99,10.0,more than 10 available / 145 sold,145.0,"May 24, 2024 10:07:16 PDT","katy, texas, united states",for men,"['katy', 'texas', 'united states']",katy,texas,united states
343,armaf,club de nuit urban man elixir by armaf 3.6 oz edp cologne for men new in box,eau de parfum,38.97,US $38.97,10.0,more than 10 available / 4 sold,4.0,,"north brunswick, new jersey, united states",for men,"['north brunswick', 'new jersey', 'united states']",north brunswick,new jersey,united states
344,calvin klein,euphoria by calvin klein 3.4 oz edt cologne for men new in box,oil,32.98,US $32.98/ea,10.0,"more than 10 available / 4,427 sold",4427.0,"May 23, 2024 23:46:32 PDT","hackensack, new jersey, united states",for men,"['hackensack', 'new jersey', 'united states']",hackensack,new jersey,united states
345,liz claiborne,curve cologne for men by liz claiborne  6.7 / 6.8 oz spray edc new in box,cologne,33.99,US $33.99/ea,155.0,"155 available / 6,634 sold",6634.0,"May 22, 2024 10:02:50 PDT","dallas, texas, united states",for men,"['dallas', 'texas', 'united states']",dallas,texas,united states
346,mont blanc,"explorer by mont blanc, 6.7 oz edp spray for men",eau de parfum,62.09,US $62.09/ea,10.0,more than 10 available / 125 sold,125.0,"May 22, 2024 12:02:22 PDT","edison, new jersey, united states",for men,"['edison', 'new jersey', 'united states']",edison,new jersey,united states
347,nikos,sculpture homme by nikos 3.4 oz edt cologne for men brand new tester,oil,12.23,US $12.23/ea,10.0,"more than 10 available / 1,128 sold",1128.0,"May 22, 2024 09:28:38 PDT","hackensack, new jersey, united states",for men,"['hackensack', 'new jersey', 'united states']",hackensack,new jersey,united states
348,montblanc,legend red by mont blanc cologne for men edp 3.3 / 3.4 oz new in box,eau de parfum,31.29,US $31.29/ea,40.0,40 available / 349 sold,349.0,"May 24, 2024 07:16:10 PDT","dallas, texas, united states",for men,"['dallas', 'texas', 'united states']",dallas,texas,united states
349,yves saint laurent,lanuit de lhomme by ysl edt spray 3.3 oz (100 ml) (m),oil,69.55,US $69.55,3.0,3 available / 16 sold,16.0,"May 23, 2024 17:44:35 PDT","brooklyn, new york, united states",for men,"['brooklyn', 'new york', 'united states']",brooklyn,new york,united states
350,lalique,encre noire by lalique cologne for men edt 3.3 / 3.4 oz new in box,oil,26.52,US $26.52/ea,2.0,"limited quantity available / 1,866 sold",1866.0,"May 24, 2024 07:55:09 PDT","dallas, texas, united states",for men,"['dallas', 'texas', 'united states']",dallas,texas,united states
351,unbranded,1/2pcs 50ml men's pheromone-cupid infused perfume- hypnosis cologne fragrances,eau de perfume,14.6,US $14.60,5.0,5 available / 94 sold,94.0,"May 22, 2024 23:30:09 PDT","toronto, ontario, canada",for men,"['toronto', 'ontario', 'canada']",toronto,ontario,canada
352,lucianno,lucianno california vibe m 100ml boxed,extrait de Parfum,66.0,C $66.00,10.0,more than 10 available / 21 sold,21.0,"May 24, 2024 02:33:19 PDT","scarborough, ontario, canada",for men,"['scarborough', 'ontario', 'canada']",scarborough,ontario,canada
353,viktor & rolf,spicebomb extreme by viktor & rolf 3.04 oz edp cologne for men new in box,eau de parfum,86.72,US $86.72/ea,10.0,"more than 10 available / 1,296 sold",1296.0,"May 23, 2024 19:12:32 PDT","hackensack, new jersey, united states",for men,"['hackensack', 'new jersey', 'united states']",hackensack,new jersey,united states
354,paul sebastian,ps by paul sebastian cologne for men 8 / 8.0 oz brand new in box,cologne,26.1,US $26.10,4.0,"4 available / 4,934 sold",4934.0,"May 24, 2024 07:07:02 PDT","hackensack, new jersey, united states",for men,"['hackensack', 'new jersey', 'united states']",hackensack,new jersey,united states
355,ralph lauren,ralph lauren polo black 4.2 oz / 125 ml eau de toilette spray for men brand new!,oil,28.2,US $28.20/ea,8.0,8 available / 24 sold,24.0,"May 21, 2024 10:01:54 PDT","hamtramck, michigan, united states",for men,"['hamtramck', 'michigan', 'united states']",hamtramck,michigan,united states
356,j. del pozo,halloween man j. del pozo cologne edt 4.2 oz new in box,oil,27.4,US $27.40/ea,52.0,52 available / 397 sold,397.0,"May 21, 2024 15:07:11 PDT","dallas, texas, united states",for men,"['dallas', 'texas', 'united states']",dallas,texas,united states
357,viktor & rolf,spicebomb extreme made stronger with pheromones for super hot sexual attraction!,oil,17.98,US $17.98,10.0,more than 10 available / 66 sold,66.0,"May 20, 2024 20:09:23 PDT","austell, georgia, united states",for men,"['austell', 'georgia', 'united states']",austell,georgia,united states
358,rochas,l'homme rochas by rochas cologne edt 3.3 / 3.4 oz new tester,oil,24.55,US $24.55/ea,23.0,23 available / 433 sold,433.0,"May 02, 2024 01:30:34 PDT","dallas, texas, united states",for men,"['dallas', 'texas', 'united states']",dallas,texas,united states
359,prada,prada luna rossa black 3.4 oz edp cologne for men new in box,eau de parfum,90.44,US $90.44/ea,2.0,limited quantity available / 587 sold,587.0,"May 24, 2024 08:49:02 PDT","hackensack, new jersey, united states",for men,"['hackensack', 'new jersey', 'united states']",hackensack,new jersey,united states
360,ralph lauren,ralph lauren polo green edt - classic woody fragrance 4oz sealed,oil,36.99,US $36.99/ea,5.0,5 available / 7 sold,7.0,"May 23, 2024 09:45:25 PDT","hamtramck, michigan, united states",for men,"['hamtramck', 'michigan', 'united states']",hamtramck,michigan,united states
361,classic brands,"pure instinct pheromone cologne for him,sex attractant, men's best pheromone 1oz",cologne,17.89,US $17.89/ea,10.0,"more than 10 available / 2,256 sold",2256.0,"May 12, 2024 18:06:36 PDT","winter garden, florida, united states",for men,"['winter garden', 'florida', 'united states']",winter garden,florida,united states
362,reyane tradition,insurrection born to be a king by reyane tradition for men edp 3.3 oz,eau de perfume,85.2,US $85.20,4.0,4 available / 73 sold,73.0,"May 22, 2024 16:53:06 PDT","miami, florida, united states",for men,"['miami', 'florida', 'united states']",miami,florida,united states
363,paco rabanne,1 million lucky by paco rabanne 3.4 oz edt cologne for men new in box,oil,108.98,US $108.98,3.0,3 available / 33 sold,33.0,"May 24, 2024 07:43:03 PDT","hackensack, new jersey, united states",for men,"['hackensack', 'new jersey', 'united states']",hackensack,new jersey,united states
364,giorgio beverly hills,red by giorgio beverly hills 3.3 / 3.4 oz edt for men new in box,oil,16.04,US $16.04/ea,31.0,"31 available / 2,817 sold",2817.0,"May 22, 2024 12:50:13 PDT","dallas, texas, united states",for men,"['dallas', 'texas', 'united states']",dallas,texas,united states
365,yves saint laurent,yves saint laurent y eau de toilette spray for men ysl edt 3.3oz 100ml,oil,45.98,US $45.98/ea,7.0,7 available / 343 sold,343.0,"May 20, 2024 12:28:06 PDT","brooklyn, new york, united states",for men,"['brooklyn', 'new york', 'united states']",brooklyn,new york,united states
366,prada,prada luna rossa by prada 3.4 oz edt cologne for men new in box,oil,84.73,US $84.73/ea,2.0,"limited quantity available / 2,774 sold",2774.0,"May 21, 2024 06:58:02 PDT","hackensack, new jersey, united states",for men,"['hackensack', 'new jersey', 'united states']",hackensack,new jersey,united states
367,giorgio armani,armani code profumo 3.7oz by men's eau de parfum spray edp new &  sealed box,eau de parfum,69.99,US $69.99/ea,8.0,8 available / 35 sold,35.0,"May 24, 2024 05:43:37 PDT","highland park, michigan, united states",for men,"['highland park', 'michigan', 'united states']",highland park,michigan,united states
368,rasasi,it's essential edp perfume by rasasi 100 ml:🥇hot new rasasi premium line🥇,eau de parfum,45.0,US $45.00/ea,8.0,8 available / 37 sold,37.0,"May 17, 2024 09:22:33 PDT","san diego, california, united states",for men,"['san diego', 'california', 'united states']",san diego,california,united states
369,giorgio armani,giorgio armani acqua di gio 6.7 oz/200 ml men's eau de toilette spray,oil,48.95,US $48.95/ea,10.0,10 available / 121 sold,121.0,"May 23, 2024 08:44:06 PDT","melvindale, michigan, united states",for men,"['melvindale', 'michigan', 'united states']",melvindale,michigan,united states
370,chanel,"chanel allure homme sport eau de toilette edt sample spray .05oz, 1.5ml in card",oil,10.7,US $10.70,5.0,5 available / 163 sold,163.0,"May 24, 2024 00:31:08 PDT","phillipsburg, new jersey, united states",for men,"['phillipsburg', 'new jersey', 'united states']",phillipsburg,new jersey,united states
371,giorgio armani,giorgio armani acqua di gio 3.4 oz men's eau de toilette spray new sealed box,oil,27.1,US $27.10/ea,8.0,8 available / 28 sold,28.0,"May 22, 2024 10:22:29 PDT","detroit, michigan, united states",for men,"['detroit', 'michigan', 'united states']",detroit,michigan,united states
372,as shown,versace pour homme signature 3.4 oz edt cologne for men new in box,oil,29.99,US $29.99/ea,10.0,10 available / 92 sold,92.0,"May 23, 2024 17:35:18 PDT","new york,united states, hong kong",for men,"['new york', 'united states', 'hong kong']",new york,united states,china
373,creed,"aventus cologne by creed, 3.3 oz millesime edp spray for men",eau de parfum,212.89,US $212.89/ea,10.0,more than 10 available / 53 sold,53.0,"May 24, 2024 08:50:32 PDT","edison, new jersey, united states",for men,"['edison', 'new jersey', 'united states']",edison,new jersey,united states
374,yves saint laurent,l'homme by yves saint laurent ysl 3.3 / 3.4 oz edt cologne for men new in box,oil,71.98,US $71.98/ea,2.0,"limited quantity available / 2,153 sold",2153.0,"May 22, 2024 08:31:19 PDT","hackensack, new jersey, united states",for men,"['hackensack', 'new jersey', 'united states']",hackensack,new jersey,united states
375,dior,fahrenheit by christian dior 3.4 oz edt cologne for men new in box,oil,89.98,US $89.98/ea,8.0,"8 available / 1,243 sold",1243.0,"May 22, 2024 01:59:02 PDT","hackensack, new jersey, united states",for men,"['hackensack', 'new jersey', 'united states']",hackensack,new jersey,united states
376,as shown,mens fahrenheit eau de toilette cologne spray 3.4 fl.oz 100 ml new in box sealed,oil,43.47,US $43.47,10.0,more than 10 available / 34 sold,34.0,"May 12, 2024 17:40:33 PDT","hong kong or virginia, hong kong",for men,"['hong kong or virginia', 'hong kong']",hong kong or virginia,,china
377,myrurgia,yacht man red by myrurgia 3.3 / 3.4 oz edt cologne for men new in box,oil,9.98,US $9.98/ea,36.0,"36 available / 8,453 sold",8453.0,"May 21, 2024 13:43:42 PDT","dallas, texas, united states",for men,"['dallas', 'texas', 'united states']",dallas,texas,united states
378,lattafa,ajayeb dubai portrait by lattafa for unisex - 3.4 oz edp spray,eau de parfum,24.4,US $24.40,50.0,50 available / 14 sold,14.0,"May 23, 2024 17:21:52 PDT","ronkonkoma, new york, united states",for men,"['ronkonkoma', 'new york', 'united states']",ronkonkoma,new york,united states
379,al wataniah,al wataniah sabah al ward edp m 100ml boxed,eau de parfum,50.0,C $50.00,10.0,more than 10 available / 19 sold,19.0,"May 23, 2024 16:03:42 PDT","scarborough, ontario, canada",for men,"['scarborough', 'ontario', 'canada']",scarborough,ontario,canada
380,jovan,jovan platinum musk by jovan cologne for men edc 3.0 oz new in box,cologne,10.19,US $10.19/ea,44.0,44 available / 330 sold,330.0,"May 13, 2024 09:31:59 PDT","dallas, texas, united states",for men,"['dallas', 'texas', 'united states']",dallas,texas,united states
381,coty,"adidas moves for him body fragrance for men, 2.5 fl oz, liquid, grapefruit",does not apply,9.21,US $9.21,5.0,5 available / 72 sold,72.0,"May 24, 2024 07:35:23 PDT","san diego, california, united states",for men,"['san diego', 'california', 'united states']",san diego,california,united states
382,rasasi,rasasi hawas for men sample,eau de parfum,16.97,US $16.97,10.0,more than 10 available / 16 sold,16.0,"May 15, 2024 18:42:00 PDT","buhl, idaho, united states",for men,"['buhl', 'idaho', 'united states']",buhl,idaho,united states
383,giorgio armani,acqua di gio profondo by giorgio armani 2.5 oz parfum cologne for men new in box,eau de parfum,78.99,US $78.99/ea,10.0,more than 10 available / 743 sold,743.0,"May 22, 2024 11:57:53 PDT","hackensack, new jersey, united states",for men,"['hackensack', 'new jersey', 'united states']",hackensack,new jersey,united states
384,calvin klein,ck free by calvin klein cologne for men edt 3.3 / 3.4 oz new tester,oil,19.16,US $19.16/ea,72.0,72 available / 348 sold,348.0,"May 24, 2024 01:43:20 PDT","dallas, texas, united states",for men,"['dallas', 'texas', 'united states']",dallas,texas,united states
385,mont blanc legend,mont blanc legend spirit edt 3.3 oz for men with cap new in white box,oil,33.5,US $33.50,2.0,"limited quantity available / 1,511 sold",1511.0,"May 22, 2024 16:32:56 PDT","brooklyn, new york, united states",for men,"['brooklyn', 'new york', 'united states']",brooklyn,new york,united states
386,king,royal noir 3.4 oz parfum by king of kings,eau de perfume,79.99,US $79.99,9.0,9 available / 15 sold,15.0,"May 15, 2024 12:51:02 PDT","north brunswick, new jersey, united states",for men,"['north brunswick', 'new jersey', 'united states']",north brunswick,new jersey,united states
387,ulric de varens,"varens for men cafe vanille eau de toilette for men - gourmand, elegant, bold",oil,22.0,US $22.00,49.0,49 available / 1 sold,1.0,,"miami, florida, united states",for men,"['miami', 'florida', 'united states']",miami,florida,united states
388,emporio armani,emporio armani stronger with you oud eau de parfum for men 3.4 oz / 100ml,eau de parfum,84.99,US $84.99,3.0,3 available / 7 sold,7.0,"May 24, 2024 02:24:38 PDT","california, hong kong",for men,"['california', 'hong kong']",california,,china
389,chanel,bleu de chanel paris parfum pour homme 100ml 3.4oz new sealed as is,eau de parfum,112.49,US $112.49/ea,5.0,5 available / 15 sold,15.0,"May 23, 2024 09:40:55 PDT","lake zurich, illinois, united states",for men,"['lake zurich', 'illinois', 'united states']",lake zurich,illinois,united states
390,carolina herrera,"bad boy cobalt by carolina herrera, .33 oz edp electrique for men",gift sets,22.79,US $22.79/ea,8.0,8 available / 7 sold,7.0,"May 24, 2024 07:55:54 PDT","edison, new jersey, united states",for men,"['edison', 'new jersey', 'united states']",edison,new jersey,united states
391,hermès,terre d'hermes by hermes edt for men 1.7 oz / 50 ml *new in sealed box*,oil,52.99,US $52.99,10.0,more than 10 available / 117 sold,117.0,"Apr 15, 2024 10:18:57 PDT","miami, florida, united states",for men,"['miami', 'florida', 'united states']",miami,florida,united states
392,unbranded,hawas for him eau de parfum by rasasi 100ml 3.4 fl oz new,eau de perfume,21.99,US $21.99/ea,10.0,more than 10 available / 2 sold,2.0,"May 23, 2024 20:05:17 PDT","shenzhen, china",for men,"['shenzhen', 'china']",shenzhen,,china
393,armaf,armaf club de nuit precieux 1 extrait de parfum 1.8oz/55ml | new launch | sealed,extrait de Parfum,125.0,US $125.00,10.0,more than 10 available / 2 sold,2.0,,"houston, texas, united states",for men,"['houston', 'texas', 'united states']",houston,texas,united states
394,abercrombie & fitch,abercrombie & fitch fierce 6.7 fl oz eau de cologne spray men's new & sealed,cologne,43.49,US $43.49/ea,2.0,2 available / 3 sold,3.0,"May 24, 2024 03:25:20 PDT","dunedin, florida, united states",for men,"['dunedin', 'florida', 'united states']",dunedin,florida,united states
395,bentley,bentley men's black edition edp spray 3.4 oz (tester) fragrances 7640171190938,fragrances,23.49,US $23.49,3.0,3 available / 6 sold,6.0,"May 22, 2024 19:20:44 PDT","brooklyn, new york, united states",for men,"['brooklyn', 'new york', 'united states']",brooklyn,new york,united states
396,azzaro,azzaro chrome parfum spray for men 3.3 oz. launched in 2023. new in sealed box.,eau de perfume,44.0,US $44.00/ea,10.0,10 available / 83 sold,83.0,"May 23, 2024 05:27:24 PDT","katy, texas, united states",for men,"['katy', 'texas', 'united states']",katy,texas,united states
397,maison francis kurkdjian,maison francis kurkdjian amyris homme 2.4oz eau de toilette,oil,140.0,US $140.00,24.0,24 available / 6 sold,6.0,"May 20, 2024 12:54:11 PDT","san francisco, california, united states",for men,"['san francisco', 'california', 'united states']",san francisco,california,united states
398,paco rabanne,one million royal by paco rabanne 1 million royal cologne for men 3.4 oz,eau de parfum,74.99,US $74.99,2.0,2 available / 60 sold,60.0,"May 23, 2024 02:25:57 PDT","california or hong kong, hong kong",for men,"['california or hong kong', 'hong kong']",california or hong kong,,china
399,lattafa,alpine homme sport edp for men by maison alhambra lattafa 100 ml free shipping,eau de parfum,26.99,US $26.99/ea,9.0,9 available / 75 sold,75.0,"May 18, 2024 16:44:20 PDT","bethpage, new york, united states",for men,"['bethpage', 'new york', 'united states']",bethpage,new york,united states
400,ralph lauren,polo blue by ralph lauren 4.2 oz edp parfum cologne for men brand new in box,eau de parfum,52.97,US $52.97/ea,2.0,"limited quantity available / 1,683 sold",1683.0,"May 24, 2024 08:14:55 PDT","hackensack, new jersey, united states",for men,"['hackensack', 'new jersey', 'united states']",hackensack,new jersey,united states
401,armaf,tres nuit lyric by armaf cologne for men edp 3.3 / 3.4 oz new in box,eau de parfum,22.61,US $22.61/ea,52.0,52 available / 619 sold,619.0,"May 24, 2024 06:34:10 PDT","dallas, texas, united states",for men,"['dallas', 'texas', 'united states']",dallas,texas,united states
402,giorgio armani,giorgio armani armani code profumo 3.7oz / 110ml men's parfum spray new & sealed,eau de parfum,72.99,US $72.99/ea,6.0,6 available / 235 sold,235.0,"May 24, 2024 05:51:04 PDT","farmington, michigan, united states",for men,"['farmington', 'michigan', 'united states']",farmington,michigan,united states
403,fragrance,fragrance world men's imperium edp spray 3.4 oz fragrances 6291108326763,fragrances,27.99,US $27.99,3.0,3 available / 1 sold,1.0,"May 23, 2024 19:57:55 PDT","brooklyn, new york, united states",for men,"['brooklyn', 'new york', 'united states']",brooklyn,new york,united states
404,paco rabanne,invictus victory paco rabanne made stronger with pheromones for sexual allure!,eau de parfum,17.98,US $17.98,10.0,more than 10 available / 50 sold,50.0,"May 22, 2024 13:09:58 PDT","austell, georgia, united states",for men,"['austell', 'georgia', 'united states']",austell,georgia,united states
406,bath & body works,x1 bath & body works men's collection cologne for men 3.4 oz full sz choose one,cologne,27.94,US $27.94,1.0,last one / 717 sold,717.0,"May 23, 2024 22:18:49 PDT","modesto, california, united states",for men,"['modesto', 'california', 'united states']",modesto,california,united states
407,jean paul gaultier,jean paul gaultier le beau le parfum intense sample spray vials 1.5ml / 0.05oz,eau de parfum,12.95,US $12.95/ea,10.0,more than 10 available / 594 sold,594.0,"May 18, 2024 19:20:42 PDT","pearland, texas, united states",for men,"['pearland', 'texas', 'united states']",pearland,texas,united states
408,lattafa,lattafa perfumes fakhar men edp - spray eau de parfum 100ml (3.4 ounce),eau de parfum,23.99,US $23.99/ea,10.0,more than 10 available / 10 sold,10.0,"May 23, 2024 18:07:56 PDT","new york, new york, united states",for men,"['new york', 'new york', 'united states']",new york,new york,united states
409,yves saint laurent,ysl yves saint laurent myslf edp spray 10ml / 0.33oz myself new in box,eau de parfum,24.99,US $24.99,12.0,12 available / 6 sold,6.0,"May 23, 2024 15:09:18 PDT","seattle, washington, united states",for men,"['seattle', 'washington', 'united states']",seattle,washington,united states
410,bvlgari,bvlgari aqva marine cologne pour homme by bvlgari 3.4 oz edt spray for men  new,oil,49.99,US $49.99/ea,2.0,2 available / 3 sold,3.0,"May 24, 2024 06:45:32 PDT","hk, hong kong",for men,"['hk', 'hong kong']",hk,,china
411,azzaro,azzaro pour homme by azzaro 3.4 oz edt cologne for men 3.3 100 ml new in box,oil,26.0,US $26.00/ea,92.0,"92 available / 1,337 sold",1337.0,"May 24, 2024 07:41:09 PDT","dallas, texas, united states",for men,"['dallas', 'texas', 'united states']",dallas,texas,united states
412,giorgio armani,"armani code by giorgio armani, 4.2 oz parfum spray for men",eau de perfume,90.44,US $90.44,1.0,last one / 1 sold,1.0,"May 24, 2024 00:10:31 PDT","new york, new york, united states",for men,"['new york', 'new york', 'united states']",new york,new york,united states
413,allsaints,allsaints collection travel set 0.5oz/15ml x3 sunset riot concrete rain flora m,eau de parfum,47.99,US $47.99/ea,10.0,more than 10 available / 13 sold,13.0,"Mar 16, 2024 18:36:03 PDT","salem, virginia, united states",for men,"['salem', 'virginia', 'united states']",salem,virginia,united states
414,as shown,replica jazz club by maison margiela 3.4 oz edt spray for men new with box 100ml,oil,40.99,US $40.99/ea,10.0,more than 10 available / 17 sold,17.0,"May 08, 2024 01:44:16 PDT","nevada/california, usa, hong kong, hong kong",for men,"['nevada/california', 'usa', 'hong kong', 'hong kong']",nevada/california,,china
415,dolce & gabbana,dolce gabbana light blue men 4.2 oz / 125 ml edt spray new & sealed,oil,33.99,US $33.99/ea,10.0,more than 10 available / 573 sold,573.0,"May 24, 2024 08:09:37 PDT","detroit, michigan, united states",for men,"['detroit', 'michigan', 'united states']",detroit,michigan,united states
416,secertmu,new 2024 sexy cologne lure her him long lasting pheromone perfume for men usa✅,eau de perfume,10.99,US $10.99,10.0,more than 10 available / 35 sold,35.0,"May 18, 2024 14:48:44 PDT","san francisco, california, united states",for men,"['san francisco', 'california', 'united states']",san francisco,california,united states
417,lacoste,lacoste style in play red men 4.2 oz 125 ml eau de toilette spray same as photo,oil,47.34,US $47.34/ea,4.0,4 available / 14 sold,14.0,,"westminster, california, united states",for men,"['westminster', 'california', 'united states']",westminster,california,united states
418,cologne,"light blue by dolce & gabbana, 4.2 oz edt spray for men cologne new & sealed box",oil,28.99,US $28.99,5.0,5 available / 111 sold,111.0,"May 23, 2024 00:41:58 PDT","hamtramck, michigan, united states",for men,"['hamtramck', 'michigan', 'united states']",hamtramck,michigan,united states
419,coach,"coach 4 piece mens mini cologne set 2 x coach ny, blue, green nib",gift sets,34.99,US $34.99/ea,10.0,more than 10 available / 9 sold,9.0,"May 23, 2024 21:45:55 PDT","edison, new jersey, united states",for men,"['edison', 'new jersey', 'united states']",edison,new jersey,united states
420,avon,avon black suede for men eau de toilette spray - 3.4 ounce,eau de perfume,13.94,US $13.94,10.0,more than 10 available / 66 sold,66.0,"May 24, 2024 08:30:22 PDT","orlando, united states",for men,"['orlando', 'united states']",orlando,,united states
421,abercrombie & fitch,"abercrombie & fitch fierce - bold 6.7oz eau de cologne, new sealed box",cologne,44.99,US $44.99/ea,6.0,6 available / 38 sold,38.0,"May 22, 2024 08:28:58 PDT","dearborn heights, michigan, united states",for men,"['dearborn heights', 'michigan', 'united states']",dearborn heights,michigan,united states
422,calvin klein,obsession night by ck calvin klein 4.0 oz edt cologne for men new in box,oil,28.02,US $28.02/ea,2.0,"limited quantity available / 5,377 sold",5377.0,"May 23, 2024 00:47:54 PDT","hackensack, new jersey, united states",for men,"['hackensack', 'new jersey', 'united states']",hackensack,new jersey,united states
423,unbranded,men's pheromone-infused perfume cupid hypnosis cologne fragrances charm toilette,eau de perfume,49.99,US $49.99,10.0,more than 10 available / 45 sold,45.0,"May 21, 2024 16:11:07 PDT","houston, texas, united states",for men,"['houston', 'texas', 'united states']",houston,texas,united states
424,yves de sistelle,thallium by yves de sistelle men cologne 3.3 oz edt 3.4 new in box,oil,19.75,US $19.75/ea,82.0,"82 available / 7,253 sold",7253.0,"May 21, 2024 10:02:07 PDT","dallas, texas, united states",for men,"['dallas', 'texas', 'united states']",dallas,texas,united states
425,giorgio armani,giorgio armani acqua di gio 3.4 oz men's eau de toilette spray brand new,oil,28.99,US $28.99,10.0,more than 10 available / 10 sold,10.0,,"college point, new york, united states",for men,"['college point', 'new york', 'united states']",college point,new york,united states
426,chanel,chanel allure homme sport edt 1.5ml .05fl oz x 4 spray sample vials,oil,22.0,US $22.00,10.0,more than 10 available / 286 sold,286.0,"Jan 10, 2024 14:19:12 PST","albany, new york, united states",for men,"['albany', 'new york', 'united states']",albany,new york,united states
427,hermès,h24 by hermes edt for men 1.7 oz / 50 ml *new in box*,oil,39.99,US $39.99,10.0,more than 10 available / 40 sold,40.0,"Feb 08, 2024 10:42:37 PST","miami, florida, united states",for men,"['miami', 'florida', 'united states']",miami,florida,united states
428,rasasi,rasasi hawas for men edp parfum spray 3.3 oz new in sealed box,eau de parfum,53.99,US $53.99/ea,12.0,12 available / 140 sold,140.0,"May 24, 2024 09:23:11 PDT","melissa, texas, united states",for men,"['melissa', 'texas', 'united states']",melissa,texas,united states
429,as shown,fahrenheit eau de toilette sprays for men 3.4 oz/100 ml new in sealed boxes,oil,49.63,US $49.63,10.0,more than 10 available / 5 sold,5.0,"May 21, 2024 17:43:05 PDT","new york, hong kong",for men,"['new york', 'hong kong']",new york,,china
430,limited edition,armaf club de nuit intense man limited edition 3.6oz pure parfum 2023 packaging,eau de perfume,65.5,US $65.50,10.0,more than 10 available / 21 sold,21.0,"May 15, 2024 15:52:46 PDT","houston, texas, united states",for men,"['houston', 'texas', 'united states']",houston,texas,united states
431,kenneth cole,kenneth cole reaction 3.4 new without box,oil,22.99,US $22.99,10.0,more than 10 available / 31 sold,31.0,"May 17, 2024 11:38:55 PDT","bogota, new jersey, united states",for men,"['bogota', 'new jersey', 'united states']",bogota,new jersey,united states
432,armaf,nomad the wanderer by armaf cologne for men edp 3.3 / 3.4 oz new in box,eau de perfume,36.95,US $36.95/ea,36.0,36 available / 109 sold,109.0,"May 16, 2024 09:13:23 PDT","dallas, texas, united states",for men,"['dallas', 'texas', 'united states']",dallas,texas,united states
433,bond no. 9,greenwich village bond no 9 handmade stronger with pheromones for sexual allure!,eau de parfum,17.98,US $17.98,10.0,more than 10 available / 12 sold,12.0,"May 16, 2024 12:30:51 PDT","austell, georgia, united states",for men,"['austell', 'georgia', 'united states']",austell,georgia,united states
434,unbranded,9 am dive edp perfume by afnan 100 ml🥇super famous top selling fragrance 9pm,eau de parfum,16.99,US $16.99,10.0,more than 10 available / 22 sold,22.0,"May 22, 2024 18:38:27 PDT","shenzhen, china",for men,"['shenzhen', 'china']",shenzhen,,china
435,ralph lauren,polo green by ralph lauren 0.5 oz edt mini for men cologne new in box,oil,17.34,US $17.34,10.0,more than 10 available / 460 sold,460.0,"May 19, 2024 09:13:03 PDT","hackensack, new jersey, united states",for men,"['hackensack', 'new jersey', 'united states']",hackensack,new jersey,united states
436,unbranded,"cupid charm toilette for men (pheromone-infused),mens cologne fragrances perfume",eau de perfume,13.0,US $13.00/ea,7.0,7 available / 11 sold,11.0,"May 24, 2024 07:51:28 PDT","new york, new york, united states",for men,"['new york', 'new york', 'united states']",new york,new york,united states
437,jean paul gaultier,jean paul gaultier le beau 4.2 oz. eau de toilette spray for men new no box,oil,114.99,US $114.99/ea,10.0,10 available / 539 sold,539.0,"May 23, 2024 22:43:23 PDT","katy, texas, united states",for men,"['katy', 'texas', 'united states']",katy,texas,united states
438,armaf,armaf club de nuit sillage 1.0 oz / 30ml eau de parfum spray | unisex | sealed |,eau de parfum,29.99,US $29.99/ea,3.0,3 available / 7 sold,7.0,"May 17, 2024 11:19:13 PDT","houston, texas, united states",for men,"['houston', 'texas', 'united states']",houston,texas,united states
439,afnan,afnan men's penthouse ginza edp spray 3.4 oz fragrances 6290171010487,fragrances,19.73,US $19.73,3.0,3 available / 5 sold,5.0,"May 23, 2024 05:27:01 PDT","brooklyn, new york, united states",for men,"['brooklyn', 'new york', 'united states']",brooklyn,new york,united states
440,acqua di parma,acqua di parma colonia by acqua di parma 3.4 oz edc cologne for men new in box,cologne,69.97,US $69.97/ea,5.0,5 available / 244 sold,244.0,"May 22, 2024 23:22:50 PDT","hackensack, new jersey, united states",for men,"['hackensack', 'new jersey', 'united states']",hackensack,new jersey,united states
441,lacoste,lacoste essential eau de toilette pour homme ~ 4.2 fl oz ~ sealed ~ authentic,oil,31.95,US $31.95,10.0,more than 10 available / 12 sold,12.0,"May 15, 2024 07:37:26 PDT","oneida, tennessee, united states",for men,"['oneida', 'tennessee', 'united states']",oneida,tennessee,united states
442,burberry,burberry hero 3.3 oz eau de toilette cologne for men edt spray 100ml new in box,oil,59.99,US $59.99/ea,8.0,8 available / 39 sold,39.0,"May 19, 2024 22:59:41 PDT","midway city, california, hong kong",for men,"['midway city', 'california', 'hong kong']",midway city,california,china
443,as shown,sauvage eau de parfum spray 3.4 oz/100 ml for men new in box,eau de parfum,69.99,US $69.99/ea,4.0,4 available / 11 sold,11.0,"Apr 21, 2024 19:30:34 PDT","hong kong, hong kong",for men,"['hong kong', 'hong kong']",hong kong,,china
444,as shown,new carolina-herrera 212 nyc men eau de toilette 3.4 oz/ 100 ml,oil,34.68,US $34.68/ea,8.0,8 available / 2 sold,2.0,,"austin, texas, united states",for men,"['austin', 'texas', 'united states']",austin,texas,united states
445,armaf,armaf club de nuit intense 5.07oz / 150ml pure parfum | brand new | sealed,eau de perfume,56.95,US $56.95/ea,10.0,more than 10 available / 700 sold,700.0,"May 17, 2024 11:39:38 PDT","houston, texas, united states",for men,"['houston', 'texas', 'united states']",houston,texas,united states
446,ralph lauren,ralph lauren polo green 4oz edt men's cologne new in box,oil,36.99,US $36.99/ea,6.0,6 available / 39 sold,39.0,"May 24, 2024 09:46:54 PDT","dearborn heights, michigan, united states",for men,"['dearborn heights', 'michigan', 'united states']",dearborn heights,michigan,united states
447,guerlain,eau de cologne imperiale by guerlain | men’s 100 ml/3.4 fl oz | as picture shown,cologne,100.0,US $100.00/ea,3.0,3 available / 1 sold,1.0,"May 18, 2024 02:04:20 PDT","graham, washington, united states",for men,"['graham', 'washington', 'united states']",graham,washington,united states
448,as shown,ysl yves saint laurent y eau de perfume spray cologne for men 3.3 oz 100ml,eau de parfum,39.99,US $39.99/ea,8.0,8 available / 10 sold,10.0,"May 19, 2024 18:09:04 PDT","dayton,new jersey, hong kong",for men,"['dayton', 'new jersey', 'hong kong']",dayton,new jersey,china
449,cologne,new bleu parfum de blue for men 3.4oz / 100ml eau de cologne spray in box,eau de perfume,88.0,US $88.00,5.0,5 available / 5 sold,5.0,"May 23, 2024 22:52:22 PDT","south san francisco, california, united states",for men,"['south san francisco', 'california', 'united states']",south san francisco,california,united states
450,al haramain,al haramain men's l'aventure edp spray 6.76 oz (tester) fragrances 6291100132980,fragrances,38.53,US $38.53,3.0,3 available / 12 sold,12.0,"May 22, 2024 05:56:33 PDT","brooklyn, new york, united states",for men,"['brooklyn', 'new york', 'united states']",brooklyn,new york,united states
451,unbranded,"3 bottles*men's parfum bundle* , &- brand new, smells amazing",eau de parfum,25.99,US $25.99/ea,10.0,more than 10 available / 38 sold,38.0,"Mar 09, 2024 18:25:15 PST","spring hill, florida, united states",for men,"['spring hill', 'florida', 'united states']",spring hill,florida,united states
452,givenchy,gentlemen only by givenchy  3.3oz edt  men's cologne new tester,oil,39.95,US $39.95,13.0,13 available / 178 sold,178.0,"May 21, 2024 13:41:28 PDT","fort lauderdale, florida, united states",for men,"['fort lauderdale', 'florida', 'united states']",fort lauderdale,florida,united states
453,montblanc,mont blanc explorer 6.7 oz edp cologne for men new in box,eau de parfum,62.08,US $62.08/ea,2.0,limited quantity available / 950 sold,950.0,"May 22, 2024 06:00:02 PDT","hackensack, new jersey, united states",for men,"['hackensack', 'new jersey', 'united states']",hackensack,new jersey,united states
454,dossier,dossier spicy vetiver eau de parfum. size: 50ml / 1.7oz,eau de parfum,20.0,US $20.00/ea,10.0,more than 10 available / 16 sold,16.0,"Apr 12, 2024 21:26:05 PDT","los angeles, california, united states",for men,"['los angeles', 'california', 'united states']",los angeles,california,united states
455,ralph lauren,polo deep blue by ralph lauren 4.2 oz parfum cologne for men new in box,eau de parfum,53.98,US $53.98/ea,2.0,limited quantity available / 869 sold,869.0,"May 24, 2024 03:56:56 PDT","hackensack, new jersey, united states",for men,"['hackensack', 'new jersey', 'united states']",hackensack,new jersey,united states
456,giorgio armani,acqua di gio by giorgio armani 6.7 / 6.8 oz edt cologne for men new in box,oil,51.99,US $51.99/ea,8.0,8 available / 111 sold,111.0,"May 18, 2024 03:34:53 PDT","thomasville, alabama, united states",for men,"['thomasville', 'alabama', 'united states']",thomasville,alabama,united states
457,parfums de marly,"parfums de marly layton by parfums de marly, 2.5 oz edp spray men",eau de parfum,155.65,US $155.65/ea,10.0,more than 10 available / 593 sold,593.0,"May 24, 2024 07:56:19 PDT","edison, new jersey, united states",for men,"['edison', 'new jersey', 'united states']",edison,new jersey,united states
458,abercrombie & fitch,abercrombie & fitch fierce 1.7 oz eau de cologne men - new - free ship-authentic,cologne,24.99,US $24.99,10.0,10 available / 18 sold,18.0,"May 14, 2024 13:19:07 PDT","schenectady, new york, united states",for men,"['schenectady', 'new york', 'united states']",schenectady,new york,united states
459,hermès,terre d'hermes by hermes 6.7 oz edt cologne for men new in box,oil,99.98,US $99.98/ea,10.0,10 available / 740 sold,740.0,"May 22, 2024 11:52:44 PDT","hackensack, new jersey, united states",for men,"['hackensack', 'new jersey', 'united states']",hackensack,new jersey,united states
460,carolina herrera,"bad boy cobalt by carolina herrera, 3.4 oz edp spray for men",gift sets,88.65,US $88.65/ea,10.0,more than 10 available / 40 sold,40.0,"May 23, 2024 11:43:18 PDT","edison, new jersey, united states",for men,"['edison', 'new jersey', 'united states']",edison,new jersey,united states
461,carolina herrera,ch men prive by carolina herrera 3.4 oz / 100 ml edt spy cologne for men homme,oil,153.0,US $153.00,10.0,more than 10 available / 23 sold,23.0,"May 17, 2024 09:38:12 PDT","lynwood, california, united states",for men,"['lynwood', 'california', 'united states']",lynwood,california,united states
462,roja parfums,roja danger by roja parfums extrait de parfum 3.4 oz edp spray men's new in box,eau de parfum,79.99,US $79.99/ea,7.0,7 available / 13 sold,13.0,"May 21, 2024 07:11:45 PDT","hongkong, hong kong",for men,"['hongkong', 'hong kong']",hongkong,,china
463,narciso rodriguez,bleu noir by narciso rodriguez 3.3 3.4 oz edp cologne for men new in box,eau de parfum,59.09,US $59.09/ea,10.0,more than 10 available / 432 sold,432.0,"May 21, 2024 20:17:38 PDT","hackensack, new jersey, united states",for men,"['hackensack', 'new jersey', 'united states']",hackensack,new jersey,united states
464,burberry,"burberry hero for men eau de toilette edt sample spray .05oz, 1.5ml",oil,7.95,US $7.95,5.0,5 available / 254 sold,254.0,"May 24, 2024 00:33:04 PDT","phillipsburg, new jersey, united states",for men,"['phillipsburg', 'new jersey', 'united states']",phillipsburg,new jersey,united states
465,roja,scandal by roja parfums 3.4 oz eau de parfum cologne spray for men new in box,eau de parfum,109.99,US $109.99/ea,8.0,8 available / 26 sold,26.0,"May 04, 2024 05:57:21 PDT","rowland heights, california, united states",for men,"['rowland heights', 'california', 'united states']",rowland heights,california,united states
466,paco rabanne,paco rabanne men's 1 million royal parfum spray 1.7 oz fragrances 3349668617043,fragrances,68.61,US $68.61,3.0,3 available / 10 sold,10.0,"May 23, 2024 13:26:47 PDT","brooklyn, new york, united states",for men,"['brooklyn', 'new york', 'united states']",brooklyn,new york,united states
467,davidoff,davidoff cool water all over body spray 5 oz / 150 ml new damaged can,body spray,12.49,US $12.49/ea,7.0,7 available / 17 sold,17.0,"May 15, 2024 11:28:53 PDT","princeton, new jersey, united states",for men,"['princeton', 'new jersey', 'united states']",princeton,new jersey,united states
468,emporio armani,emporio armani stronger with you by giorgio armani 3.4 oz cologne for men nib,oil,71.98,US $71.98/ea,2.0,"limited quantity available / 1,333 sold",1333.0,"May 21, 2024 15:07:29 PDT","hackensack, new jersey, united states",for men,"['hackensack', 'new jersey', 'united states']",hackensack,new jersey,united states
469,yves saint laurent,la nuit de l'homme by yves saint laurent ysl cologne men 3.3 3.4 oz new in box,oil,70.65,US $70.65/ea,2.0,"limited quantity available / 4,802 sold",4802.0,"May 24, 2024 07:41:02 PDT","hackensack, new jersey, united states",for men,"['hackensack', 'new jersey', 'united states']",hackensack,new jersey,united states
470,topshelf,topshelf love bombed- pheromone cologne for men attraction & confidence (50 ml),eau de perfume,139.99,US $139.99/ea,10.0,more than 10 available / 4 sold,4.0,"May 10, 2024 21:53:08 PDT","houston, texas, united states",for men,"['houston', 'texas', 'united states']",houston,texas,united states
471,carolina herrera,212 men carolina herrera 3.4 oz edt cologne new sealed,oil,39.99,US $39.99/ea,10.0,more than 10 available / 52 sold,52.0,"May 21, 2024 06:41:06 PDT","dexter, michigan, united states",for men,"['dexter', 'michigan', 'united states']",dexter,michigan,united states
472,jean paul gaultier,jean paul gaultier le male cologne edt 4.2oz iconic masculine fragrance allure,oil,48.99,US $48.99/ea,10.0,more than 10 available / 30 sold,30.0,"May 24, 2024 07:13:17 PDT","detroit, michigan, united states",for men,"['detroit', 'michigan', 'united states']",detroit,michigan,united states
473,polo,polo blue by ralph lauren 4.2oz men's eau de toilette spray edt new & sealed box,oil,33.99,US $33.99/ea,8.0,8 available / 89 sold,89.0,"May 24, 2024 05:53:37 PDT","fenton, michigan, united states",for men,"['fenton', 'michigan', 'united states']",fenton,michigan,united states
474,versace,versace dylan blue pour homme cologne for men edt 6.7 oz 6.8 new in box,oil,66.39,US $66.39/ea,62.0,"62 available / 1,819 sold",1819.0,"May 24, 2024 10:12:08 PDT","dallas, texas, united states",for men,"['dallas', 'texas', 'united states']",dallas,texas,united states
475,davidoff,cool water by davidoff 4.2 oz edt cologne for men new in box,oil,26.9,US $26.90,10.0,more than 10 available / 264 sold,264.0,"May 18, 2024 10:55:29 PDT","centralia, washington, united states",for men,"['centralia', 'washington', 'united states']",centralia,washington,united states
476,paco rabanne,invictus paco rabanne made stronger with pheromones for super sexy scent trails!,oil,16.48,US $16.48,10.0,more than 10 available / 16 sold,16.0,"May 16, 2024 16:30:41 PDT","austell, georgia, united states",for men,"['austell', 'georgia', 'united states']",austell,georgia,united states
477,armaf,armaf club de nuit intense + milestone + sillage 1.0 oz 3pc set + free sample,eau de parfum,65.0,US $65.00/ea,10.0,more than 10 available / 485 sold,485.0,"May 17, 2024 11:37:19 PDT","houston, texas, united states",for men,"['houston', 'texas', 'united states']",houston,texas,united states
478,carolina herrera,carolina herrera 212 nyc men's edt 3.4 oz | eau de toilette spray,oil,39.99,US $39.99/ea,10.0,more than 10 available / 19 sold,19.0,"May 10, 2024 10:59:33 PDT","detroit, michigan, united states",for men,"['detroit', 'michigan', 'united states']",detroit,michigan,united states
479,myrurgia,yacht man dense by myrurgia cologne edt 3.3 / 3.4 oz new in box,oil,9.21,US $9.21/ea,202.0,"202 available / 3,093 sold",3093.0,"May 02, 2024 01:30:50 PDT","dallas, texas, united states",for men,"['dallas', 'texas', 'united states']",dallas,texas,united states
480,brut,brut original edt cologne for men 3.4 oz brand new in box,oil,13.89,US $13.89,9.0,9 available / 48 sold,48.0,"May 22, 2024 11:57:53 PDT","hackensack, new jersey, united states",for men,"['hackensack', 'new jersey', 'united states']",hackensack,new jersey,united states
481,armaf,odyssey mandarin sky limited edition edp perfume by armaf 100ml🥇top fragrance🥇,eau de parfum,45.0,US $45.00/ea,10.0,more than 10 available / 150 sold,150.0,"May 15, 2024 15:14:22 PDT","san diego, california, united states",for men,"['san diego', 'california', 'united states']",san diego,california,united states
482,calvin klein,ck one by calvin klein 3.4/3.3 oz edt spray for unisex new in no box same as pic,oil,21.95,US $21.95/ea,3.0,3 available / 189 sold,189.0,"Apr 23, 2024 19:35:29 PDT","new york, new york, united states",for men,"['new york', 'new york', 'united states']",new york,new york,united states
483,penhaligon's,portraits the tragedy of lord george by penhaligon's edp spray 2.5oz/75ml,eau de parfum,71.99,US $71.99,5.0,5 available / 3 sold,3.0,"May 21, 2024 00:10:23 PDT","newyork, hong kong",for men,"['newyork', 'hong kong']",newyork,,china
484,ed hardy,ed hardy hearts & daggers 3.4 oz edt cologne spray for men new in box,oil,20.25,US $20.25/ea,311.0,"311 available / 6,633 sold",6633.0,"May 23, 2024 14:38:05 PDT","dallas, texas, united states",for men,"['dallas', 'texas', 'united states']",dallas,texas,united states
485,paco rabanne,1 million men cologne handmade stronger with pheromones for sexual attraction!,oil,17.98,US $17.98,10.0,more than 10 available / 4 sold,4.0,"May 15, 2024 17:31:27 PDT","austell, georgia, united states",for men,"['austell', 'georgia', 'united states']",austell,georgia,united states
486,tommy hilfiger,tommy by tommy hilfiger cologne for men 0.5 oz eau de toilette spray new as pic,oil,9.95,US $9.95/ea,5.0,5 available / 269 sold,269.0,"May 21, 2024 05:43:41 PDT","beauty maxima, united states, united states",for men,"['beauty maxima', 'united states', 'united states']",beauty maxima,united states,united states
487,hollister,hollister jake cologne eau de cologne 1.7 oz/50 ml ne🦋 sealed men,cologne,28.97,US $28.97/ea,9.0,9 available / 12 sold,12.0,,"chesapeake, virginia, united states",for men,"['chesapeake', 'virginia', 'united states']",chesapeake,virginia,united states
488,j. del pozo,halloween man hero by jesus del pozo cologne edt 4.2 oz new in box,oil,28.11,US $28.11/ea,7.0,7 available / 542 sold,542.0,"May 24, 2024 08:33:10 PDT","dallas, texas, united states",for men,"['dallas', 'texas', 'united states']",dallas,texas,united states
489,fm,new frederic malle carnal flower dominique ropion mini travel spray .12oz/3.5ml,editions parfums,16.85,US $16.85/ea,4.0,4 available / 16 sold,16.0,"May 20, 2024 06:43:11 PDT","nashua, new hampshire, united states",for men,"['nashua', 'new hampshire', 'united states']",nashua,new hampshire,united states
490,valentino,valentino uomo born in roma coral fantasy 3.4 oz edt cologne new in box,oil,103.98,US $103.98,2.0,limited quantity available / 350 sold,350.0,"May 22, 2024 16:56:40 PDT","hackensack, new jersey, united states",for men,"['hackensack', 'new jersey', 'united states']",hackensack,new jersey,united states
491,coach,coach green by coach cologne for men edt 3.3 /3.4  oz new tester,oil,39.99,US $39.99/ea,13.0,13 available / 35 sold,35.0,"May 24, 2024 06:43:00 PDT","melissa, texas, united states",for men,"['melissa', 'texas', 'united states']",melissa,texas,united states
492,dior,dior homme cologne eau de toilette spray 4.2 oz / 125ml - read details,cologne,89.99,US $89.99,7.0,7 available / 129 sold,129.0,"May 22, 2024 09:17:01 PDT","union, new jersey, united states",for men,"['union', 'new jersey', 'united states']",union,new jersey,united states
493,paco rabanne,paco rabanne invictus legend 5.1 fl oz / 150 ml eau de parfum spray - rare item,eau de parfum,140.0,US $140.00,1.0,last one / 2 sold,2.0,,"franklin square, new york, united states",for men,"['franklin square', 'new york', 'united states']",franklin square,new york,united states
494,hugo boss,boss bottled infinite by hugo boss edp for men 3.3 oz / 100 ml *new*,eau de parfum,52.99,US $52.99,1.0,last one / 7 sold,7.0,,"miami, florida, united states",for men,"['miami', 'florida', 'united states']",miami,florida,united states
495,paris hilton,paris hilton edt cologne spray 3.4 oz 3.3 men new in retail box,oil,25.49,US $25.49/ea,16.0,"16 available / 2,093 sold",2093.0,"May 13, 2024 19:01:09 PDT","dallas, texas, united states",for men,"['dallas', 'texas', 'united states']",dallas,texas,united states
496,dolce & gabbana,dolce & gabbana pour homme 4.2 oz d&g cologne for men tester with cap,oil,33.37,US $33.37/ea,5.0,5 available / 400 sold,400.0,"May 23, 2024 11:42:30 PDT","hackensack, new jersey, united states",for men,"['hackensack', 'new jersey', 'united states']",hackensack,new jersey,united states
497,paco rabanne,invictus by paco rabanne 6.8 oz. eau de toilette spray for men. new. no box,oil,64.99,US $64.99/ea,10.0,10 available / 313 sold,313.0,"May 24, 2024 01:41:58 PDT","katy, texas, united states",for men,"['katy', 'texas', 'united states']",katy,texas,united states
498,giorgio armani,armani code by giorgio armani 4.2 oz mens eau de toilette spray new & sealed box,oil,39.99,US $39.99/ea,8.0,8 available / 26 sold,26.0,"May 23, 2024 10:39:37 PDT","sterrett, alabama, united states",for men,"['sterrett', 'alabama', 'united states']",sterrett,alabama,united states
499,kenneth cole,kenneth cole black cologne for men 3.4 oz edt spray new in box,oil,24.15,US $24.15/ea,10.0,more than 10 available / 14 sold,14.0,,"miami, florida, united states",for men,"['miami', 'florida', 'united states']",miami,florida,united states
500,unbranded,armaf club de nuit iconic 3.6 fl.oz eau de parfum | armaf's exclusive new launch,eau de perfume,35.99,US $35.99,5.0,5 available / 27 sold,27.0,"May 23, 2024 20:05:31 PDT","shenzhen, china",for men,"['shenzhen', 'china']",shenzhen,,china
501,calvin klein,ck one by calvin klein cologne perfume unisex 3.4 oz new in box us stock,eau de parfum,21.27,US $21.27/ea,10.0,more than 10 available / 30 sold,30.0,"May 09, 2024 20:48:12 PDT","rowland heights, california, united states",for men,"['rowland heights', 'california', 'united states']",rowland heights,california,united states
502,john varvatos,john varvatos oud 4.1/4.1 oz eau de parfum 100 ml spray for men,eau de parfum,79.99,US $79.99/ea,10.0,more than 10 available / 17 sold,17.0,"May 10, 2024 17:42:19 PDT","el cajon, california, united states",for men,"['el cajon', 'california', 'united states']",el cajon,california,united states
503,dolce & gabbana,dolce & gabbana light blue men cologne edt 4.2oz crisp oceanic scent breeze,oil,29.99,US $29.99/ea,6.0,6 available / 10 sold,10.0,"May 24, 2024 07:13:43 PDT","detroit, michigan, united states",for men,"['detroit', 'michigan', 'united states']",detroit,michigan,united states
504,giorgio armani,giorgio armani code men 4.2oz edt designer fragrance spray elegant sealed new,oil,38.25,US $38.25/ea,5.0,5 available / 8 sold,8.0,"May 23, 2024 07:48:48 PDT","romulus, michigan, united states",for men,"['romulus', 'michigan', 'united states']",romulus,michigan,united states
505,as shown,fahrenheit eau de toilette 3.4 oz/100 ml edt cologne spray for men new in box,oil,49.99,US $49.99/ea,20.0,20 available / 15 sold,15.0,"May 24, 2024 02:29:59 PDT","dayton,new jersey, hong kong",for men,"['dayton', 'new jersey', 'hong kong']",dayton,new jersey,china
506,heaven scents,taj perfume 100 ml by heaven scents arabian fragrance made in dubai  perfuma,eau de perfume,139.99,US $139.99/ea,4.0,4 available / 46 sold,46.0,"May 11, 2024 15:09:30 PDT","bridgeview, illinois, united states",for men,"['bridgeview', 'illinois', 'united states']",bridgeview,illinois,united states
507,abercrombie & fitch,fierce by abercrombie & fitch 6.7oz/200ml men's eau de cologne brand new ~sealed,cologne,49.49,US $49.49/ea,10.0,more than 10 available / 463 sold,463.0,"May 23, 2024 08:07:45 PDT","detroit, michigan, united states",for men,"['detroit', 'michigan', 'united states']",detroit,michigan,united states
508,sean john,sean john i am king edt cologne spray for men 3.4 oz - new in box,oil,24.99,US $24.99/ea,10.0,more than 10 available / 116 sold,116.0,"May 24, 2024 04:29:16 PDT","miami, florida, united states",for men,"['miami', 'florida', 'united states']",miami,florida,united states
509,ralph lauren,polo cologne intense by ralph lauren for men edc 8.0 oz new in box,cologne,53.99,US $53.99/ea,129.0,129 available / 229 sold,229.0,"May 24, 2024 06:09:16 PDT","dallas, texas, united states",for men,"['dallas', 'texas', 'united states']",dallas,texas,united states
510,gucci,gucci guilty pour homme by gucci cologne edp 3.0 oz new tester,eau de parfum,68.99,US $68.99/ea,8.0,8 available / 248 sold,248.0,"May 17, 2024 12:14:48 PDT","dallas, texas, united states",for men,"['dallas', 'texas', 'united states']",dallas,texas,united states
511,coach,coach blue 3.3 oz edt eau de toilette spray mens cologne 100 ml new tester,oil,29.99,US $29.99/ea,10.0,more than 10 available / 286 sold,286.0,"May 15, 2024 11:50:00 PDT","edison, new jersey, united states",for men,"['edison', 'new jersey', 'united states']",edison,new jersey,united states
512,secertmu,"50ml savagery pheromone men perfume, pheromone cologne for men attract women",eau de perfume,11.99,US $11.99/ea,10.0,more than 10 available / 51 sold,51.0,"May 18, 2024 15:24:03 PDT","los angeles, california, united states",for men,"['los angeles', 'california', 'united states']",los angeles,california,united states
513,coach,coach green by coach cologne for men edt 3.3 /3.4  oz new tester,oil,41.99,US $41.99/ea,15.0,15 available / 248 sold,248.0,"May 24, 2024 07:21:29 PDT","dallas, texas, united states",for men,"['dallas', 'texas', 'united states']",dallas,texas,united states
514,yves saint laurent,yves saint laurent l'homme 3.3 oz men's eau de parfum,eau de parfum,84.59,US $84.59,3.0,3 available / 19 sold,19.0,"May 23, 2024 22:26:34 PDT","brooklyn, new york, united states",for men,"['brooklyn', 'new york', 'united states']",brooklyn,new york,united states
515,valentino,valentino uomo born in roma 3.4.oz /100ml eau de toilette spray for men,oil,75.99,US $75.99/ea,2.0,2 available / 8 sold,8.0,"May 24, 2024 00:48:30 PDT","walnut, california, hong kong",for men,"['walnut', 'california', 'hong kong']",walnut,california,china
516,carolina herrera,212 men nyc by carolina herrera 3.4 fl oz edt cologne for men new in box,oil,39.99,US $39.99/ea,10.0,more than 10 available / 207 sold,207.0,"May 23, 2024 08:07:32 PDT","lincoln park, michigan, united states",for men,"['lincoln park', 'michigan', 'united states']",lincoln park,michigan,united states
517,hermès,terre d'hermes by hermes cologne for men edt 3.3 / 3.4 oz new in box,oil,64.88,US $64.88/ea,16.0,16 available / 292 sold,292.0,"May 20, 2024 18:27:48 PDT","dallas, texas, united states",for men,"['dallas', 'texas', 'united states']",dallas,texas,united states
518,paco rabanne,paco rabanne 1 million 3.4 oz men's edt bold signature scent new,oil,49.99,US $49.99/ea,5.0,5 available / 21 sold,21.0,"May 18, 2024 08:34:44 PDT","macomb, michigan, united states",for men,"['macomb', 'michigan', 'united states']",macomb,michigan,united states
519,tommy bahama,maritime deep blue by tommy bahama 4.2 oz cologne for men new in box,cologne,32.62,US $32.62/ea,10.0,more than 10 available / 242 sold,242.0,"May 23, 2024 09:27:28 PDT","hackensack, new jersey, united states",for men,"['hackensack', 'new jersey', 'united states']",hackensack,new jersey,united states
520,polo,polo ralph lauren 4.0 oz cologne intense spray for men 118 ml nib,eau de parfum,37.59,US $37.59/ea,10.0,more than 10 available / 78 sold,78.0,"Apr 12, 2024 09:33:58 PDT","edison, new jersey, united states",for men,"['edison', 'new jersey', 'united states']",edison,new jersey,united states
521,ralph lauren,polo red by ralph lauren 4.2 oz edt cologne for men brand new,oil,29.46,US $29.46,10.0,more than 10 available / 43 sold,43.0,"May 22, 2024 10:10:03 PDT","hackensack, new jersey, united states",for men,"['hackensack', 'new jersey', 'united states']",hackensack,new jersey,united states
522,karl lagerfeld,lagerfeld classic by lagerfeld 5 oz edt cologne for men new in box,oil,25.1,US $25.10/ea,2.0,"limited quantity available / 5,076 sold",5076.0,"May 22, 2024 18:19:59 PDT","hackensack, new jersey, united states",for men,"['hackensack', 'new jersey', 'united states']",hackensack,new jersey,united states
523,giorgio armani,giorgio armani aqua di gio men's 3.4 oz edt classic scent brand new,oil,29.99,US $29.99/ea,9.0,9 available / 6 sold,6.0,"May 24, 2024 05:51:42 PDT","warren, michigan, united states",for men,"['warren', 'michigan', 'united states']",warren,michigan,united states
524,ralph lauren,polo blue by ralph lauren cologne for men 4.2 oz brand new,oil,31.99,US $31.99,9.0,9 available / 35 sold,35.0,"May 24, 2024 02:00:07 PDT","hackensack, new jersey, united states",for men,"['hackensack', 'new jersey', 'united states']",hackensack,new jersey,united states
525,lacoste,l'homme lacoste intense by lacoste cologne edt 3.3 / 3.4 oz new in box,oil,32.5,US $32.50/ea,40.0,40 available / 634 sold,634.0,"May 10, 2024 10:21:09 PDT","dallas, texas, united states",for men,"['dallas', 'texas', 'united states']",dallas,texas,united states
526,giorgio armani,armani acqua di gio 6.7 oz men's edt iconic aquatic fragrance sealed,oil,48.95,US $48.95/ea,6.0,6 available / 40 sold,40.0,"May 22, 2024 10:16:51 PDT","fourmile, kentucky, united states",for men,"['fourmile', 'kentucky', 'united states']",fourmile,kentucky,united states
527,paco rabanne,phantom by paco rabanne 5.1 oz edt refillable cologne for men brand new in box,oil,84.6,US $84.60/ea,2.0,limited quantity available / 111 sold,111.0,"May 22, 2024 11:53:06 PDT","hackensack, new jersey, united states",for men,"['hackensack', 'new jersey', 'united states']",hackensack,new jersey,united states
528,lalique,lalique pour homme lion / lalique edp spray 4.2 oz (m),eau de parfum,27.25,US $27.25,3.0,3 available / 24 sold,24.0,"May 22, 2024 11:50:35 PDT","brooklyn, new york, united states",for men,"['brooklyn', 'new york', 'united states']",brooklyn,new york,united states
529,giorgio armani,giorgio armani acqua di gio 3.4 oz men's eau de toilette spray brand new.,oil,27.5,US $27.50/ea,3.0,3 available / 18 sold,18.0,"May 22, 2024 12:46:11 PDT","warren, michigan, united states",for men,"['warren', 'michigan', 'united states']",warren,michigan,united states
530,afnan,afnan men's modest une pour homme edp spray 3.4 oz fragrances 6290171001966,eau de parfum,24.43,US $24.43,3.0,3 available / 16 sold,16.0,"May 23, 2024 09:08:51 PDT","brooklyn, new york, united states",for men,"['brooklyn', 'new york', 'united states']",brooklyn,new york,united states
531,giorgio armani,giorgio armani acqua di gio parfum 4.2 oz / 125 ml refillable spray for men,eau de perfume,128.99,US $128.99/ea,10.0,more than 10 available / 9 sold,9.0,"May 21, 2024 16:16:24 PDT","new york, new york, united states",for men,"['new york', 'new york', 'united states']",new york,new york,united states
532,guy laroche,"drakkar noir by guy laroche, 2.6oz intense cooling deodorant stick men",deodorant,15.95,US $15.95/ea,10.0,more than 10 available / 257 sold,257.0,"Mar 24, 2024 07:42:00 PDT","hicksville, new york, united states",for men,"['hicksville', 'new york', 'united states']",hicksville,new york,united states
533,viktor & rolf,spicebomb night vision by viktor & rolf cologne men edt 3 / 3.0 oz new in box,oil,68.99,US $68.99/ea,7.0,7 available / 27 sold,27.0,"May 22, 2024 10:04:40 PDT","melissa, texas, united states",for men,"['melissa', 'texas', 'united states']",melissa,texas,united states
534,zara,zara sunrise on the red sand dunes (mylene alran) 3.4oz (100ml) edp spray sealed,eau de parfum,58.95,US $58.95,5.0,5 available / 12 sold,12.0,"May 23, 2024 21:06:08 PDT","englewood, new jersey, united states",for men,"['englewood', 'new jersey', 'united states']",englewood,new jersey,united states
535,armaf,armaf odyssey mandarin sky eau de parfum for men 3.4 oz / 100ml,eau de parfum,33.99,US $33.99,22.0,22 available / 2 sold,2.0,"May 19, 2024 18:24:26 PDT","miami, florida, united states",for men,"['miami', 'florida', 'united states']",miami,florida,united states
536,milestone perfumes,intimation by milestone eau de parfum 3.4 oz men,eau de parfum,34.99,US $34.99,8.0,8 available / 4 sold,4.0,,"virginia beach, virginia, united states",for men,"['virginia beach', 'virginia', 'united states']",virginia beach,virginia,united states
537,issey miyake,l'eau d'issey by issey miyake pour homme eau de toilette ~ 2.5 fl oz ~ sealed,oil,26.95,US $26.95,4.0,4 available / 5 sold,5.0,,"oneida, tennessee, united states",for men,"['oneida', 'tennessee', 'united states']",oneida,tennessee,united states
538,kenzo,kenzo homme 3.7 oz/ 110 ml eau de toilette intense spray for men. new sealed box,oil,47.99,US $47.99/ea,10.0,10 available / 165 sold,165.0,"May 24, 2024 08:20:39 PDT","katy, texas, united states",for men,"['katy', 'texas', 'united states']",katy,texas,united states
539,mercedes benz,mercedes-benz men's mercedes-benz club black edt 3.4 oz fragrances 3595471041197,oil,49.81,US $49.81,3.0,3 available / 15 sold,15.0,"May 22, 2024 20:56:36 PDT","brooklyn, new york, united states",for men,"['brooklyn', 'new york', 'united states']",brooklyn,new york,united states
540,as shown,eros eau de toilette spray 3.4 oz edp cologne for men new in box,oil,35.99,US $35.99/ea,10.0,10 available / 46 sold,46.0,"May 23, 2024 17:33:21 PDT","new york,united states, taiwan",for men,"['new york', 'united states', 'taiwan']",new york,united states,taiwan
541,armaf,club de nuit intense (limited edition) armaf men pure parfum 3.6 oz new in box,de nuit,62.99,US $62.99/ea,3.0,3 available / 61 sold,61.0,"May 23, 2024 00:04:13 PDT","melissa, texas, united states",for men,"['melissa', 'texas', 'united states']",melissa,texas,united states
542,yves saint laurent,ysl y l'elixir parfum concentre 10ml/.33 travel spray men yves saint laurent new,eau de perfume,25.95,US $25.95,10.0,more than 10 available / 2 sold,2.0,"May 22, 2024 18:23:16 PDT","sammamish, washington, united states",for men,"['sammamish', 'washington', 'united states']",sammamish,washington,united states
543,lalique,encre noire a lextreme / lalique edp spray 3.3 oz (100 ml) (m),eau de parfum,28.19,US $28.19,3.0,3 available / 10 sold,10.0,"May 21, 2024 15:32:31 PDT","brooklyn, new york, united states",for men,"['brooklyn', 'new york', 'united states']",brooklyn,new york,united states
544,liz claiborne,curve wave cologne for men by liz claiborne 4.2 oz new in box / can,oil,17.02,US $17.02/ea,73.0,"73 available / 3,823 sold",3823.0,"May 09, 2024 16:02:55 PDT","dallas, texas, united states",for men,"['dallas', 'texas', 'united states']",dallas,texas,united states
545,givenchy,givenchy pi by givenchy eau de toilette for men 3.3 oz / 100 ml *new sealed box*,oil,44.99,US $44.99,10.0,more than 10 available / 32 sold,32.0,"May 08, 2024 10:32:03 PDT","miami, florida, united states",for men,"['miami', 'florida', 'united states']",miami,florida,united states
546,unbranded,men's perfume-cupid hypnosis pheromone-infused cologne fragrances charm toilette,eau de perfume,15.99,US $15.99,10.0,more than 10 available / 136 sold,136.0,"May 23, 2024 14:39:34 PDT","houston, texas, united states",for men,"['houston', 'texas', 'united states']",houston,texas,united states
547,calvin klein,calvin klein euphoria men 3.3 oz after shave 100 ml nib,aftershave,23.79,US $23.79/ea,5.0,5 available / 83 sold,83.0,"May 23, 2024 15:45:55 PDT","edison, new jersey, united states",for men,"['edison', 'new jersey', 'united states']",edison,new jersey,united states
548,giorgio armani,armani acqua di gio for men 2 piece set 3.4 oz edt + deodorant *new in box*,oil,54.99,US $54.99,10.0,more than 10 available / 384 sold,384.0,"Mar 27, 2024 09:01:18 PDT","miami, florida, united states",for men,"['miami', 'florida', 'united states']",miami,florida,united states
549,paco rabanne,paco rabanne men's ultrared edt spray 3.4 oz fragrances 3349666005972,oil,36.65,US $36.65,3.0,3 available / 11 sold,11.0,"May 23, 2024 10:20:53 PDT","brooklyn, new york, united states",for men,"['brooklyn', 'new york', 'united states']",brooklyn,new york,united states
550,john varvatos,john varvatos 4.2 oz edt cologne for men new in box sealed,oil,33.36,US $33.36/ea,4.0,4 available / 453 sold,453.0,"May 20, 2024 20:52:08 PDT","dallas, texas, united states",for men,"['dallas', 'texas', 'united states']",dallas,texas,united states
551,ralph lauren,safari by ralph lauren cologne for men edt 4.2 oz new in box,oil,54.52,US $54.52/ea,51.0,51 available / 143 sold,143.0,"May 23, 2024 08:22:12 PDT","dallas, texas, united states",for men,"['dallas', 'texas', 'united states']",dallas,texas,united states
552,moschino,uomo moschino by moschino 4.2 oz edt cologne for men new in box,oil,22.87,US $22.87/ea,74.0,74 available / 440 sold,440.0,"May 22, 2024 09:09:10 PDT","dallas, texas, united states",for men,"['dallas', 'texas', 'united states']",dallas,texas,united states
553,giorgio armani,giorgio armani acqua di gio profumo 4.2 oz edc cologne for men spray new in box,cologne,129.99,US $129.99,1.0,last one / 14 sold,14.0,"May 23, 2024 02:25:32 PDT","california or hong kong, hong kong",for men,"['california or hong kong', 'hong kong']",california or hong kong,,china
554,ralph lauren,polo green by ralph lauren 8 / 8.0 oz edt cologne for men new in box,oil,72.56,US $72.56,10.0,"more than 10 available / 3,171 sold",3171.0,"May 23, 2024 04:38:13 PDT","hackensack, new jersey, united states",for men,"['hackensack', 'new jersey', 'united states']",hackensack,new jersey,united states
555,azzaro,azzaro sport by azzaro cologne for men edt 3.38 oz new in box,oil,18.96,US $18.96/ea,2.0,"limited quantity available / 1,034 sold",1034.0,"May 20, 2024 22:52:48 PDT","dallas, texas, united states",for men,"['dallas', 'texas', 'united states']",dallas,texas,united states
556,coty,playboy hollywood cologne by coty 3.4 oz eau de toilette spray for men new inbox,oil,9.99,US $9.99/ea,7.0,7 available / 103 sold,103.0,"May 23, 2024 12:45:56 PDT","tx, united states",for men,"['tx', 'united states']",tx,,united states
557,dior,eau sauvage by christian dior cologne for men edt 3.3 / 3.4 oz unboxed as imaged,oil,67.99,US $67.99/ea,5.0,5 available / 28 sold,28.0,"Apr 30, 2024 19:09:09 PDT","princeton junction, new jersey, united states",for men,"['princeton junction', 'new jersey', 'united states']",princeton junction,new jersey,united states
558,franck olivier,franck olivier men's night touch edt 3.4 oz fragrances 3516642117114,fragrances,17.85,US $17.85,3.0,3 available / 6 sold,6.0,"May 23, 2024 20:14:23 PDT","brooklyn, new york, united states",for men,"['brooklyn', 'new york', 'united states']",brooklyn,new york,united states
559,kenneth cole,blue kenneth cole cologne for men 3.4 oz 3.3 edt spray new in box,oil,28.42,US $28.42/ea,60.0,60 available / 731 sold,731.0,"May 19, 2024 19:06:00 PDT","dallas, texas, united states",for men,"['dallas', 'texas', 'united states']",dallas,texas,united states
560,missoni,missoni men's pour homme edp spray 3.4 oz (tester) fragrances 8011003841431,fragrances,30.07,US $30.07,3.0,3 available / 12 sold,12.0,"May 23, 2024 20:20:19 PDT","brooklyn, new york, united states",for men,"['brooklyn', 'new york', 'united states']",brooklyn,new york,united states
561,halston,halston z -14 by halston cologne 4.2 oz edc for men new tester,cologne,15.51,US $15.51/ea,113.0,"113 available / 4,443 sold",4443.0,"May 21, 2024 06:22:07 PDT","dallas, texas, united states",for men,"['dallas', 'texas', 'united states']",dallas,texas,united states
562,cologne,givenchy pour homme cologne for men 3.4 oz / 3.3 oz edt new in box,oil,38.94,US $38.94/ea,66.0,"66 available / 2,247 sold",2247.0,"May 24, 2024 10:18:06 PDT","dallas, texas, united states",for men,"['dallas', 'texas', 'united states']",dallas,texas,united states
563,paco rabanne,1 million parfum by paco rabanne parfum spray (tester) 3.4 oz mens,eau de parfum,68.99,US $68.99/ea,6.0,6 available / 59 sold,59.0,"May 23, 2024 23:00:53 PDT","melissa, texas, united states",for men,"['melissa', 'texas', 'united states']",melissa,texas,united states
564,unbranded,cologne for men lot 2 piece,cologne,18.0,US $18.00/ea,5.0,5 available / 3 sold,3.0,,"phenix city, alabama, united states",for men,"['phenix city', 'alabama', 'united states']",phenix city,alabama,united states
565,ysl,3.3 oz ysl yves saint laurent y eau de perfume spray cologne for men,eau de parfum,49.99,US $49.99,10.0,more than 10 available / 12 sold,12.0,"Apr 29, 2024 17:51:10 PDT","dayton,new jersey,usa, hong kong",for men,"['dayton', 'new jersey', 'usa', 'hong kong']",dayton,,china
566,prada,prada luna rossa ocean eau de toilette 3.3 oz / 100 ml spray with box new,oil,76.5,US $76.50/ea,2.0,2 available / 8 sold,8.0,"Apr 26, 2024 10:06:31 PDT","rochester, new york, united states",for men,"['rochester', 'new york', 'united states']",rochester,new york,united states
567,versace,versace pour homme oud noir 3.4 oz edp cologne for men new in box,eau de parfum,55.16,US $55.16/ea,2.0,"limited quantity available / 3,110 sold",3110.0,"May 24, 2024 07:53:50 PDT","hackensack, new jersey, united states",for men,"['hackensack', 'new jersey', 'united states']",hackensack,new jersey,united states
568,baron,the baron by baron 4.5 oz edc for men new in box,cologne,28.38,US $28.38/ea,4.0,"4 available / 1,433 sold",1433.0,"May 16, 2024 20:45:13 PDT","dallas, texas, united states",for men,"['dallas', 'texas', 'united states']",dallas,texas,united states
569,paco rabanne,one million golden oud parfum intense by paco rabanne sample 1.5ml new release,parfum intense,11.95,US $11.95/ea,10.0,more than 10 available / 18 sold,18.0,"May 08, 2024 03:13:17 PDT","pearland, texas, united states",for men,"['pearland', 'texas', 'united states']",pearland,texas,united states
570,giorgio armani,acqua di gio profondo giorgio armani 0.5oz / 15ml  edp spray new in sealed box,eau de parfum,27.0,US $27.00,6.0,6 available / 5 sold,5.0,"May 19, 2024 15:46:01 PDT","mclean, virginia, united states",for men,"['mclean', 'virginia', 'united states']",mclean,virginia,united states
571,liz claiborne,bora bora by liz claiborne cologne for men edc 3.3 / 3.4 oz new in box,cologne,17.29,US $17.29/ea,226.0,"226 available / 1,370 sold",1370.0,"May 24, 2024 07:21:08 PDT","dallas, texas, united states",for men,"['dallas', 'texas', 'united states']",dallas,texas,united states
572,adidas,adidas dynamic pulse cologne men 3.4 / 3.3 oz edt brand new in box,oil,11.58,US $11.58,10.0,more than 10 available / 17 sold,17.0,,"new york, new york, united states",for men,"['new york', 'new york', 'united states']",new york,new york,united states
573,prada,prada luna rossa sport 3.3oz men's eau de toilette - ld008300,oil,79.99,US $79.99,5.0,5 available / 1 sold,1.0,,"memphis, tennessee, united states",for men,"['memphis', 'tennessee', 'united states']",memphis,tennessee,united states
574,armaf,club de nuit  by armaf 3.6/3.4oz./105ml edp spray for women new in box,eau de parfum,28.8,US $28.80/ea,10.0,more than 10 available / 712 sold,712.0,"May 12, 2024 16:15:40 PDT","brooklyn, new york, united states",for men,"['brooklyn', 'new york', 'united states']",brooklyn,new york,united states
575,gucci,guilty pour homme eau de parfum / gucci edp spray 3.0 oz (90 ml) (m),eau de parfum,74.25,US $74.25,3.0,3 available / 16 sold,16.0,"May 23, 2024 10:32:44 PDT","brooklyn, new york, united states",for men,"['brooklyn', 'new york', 'united states']",brooklyn,new york,united states
576,prada,prada luna rossa black / prada edp spray 3.4 oz (100 ml) (m),eau de parfum,90.45,US $90.45,3.0,3 available / 19 sold,19.0,"May 24, 2024 08:32:51 PDT","brooklyn, new york, united states",for men,"['brooklyn', 'new york', 'united states']",brooklyn,new york,united states
577,dolce & gabbana,12 dolce & gabbana the one luminous night exclusive edition sample spray 0.8ml,eau de parfum,28.95,US $28.95,1.0,last one / 81 sold,81.0,"May 22, 2024 03:59:00 PDT","pearland, texas, united states",for men,"['pearland', 'texas', 'united states']",pearland,texas,united states
578,guerlain,heritage by guerlain 3.4oz/100ml eau de toilette spray for men new in box,oil,94.99,US $94.99,3.0,3 available / 24 sold,24.0,"Apr 14, 2024 16:22:25 PDT","brooklyn, new york, united states",for men,"['brooklyn', 'new york', 'united states']",brooklyn,new york,united states
579,kenneth cole,black kenneth cole cologne for men 3.3 / 3.4 oz brand new in box,oil,24.14,US $24.14/ea,10.0,"more than 10 available / 9,265 sold",9265.0,"May 24, 2024 08:16:12 PDT","hackensack, new jersey, united states",for men,"['hackensack', 'new jersey', 'united states']",hackensack,new jersey,united states
580,jaguar,jaguar by jaguar for men green cologne 3.4 oz spray edt new in box,oil,15.65,US $15.65/ea,93.0,"93 available / 2,777 sold",2777.0,"May 21, 2024 10:00:07 PDT","dallas, texas, united states",for men,"['dallas', 'texas', 'united states']",dallas,texas,united states
581,branded,*perfume para hombre con feromonas de atraer mujeres fragancia colonia masculino,eau de perfume,17.99,US $17.99/ea,13.0,13 available / 1 sold,1.0,,"multiple location, united states",for men,"['multiple location', 'united states']",multiple location,,united states
582,giorgio armani,giorgio armani men's acqua di gio edp refillable spray 4.2 oz fragrances,eau de parfum,79.89,US $79.89,3.0,3 available / 15 sold,15.0,"May 23, 2024 09:26:46 PDT","brooklyn, new york, united states",for men,"['brooklyn', 'new york', 'united states']",brooklyn,new york,united states
583,parfums de marly,parfums de marly layton exclusif eau de parfum sample spray 1.5ml / 0.05oz,eau de parfum,13.95,US $13.95/ea,7.0,7 available / 41 sold,41.0,"May 16, 2024 02:46:25 PDT","pearland, texas, united states",for men,"['pearland', 'texas', 'united states']",pearland,texas,united states
584,giorgio armani,"armani code by giorgio armani, 4.2 oz parfum spray for men",gift sets,94.43,US $94.43/ea,10.0,more than 10 available / 98 sold,98.0,"May 23, 2024 15:19:07 PDT","edison, new jersey, united states",for men,"['edison', 'new jersey', 'united states']",edison,new jersey,united states
585,liz claiborne,curve crush by liz claiborne 4.2 oz cologne for men brand new tester,cologne,16.71,US $16.71/ea,83.0,"83 available / 7,816 sold",7816.0,"May 24, 2024 09:42:05 PDT","dallas, texas, united states",for men,"['dallas', 'texas', 'united states']",dallas,texas,united states
586,dolce & gabbana,dolce & gabbana cologne for men eau de toilette spray 2.5oz./75ml new (e2e-1351),oil,27.99,US $27.99,10.0,more than 10 available / 9 sold,9.0,,"jersey city, new jersey, united states",for men,"['jersey city', 'new jersey', 'united states']",jersey city,new jersey,united states
587,clinique,clinique happy for men handmade stronger with pheromones for super sexual allure,eau de parfum,17.98,US $17.98,10.0,more than 10 available / 40 sold,40.0,"May 16, 2024 12:30:32 PDT","austell, georgia, united states",for men,"['austell', 'georgia', 'united states']",austell,georgia,united states
588,dolce & gabbana,dolce & gabbana light blue forever pour homme 100ml / 3.3 oz edp spray rare,eau de parfum,119.99,US $119.99/ea,6.0,6 available / 21 sold,21.0,"May 22, 2024 15:48:32 PDT","sanborn, new york, united states",for men,"['sanborn', 'new york', 'united states']",sanborn,new york,united states
589,acqua di gio,acqua di gio by giorgio armani edt for men 3.4 oz / 100 ml in sealed box new,oil,15.99,US $15.99/ea,9.0,9 available / 78 sold,78.0,"May 23, 2024 17:35:17 PDT","new york,united states, hong kong",for men,"['new york', 'united states', 'hong kong']",new york,united states,china
590,yves saint laurent,yves saint laurent ysl m7 2.7 oz eau de toilette 80 ml spray for men,oil,75.99,US $75.99,10.0,more than 10 available / 19 sold,19.0,"Apr 29, 2024 19:07:25 PDT","el cajon, california, united states",for men,"['el cajon', 'california', 'united states']",el cajon,california,united states
591,cologne,ferragamo - mens cologne new and wrapped. 3.4 oz  or  1.7 oz edt pour homme,oil,14.99,US $14.99,7.0,7 available / 72 sold,72.0,"May 11, 2024 07:37:49 PDT","cabot, arkansas, united states",for men,"['cabot', 'arkansas', 'united states']",cabot,arkansas,united states
592,reyane tradition,insurrection ii sport by reyane tradition cologne for men edt 3.0 oz new in box,oil,25.96,US $25.96/ea,2.0,limited quantity available / 214 sold,214.0,"May 06, 2024 21:18:47 PDT","dallas, texas, united states",for men,"['dallas', 'texas', 'united states']",dallas,texas,united states
593,reyane tradition,insurrection ii wild 3.0 oz by reyane tradition eau de toilette men fragrance,oil,22.99,US $22.99,1.0,last one / 12 sold,12.0,"May 21, 2024 16:52:49 PDT","new york, new york, united states",for men,"['new york', 'new york', 'united states']",new york,new york,united states
594,old spice,"old spice cologne spray for men,classic scent,4.25 fl oz free shipping pack of 2",cologne,19.99,US $19.99,2.0,2 available / 132 sold,132.0,"May 23, 2024 17:38:31 PDT","stafford, texas, united states",for men,"['stafford', 'texas', 'united states']",stafford,texas,united states
595,mercedes benz,mercedes benz club black eau de toilette for men 1.7 oz / 50ml,oil,38.99,US $38.99/ea,33.0,33 available / 7 sold,7.0,"May 20, 2024 17:45:18 PDT","miami, florida, united states",for men,"['miami', 'florida', 'united states']",miami,florida,united states
596,dolce & gabbana,dolce & gabbana light blue forever pour homme eau de parfum spray 50 ml/1.6 oz.,eau de parfum,75.0,US $75.00,7.0,7 available / 1 sold,1.0,,"franklin square, new york, united states",for men,"['franklin square', 'new york', 'united states']",franklin square,new york,united states
597,burberry,burberry touch edt 3.4oz men's fragrance spray new sealed,oil,30.95,US $30.95/ea,10.0,more than 10 available / 16 sold,16.0,"May 21, 2024 09:06:31 PDT","detroit, michigan, united states",for men,"['detroit', 'michigan', 'united states']",detroit,michigan,united states
598,bath & body works,bath & body works men's collection teakwood cologne spray 3.4 fl ounce,cologne,59.97,US $59.97,10.0,more than 10 available / 35 sold,35.0,"Apr 12, 2024 14:07:41 PDT","dover, delaware, united states",for men,"['dover', 'delaware', 'united states']",dover,delaware,united states
599,burberry,burberry london classic by burberry 3.3 / 3.4 oz edt cologne for men new in box,oil,32.98,US $32.98/ea,10.0,"more than 10 available / 6,188 sold",6188.0,"May 23, 2024 21:24:43 PDT","hackensack, new jersey, united states",for men,"['hackensack', 'new jersey', 'united states']",hackensack,new jersey,united states
600,prada,ocean luna rossa by prada eau de toilette carded sample for men .04oz/1.2ml,oil,8.88,US $8.88,10.0,more than 10 available / 21 sold,21.0,"Apr 12, 2024 08:49:37 PDT","debary, florida, united states",for men,"['debary', 'florida', 'united states']",debary,florida,united states
601,dolce & gabbana,dolce & gabbana the one royal night exclusive edition 100ml/3.3 oz edp spray men,eau de parfum,114.99,US $114.99/ea,7.0,7 available / 13 sold,13.0,"May 24, 2024 10:00:08 PDT","sanborn, new york, united states",for men,"['sanborn', 'new york', 'united states']",sanborn,new york,united states
602,mirage brands,parfum azure noir intense men's cologne 3.4 oz edt perfume long lasting,oil,13.68,US $13.68,10.0,more than 10 available / 105 sold,105.0,"May 06, 2024 16:50:06 PDT","cumming, georgia, united states",for men,"['cumming', 'georgia', 'united states']",cumming,georgia,united states
603,lauren ralph lauren,ralph's club by ralph lauren cologne for men edp 3.3 / 3.4 oz new in box,eau de parfum,45.7,US $45.70/ea,102.0,102 available / 420 sold,420.0,"May 23, 2024 04:20:02 PDT","dallas, texas, united states",for men,"['dallas', 'texas', 'united states']",dallas,texas,united states
604,paco rabanne,invictus by paco rabanne cologne for men edt 6.8 oz new in box,oil,77.15,US $77.15/ea,8.0,8 available / 293 sold,293.0,"May 18, 2024 21:20:11 PDT","dallas, texas, united states",for men,"['dallas', 'texas', 'united states']",dallas,texas,united states
605,viktor & rolf,viktor & rolf spicebomb for men eau de toilette 20 ml 0.68 oz travel spray,oil,24.98,US $24.98,7.0,7 available / 8 sold,8.0,"May 24, 2024 08:54:56 PDT","new york, new york, united states",for men,"['new york', 'new york', 'united states']",new york,new york,united states
606,milestone perfumes,intimation by milestone eau de parfum 3.4 oz men,eau de parfum,19.89,US $19.89,10.0,more than 10 available / 21 sold,21.0,"May 24, 2024 10:13:17 PDT","miami, florida, united states",for men,"['miami', 'florida', 'united states']",miami,florida,united states
607,by al hambra,baroque rouge extrait by maison alhambra 3.4/3.3 oz edp spray unisex new in box,eau de parfum,21.8,US $21.80/ea,10.0,more than 10 available / 7 sold,7.0,"Apr 16, 2024 13:49:22 PDT","new york, new york, united states",for men,"['new york', 'new york', 'united states']",new york,new york,united states
608,giorgio armani,giorgio armani acqua di gio 3.4 oz men's eau de toilette spray new sealed box,oil,27.9,US $27.90/ea,5.0,5 available / 157 sold,157.0,"May 17, 2024 20:51:19 PDT","hamtramck, michigan, united states",for men,"['hamtramck', 'michigan', 'united states']",hamtramck,michigan,united states
609,yves saint laurent,kouros by yves saint laurent 3.3 edt cologne men 3.4 oz ysl new in box,oil,58.95,US $58.95/ea,150.0,150 available / 545 sold,545.0,"May 24, 2024 10:27:08 PDT","dallas, texas, united states",for men,"['dallas', 'texas', 'united states']",dallas,texas,united states
610,creed,creed green irish tweed 2.5ml men vial,eau de parfum,9.99,US $9.99/ea,10.0,more than 10 available / 141 sold,141.0,"May 23, 2024 14:11:08 PDT","edison, new jersey, united states",for men,"['edison', 'new jersey', 'united states']",edison,new jersey,united states
611,yves saint laurent,yves saint laurent myslf 100ml / 3.3 oz edp spray for men new with sealed box,eau de parfum,83.99,US $83.99,5.0,5 available / 5 sold,5.0,"May 23, 2024 23:59:45 PDT","united states, hong kong",for men,"['united states', 'hong kong']",united states,,china
612,unbranded,hawas for him eau de parfum by rasasi 100ml 3.4 fl oz hot,eau de parfum,15.89,US $15.89,3.0,3 available / 8 sold,8.0,"May 24, 2024 09:08:17 PDT","shanghai, china",for men,"['shanghai', 'china']",shanghai,,china
613,carolina herrera,ch men sport carolina herrera cologne edt 3.4 oz 3.3 new tester,oil,32.13,US $32.13/ea,47.0,47 available / 85 sold,85.0,"May 13, 2024 13:58:55 PDT","dallas, texas, united states",for men,"['dallas', 'texas', 'united states']",dallas,texas,united states
614,clive christian,jump up and kiss me hedonistic (2021) by clive christian 2ml vial spray new,eau de parfum,13.0,US $13.00,3.0,3 available / 14 sold,14.0,"May 15, 2024 22:29:13 PDT","fort walton beach, florida, united states",for men,"['fort walton beach', 'florida', 'united states']",fort walton beach,florida,united states
615,tom ford,"new tom ford grey vetiver parfum sample spray .05oz, 1.5ml",eau de perfume,13.05,US $13.05,3.0,3 available / 9 sold,9.0,"May 15, 2024 19:24:33 PDT","jacksonville, florida, united states",for men,"['jacksonville', 'florida', 'united states']",jacksonville,florida,united states
616,viktor & rolf,"spicebomb night vision by viktor & rolf, 3 oz edp spray for men",eau de parfum,74.92,US $74.92/ea,6.0,6 available / 116 sold,116.0,"May 24, 2024 08:50:35 PDT","edison, new jersey, united states",for men,"['edison', 'new jersey', 'united states']",edison,new jersey,united states
617,mont blanc,legend night by mont blanc cologne men edp 3.3 / 3.4 oz new in box,eau de perfume,35.62,US $35.62/ea,47.0,47 available / 454 sold,454.0,"May 22, 2024 13:15:02 PDT","dallas, texas, united states",for men,"['dallas', 'texas', 'united states']",dallas,texas,united states
618,giorgio armani,armani code by giorgio armani edt for men 4.2 oz / 125 ml new in sealed box,oil,41.99,US $41.99/ea,9.0,9 available / 132 sold,132.0,"May 24, 2024 04:20:12 PDT","thomasville, alabama, united states",for men,"['thomasville', 'alabama', 'united states']",thomasville,alabama,united states
619,abercrombie & fitch,abercrombie & fitch fierce 6.7 oz 200 ml eau de cologne brand new sealed box,cologne,49.99,US $49.99/ea,8.0,8 available / 376 sold,376.0,"May 24, 2024 00:02:15 PDT","warren, michigan, united states",for men,"['warren', 'michigan', 'united states']",warren,michigan,united states
620,as shown,a v-entus eau de parfum 3.3 oz 100ml millesime edp cologne for men new in box,eau de parfum,109.99,US $109.99,10.0,more than 10 available / 5 sold,5.0,"May 23, 2024 19:11:36 PDT","north york, ontario, canada",for men,"['north york', 'ontario', 'canada']",north york,ontario,canada
621,rasasi,brilliant silver edp perfume by rasasi 100 ml:🥇hot new rasasi premium line🥇,eau de parfum,41.95,US $41.95,1.0,last one / 7 sold,7.0,"May 20, 2024 09:41:59 PDT","bridgeview, illinois, united states",for men,"['bridgeview', 'illinois', 'united states']",bridgeview,illinois,united states
622,calvin klein,ck one by calvin klein cologne perfume unisex 3.4 oz new in box fast shipping,eau de parfum,21.27,US $21.27/ea,10.0,more than 10 available / 112 sold,112.0,"May 23, 2024 08:39:28 PDT",united states,for men,['united states'],united states,,united states
623,armaf,club de nuit intense by armaf 6.8 oz edp cologne for men new in box,eau de parfum,54.26,US $54.26/ea,2.0,"limited quantity available / 2,550 sold",2550.0,"May 22, 2024 06:00:09 PDT","hackensack, new jersey, united states",for men,"['hackensack', 'new jersey', 'united states']",hackensack,new jersey,united states
624,maison alhambra,glacier le noir by maison alhambra 3.4oz edp for men new sealed can,eau de parfum,26.5,US $26.50,1.0,last one / 3 sold,3.0,"May 18, 2024 08:01:01 PDT","new york, new york, united states",for men,"['new york', 'new york', 'united states']",new york,new york,united states
625,paco rabanne,"paco rabanne one million - distinct 3.4oz men's edt cologne, sealed",oil,50.99,US $50.99/ea,6.0,6 available / 15 sold,15.0,"May 23, 2024 11:00:52 PDT","dearborn heights, michigan, united states",for men,"['dearborn heights', 'michigan', 'united states']",dearborn heights,michigan,united states
626,dolce & gabbana,k by dolce & gabbana cologne for men edp 3.3 / 3.4 oz new tester,eau de perfume,46.15,US $46.15/ea,36.0,36 available / 494 sold,494.0,"May 23, 2024 08:46:32 PDT","dallas, texas, united states",for men,"['dallas', 'texas', 'united states']",dallas,texas,united states
627,dolce & gabbana,dolce & gabbana k (king) eau de parfum intense for men 3.3 oz / 100ml,eau de parfum,77.99,US $77.99,33.0,33 available / 9 sold,9.0,"Apr 21, 2024 23:06:38 PDT","miami, florida, united states",for men,"['miami', 'florida', 'united states']",miami,florida,united states
628,giorgio armani,emporio armani stronger with you intensely 3.4 oz edp cologne for men new in box,eau de parfum,110.08,US $110.08,2.0,limited quantity available / 684 sold,684.0,"May 23, 2024 04:38:15 PDT","hackensack, new jersey, united states",for men,"['hackensack', 'new jersey', 'united states']",hackensack,new jersey,united states
629,franck olivier,franck olivier men's pure homme edt spray 3.4 oz fragrances 3516642062117,fragrances,18.79,US $18.79,2.0,2 available / 9 sold,9.0,"May 23, 2024 21:56:59 PDT","brooklyn, new york, united states",for men,"['brooklyn', 'new york', 'united states']",brooklyn,new york,united states
630,burberry,burberry men's classic 3.3 oz / 100 ml edt cologne spray,oil,32.99,US $32.99,2.0,2 available / 3 sold,3.0,"May 16, 2024 12:44:08 PDT","new york, new york, united states",for men,"['new york', 'new york', 'united states']",new york,new york,united states
631,parfums de marly,parfums de marly kalan 4.2 fl oz / 125 ml spray with box men's fragrances,eau de parfum,110.0,US $110.00,1.0,last one / 6 sold,6.0,"May 21, 2024 06:39:59 PDT","brownsboro, texas, united states",for men,"['brownsboro', 'texas', 'united states']",brownsboro,texas,united states
632,giorgio armani,acqua di gio eau de toilette 3.4 oz/ 100 ml giorgio arm.ani for men,oil,36.68,US $36.68/ea,9.0,9 available / 1 sold,1.0,,"austin, texas, united states",for men,"['austin', 'texas', 'united states']",austin,texas,united states
633,victor & rolf,victor & rolf spicebomb extreme edp 1.7 oz/ 50 ml  spray for men,eau de parfum,74.59,US $74.59/ea,10.0,more than 10 available / 1 sold,1.0,"May 24, 2024 10:22:34 PDT","new york, new york, united states",for men,"['new york', 'new york', 'united states']",new york,new york,united states
634,polo,polo double black by ralph lauren for men edt spray 4.2 oz / 125 ml new in box,oil,41.79,US $41.79/ea,2.0,2 available / 174 sold,174.0,"May 19, 2024 12:04:26 PDT","jamaica, new york, united states",for men,"['jamaica', 'new york', 'united states']",jamaica,new york,united states
635,roberto cavalli,roberto cavalli men's uomo edt spray 3.4 oz (100 ml) sealed,oil,42.95,US $42.95/ea,10.0,more than 10 available / 8 sold,8.0,"May 04, 2024 05:03:56 PDT","keyport, new jersey, united states",for men,"['keyport', 'new jersey', 'united states']",keyport,new jersey,united states
636,bentley,bentley intense by bentley 3.4 oz edp cologne for men new in box tester,eau de parfum,28.99,US $28.99/ea,13.0,13 available / 65 sold,65.0,"May 24, 2024 06:39:48 PDT","melissa, texas, united states",for men,"['melissa', 'texas', 'united states']",melissa,texas,united states
637,azzaro,azzaro the most wanted 3.3 oz edp intense cologne for men new in box,eau de parfum,93.91,US $93.91,2.0,limited quantity available / 111 sold,111.0,"May 22, 2024 23:00:15 PDT","hackensack, new jersey, united states",for men,"['hackensack', 'new jersey', 'united states']",hackensack,new jersey,united states
638,salvatore ferragamo,f ferragamo free time by salvatore ferragamo for men edt 3.3 / 3.4 oz new tester,oil,21.0,US $21.00/ea,4.0,4 available / 785 sold,785.0,"May 24, 2024 07:21:08 PDT","dallas, texas, united states",for men,"['dallas', 'texas', 'united states']",dallas,texas,united states
639,emanuelle ungaro,diva by emanuel ungaro 3.4 oz for women edp new in box,eau de perfume,31.89,US $31.89/ea,15.0,15 available / 226 sold,226.0,"May 16, 2024 05:09:58 PDT","dallas, texas, united states",for men,"['dallas', 'texas', 'united states']",dallas,texas,united states
640,mercedes benz,mercedes benz club black edt 3.4 oz / 100 ml for men (new in white box),oil,37.99,US $37.99,4.0,4 available / 2 sold,2.0,"May 22, 2024 22:37:03 PDT","north brunswick, new jersey, united states",for men,"['north brunswick', 'new jersey', 'united states']",north brunswick,new jersey,united states
641,versace,versace eros flame by versace for men cologne edp 3.3 / 3.4 oz new in box,eau de parfum,58.09,US $58.09/ea,2.0,limited quantity available / 550 sold,550.0,"May 21, 2024 14:43:09 PDT","dallas, texas, united states",for men,"['dallas', 'texas', 'united states']",dallas,texas,united states
642,davidoff,cool water by davidoff 4.2 oz edt cologne for men new in box,oil,25.23,US $25.23/ea,2.0,"limited quantity available / 40,130 sold",40130.0,"May 24, 2024 05:18:15 PDT","hackensack, new jersey, united states",for men,"['hackensack', 'new jersey', 'united states']",hackensack,new jersey,united states
643,ralph lauren,polo blue by ralph lauren eau de parfum spray 4.2 oz 125 ml for men,eau de parfum,43.0,US $43.00,5.0,5 available / 32 sold,32.0,"May 20, 2024 10:33:43 PDT","hamtramck, michigan, united states",for men,"['hamtramck', 'michigan', 'united states']",hamtramck,michigan,united states
644,curve,curve chill by liz claiborne cologne for men 4.2 oz new in box,cologne,16.82,US $16.82/ea,4.0,"4 available / 1,992 sold",1992.0,"May 21, 2024 22:28:49 PDT","hackensack, new jersey, united states",for men,"['hackensack', 'new jersey', 'united states']",hackensack,new jersey,united states
645,penhaligon's,penhaligon's the omniscient mister thompson 2.5 oz/75 ml eau de parfum spray new,eau de parfum,188.99,US $188.99,4.0,4 available / 1 sold,1.0,"May 05, 2024 19:10:00 PDT","ottawa, canada",for men,"['ottawa', 'canada']",ottawa,,canada
646,emporio armani,armani stronger with you  100ml /3.4 oz stronger with you amber edp for men nib,eau de parfum,69.99,US $69.99,2.0,2 available / 6 sold,6.0,"May 22, 2024 19:01:20 PDT","texas, hong kong",for men,"['texas', 'hong kong']",texas,,china
647,salvatore ferragamo,"salvatore ferragamo men's ""f"" pour homme black edt spray 3.4 oz fragrances",oil,28.19,US $28.19,3.0,3 available / 23 sold,23.0,"May 23, 2024 21:08:23 PDT","brooklyn, new york, united states",for men,"['brooklyn', 'new york', 'united states']",brooklyn,new york,united states
648,kenneth cole,kenneth cole all over body spray for men 6 oz choose scent,body spray,10.99,US $10.99,10.0,more than 10 available / 368 sold,368.0,"May 24, 2024 05:30:37 PDT","brooklyn, new york, united states",for men,"['brooklyn', 'new york', 'united states']",brooklyn,new york,united states
649,diesel,fuel for life cologne by diesel eau de toilette spray 1.7 oz for men  **nib**,oil,16.99,US $16.99/ea,10.0,more than 10 available / 28 sold,28.0,"Apr 08, 2024 05:02:35 PDT","des moines, iowa, united states",for men,"['des moines', 'iowa', 'united states']",des moines,iowa,united states
650,paco rabanne,phantom by paco rabanne 3.4 oz edt cologne for men brand new in box,oil,70.08,US $70.08/ea,2.0,"limited quantity available / 1,165 sold",1165.0,"May 23, 2024 16:28:06 PDT","hackensack, new jersey, united states",for men,"['hackensack', 'new jersey', 'united states']",hackensack,new jersey,united states
651,as shown,sauvage edp eau de parfum cologne for men 3.4 oz new in box free shipping,eau de parfum,69.99,US $69.99,10.0,more than 10 available / 49 sold,49.0,"May 11, 2024 04:30:04 PDT","hong kong, hong kong",for men,"['hong kong', 'hong kong']",hong kong,,china
652,hollister,so cal hollister  (3.4oz/100ml( eau de cologne spray sealed new,cologne,46.75,US $46.75,7.0,7 available / 3 sold,3.0,,"green bay, wisconsin, united states",for men,"['green bay', 'wisconsin', 'united states']",green bay,wisconsin,united states
653,burberry,burberry hero 3.3 oz edp cologne for men brand new in box,eau de parfum,75.65,US $75.65,10.0,more than 10 available / 16 sold,16.0,"May 24, 2024 09:20:14 PDT","hackensack, new jersey, united states",for men,"['hackensack', 'new jersey', 'united states']",hackensack,new jersey,united states
654,yves saint laurent,yves saint laurent men's y eau de parfum intense edp spray 3.38 oz fragrances,eau de parfum,94.93,US $94.93,3.0,3 available / 15 sold,15.0,"May 23, 2024 09:20:53 PDT","brooklyn, new york, united states",for men,"['brooklyn', 'new york', 'united states']",brooklyn,new york,united states
655,afnan,turathi blue by afnan edp spray for men 3.0oz new sealed box,eau de parfum,34.5,US $34.50/ea,2.0,2 available / 16 sold,16.0,"May 24, 2024 09:54:04 PDT","dallas, texas, united states",for men,"['dallas', 'texas', 'united states']",dallas,texas,united states
656,michael malul,michael malul ocean noir 3.4 oz / 100 ml eau de parfum for men spray new,eau de parfum,90.11,US $90.11,10.0,more than 10 available / 51 sold,51.0,"May 11, 2024 09:30:33 PDT","columbia, south carolina, united states",for men,"['columbia', 'south carolina', 'united states']",columbia,south carolina,united states
657,estée lauder,pleasures by estee lauder 1.7 oz / 50 ml cologne spray for men,cologne,19.99,US $19.99,3.0,3 available / 10 sold,10.0,"May 03, 2024 17:56:21 PDT","new york, new york, united states",for men,"['new york', 'new york', 'united states']",new york,new york,united states
658,mercedes benz,mercedez benz club black 3.3 oz edt spray mens cologne 100ml nib,oil,47.99,US $47.99/ea,10.0,more than 10 available / 17 sold,17.0,"May 16, 2024 21:53:55 PDT","edison, new jersey, united states",for men,"['edison', 'new jersey', 'united states']",edison,new jersey,united states
659,prada,prada l'homme intense 3.3 oz./ 100 ml. eau de parfum spray for men,eau de parfum,113.98,US $113.98/ea,10.0,10 available / 755 sold,755.0,"May 22, 2024 04:59:36 PDT","katy, texas, united states",for men,"['katy', 'texas', 'united states']",katy,texas,united states
660,cologne,jo malone london cypress grapevine intense eau de parfum 1.7 oz 50 ml nwob,eau de parfum,67.5,US $67.50,4.0,4 available / 3 sold,3.0,"May 23, 2024 09:09:05 PDT","matawan, new jersey, united states",for men,"['matawan', 'new jersey', 'united states']",matawan,new jersey,united states
661,pierre cardin,pierre cardin fusion men's eau de toilette spray. cool scent. new in box. 1.7 oz,oil,7.28,US $7.28/ea,10.0,more than 10 available / 149 sold,149.0,"May 21, 2024 19:51:46 PDT","miami, florida, united states",for men,"['miami', 'florida', 'united states']",miami,florida,united states
662,rawchemistry,for him by raw chemisrty 30ml/1oz peromone cologne spray,cologne,30.95,US $30.95,13.0,13 available / 4 sold,4.0,"May 19, 2024 06:43:30 PDT","maiden, north carolina, united states",for men,"['maiden', 'north carolina', 'united states']",maiden,north carolina,united states
663,michael malul,ocean noir edp perfume by michael malul 100 ml (eau de parfum) (for men),eau de parfum,89.99,US $89.99/ea,4.0,4 available / 8 sold,8.0,"May 12, 2024 20:22:40 PDT","towson, maryland, united states",for men,"['towson', 'maryland', 'united states']",towson,maryland,united states
664,cologne,parfum for men sauvage cologne eau de perfum 100ml fl 3.4oz,eau de perfume,68.89,US $68.89,4.0,4 available / 25 sold,25.0,"May 24, 2024 09:37:13 PDT","new york, new york, united states",for men,"['new york', 'new york', 'united states']",new york,new york,united states
665,sterling,"club de nuit urban elixir by armaf, 3.6 oz edp spray for men",eau de parfum,38.98,US $38.98/ea,10.0,more than 10 available / 129 sold,129.0,"May 24, 2024 10:21:12 PDT","edison, new jersey, united states",for men,"['edison', 'new jersey', 'united states']",edison,new jersey,united states
666,paco rabanne,invictus paco rabanne men cologne edt 3.4 oz 3.3 new tester,oil,46.0,US $46.00/ea,59.0,"59 available / 1,207 sold",1207.0,"May 22, 2024 11:37:30 PDT","dallas, texas, united states",for men,"['dallas', 'texas', 'united states']",dallas,texas,united states
667,burberry,burberry touch men edt 3.4 oz cologne new in box,oil,32.99,US $32.99/ea,6.0,6 available / 59 sold,59.0,"May 24, 2024 06:48:06 PDT","dexter, michigan, united states",for men,"['dexter', 'michigan', 'united states']",dexter,michigan,united states
668,prada,prada luna rossa extreme edp 1.7 oz 50 ml edp spray new no box same as pic *rare,eau de parfum,181.04,US $181.04,5.0,5 available / 30 sold,30.0,"May 20, 2024 13:09:12 PDT","united states, united states",for men,"['united states', 'united states']",united states,,united states
669,afnan,"supremacy not only intense by afnan, 3.4 oz edp spray for men",eau de parfum,38.41,US $38.41/ea,10.0,more than 10 available / 147 sold,147.0,"May 24, 2024 10:21:08 PDT","edison, new jersey, united states",for men,"['edison', 'new jersey', 'united states']",edison,new jersey,united states
670,liz claiborne,"liz claiborne curve crush for men eau de cologne for men, 4.2 oz",cologne,17.98,US $17.98,1.0,last one / 150 sold,150.0,"May 24, 2024 07:15:03 PDT","edison, new jersey, united states",for men,"['edison', 'new jersey', 'united states']",edison,new jersey,united states
671,territoire,territoire gold 79 eau de parfum spray for men. smooth & spicy scent. 3.4 fl.oz,eau de parfum,16.49,US $16.49/ea,10.0,more than 10 available / 77 sold,77.0,"May 23, 2024 11:24:47 PDT","miami, florida, united states",for men,"['miami', 'florida', 'united states']",miami,florida,united states
672,jimmy choo,jimmy choo man ice / jimmy choo edt spray 3.3 oz (100 ml) (m),oil,31.95,US $31.95,3.0,3 available / 8 sold,8.0,"May 22, 2024 12:57:17 PDT","brooklyn, new york, united states",for men,"['brooklyn', 'new york', 'united states']",brooklyn,new york,united states
673,hollister,socal by hollister so cal 1.7 oz 50ml eau de cologne spray men new 🌺sealed,cologne,26.75,US $26.75/ea,7.0,7 available / 5 sold,5.0,,"chesapeake, virginia, united states",for men,"['chesapeake', 'virginia', 'united states']",chesapeake,virginia,united states
674,bentley,bentley for men absolute / bentley fragrances edp spray 3.4 oz (100 ml) (m),eau de parfum,29.13,US $29.13,3.0,3 available / 13 sold,13.0,"May 22, 2024 07:32:43 PDT","brooklyn, new york, united states",for men,"['brooklyn', 'new york', 'united states']",brooklyn,new york,united states
675,viktor & rolf,spicebomb night vision 3.04 oz eau de parfum spray by viktor & rolf new in box,eau de parfum,74.85,US $74.85,1.0,last one / 2 sold,2.0,,"monterey park, california, united states",for men,"['monterey park', 'california', 'united states']",monterey park,california,united states
676,armaf,armaf tres nuit 3.4 oz/100ml eau de toilette for men,oil,28.95,US $28.95/ea,10.0,"more than 10 available / 1,306 sold",1306.0,"May 17, 2024 11:38:12 PDT","houston, texas, united states",for men,"['houston', 'texas', 'united states']",houston,texas,united states
677,lapidus,lapidus pour homme by ted lapidus eau de toilette 3.3 oz / 100 ml for men,oil,20.25,US $20.25/ea,10.0,more than 10 available / 24 sold,24.0,"May 22, 2024 05:18:16 PDT","new york, new york, united states",for men,"['new york', 'new york', 'united states']",new york,new york,united states
678,mary kay,mary kay domain men’s cologne,cologne,30.0,US $30.00,2.0,2 available / 24 sold,24.0,"May 08, 2024 08:37:11 PDT","douglasville, georgia, united states",for men,"['douglasville', 'georgia', 'united states']",douglasville,georgia,united states
679,guy laroche,drakkar noir by guy laroche 3.4 oz edt cologne for men new in box,oil,18.91,US $18.91/ea,10.0,"more than 10 available / 5,500 sold",5500.0,"May 23, 2024 21:35:04 PDT","hackensack, new jersey, united states",for men,"['hackensack', 'new jersey', 'united states']",hackensack,new jersey,united states
680,l’occitane,l'occitane en provence eau des baux edt 3.4 oz 100 ml eav des bavx new original,oil,59.0,US $59.00,5.0,5 available / 4 sold,4.0,"May 19, 2024 09:48:36 PDT","winter haven, florida, united states",for men,"['winter haven', 'florida', 'united states']",winter haven,florida,united states
681,giorgio armani,acqua di gio absolu giorgio armani edp 125 ml / 4.2 fl oz men perfume,eau de parfum,192.0,US $192.00/ea,7.0,7 available / 37 sold,37.0,"May 23, 2024 08:07:43 PDT","jerusalem, israel",for men,"['jerusalem', 'israel']",jerusalem,,Palestine
682,jimmy choo,jimmy choo man ice / jimmy choo edt spray 1.7 oz (50 ml) (m),oil,24.43,US $24.43,3.0,3 available / 4 sold,4.0,"May 21, 2024 20:38:20 PDT","brooklyn, new york, united states",for men,"['brooklyn', 'new york', 'united states']",brooklyn,new york,united states
683,heaven scents,sauvage men  fragrance oil  by have a scent 12 ml,roll on,9.99,US $9.99/ea,10.0,more than 10 available / 94 sold,94.0,"Apr 30, 2024 11:41:49 PDT","fort lauderdale, florida, united states",for men,"['fort lauderdale', 'florida', 'united states']",fort lauderdale,florida,united states
684,yves saint laurent,nib ysl yves saint laurent myslf edp spray 3ml / 0.1oz myself new for 2023,eau de parfum,15.99,US $15.99/ea,6.0,6 available / 91 sold,91.0,"May 11, 2024 09:37:04 PDT","new york, new york, united states",for men,"['new york', 'new york', 'united states']",new york,new york,united states
685,carolina herrera,herrera for men carolina herrera cologne edt 3.4 oz 3.3 new in box,oil,40.59,US $40.59/ea,53.0,"53 available / 2,934 sold",2934.0,"May 21, 2024 22:51:32 PDT","dallas, texas, united states",for men,"['dallas', 'texas', 'united states']",dallas,texas,united states
687,giorgio armani,"acqua di gio by giorgio armani for men,  eau de toilette 6.7 oz spray new in box",oil,44.99,US $44.99/ea,9.0,9 available / 19 sold,19.0,"May 22, 2024 05:40:17 PDT","warren, michigan, united states",for men,"['warren', 'michigan', 'united states']",warren,michigan,united states
688,secertmu,new 2024 sexy cologne cupid hypnosis long lasting pheromone perfume for men,eau de perfume,6.96,US $6.96,10.0,more than 10 available / 102 sold,102.0,"May 18, 2024 16:15:46 PDT","san francisco, california, united states",for men,"['san francisco', 'california', 'united states']",san francisco,california,united states
689,j. del pozo,halloween man x by jesus del pozo 4.2 oz edt cologne for men new in box,oil,37.98,US $37.98,10.0,more than 10 available / 612 sold,612.0,"May 21, 2024 18:20:33 PDT","hackensack, new jersey, united states",for men,"['hackensack', 'new jersey', 'united states']",hackensack,new jersey,united states
690,louis vuitton,louis vuitton meteore eau de parfum sample spray - 2ml/0.06oz,eau de parfum,18.95,US $18.95/ea,10.0,more than 10 available / 624 sold,624.0,"May 15, 2024 17:19:08 PDT","pearland, texas, united states",for men,"['pearland', 'texas', 'united states']",pearland,texas,united states
691,avon,avon fullspeed / rpm eau de toilette  spray 2.5 fl.oz / 75 ml,oil,19.99,US $19.99/ea,10.0,more than 10 available / 26 sold,26.0,"May 19, 2024 22:56:04 PDT","elk, poland",for men,"['elk', 'poland']",elk,,poland
692,versace,versace dylan blue pour homme edt for men  3.4 oz / 100 ml *new*,oil,45.99,US $45.99,3.0,3 available / 37 sold,37.0,"May 21, 2024 07:36:26 PDT","miami, florida, united states",for men,"['miami', 'florida', 'united states']",miami,florida,united states
693,paco rabanne,invictus victory elixir by paco rabanne 3.4oz parfum intense new tester no box,parfum intense,86.99,US $86.99,12.0,12 available / 28 sold,28.0,"May 22, 2024 20:18:57 PDT","melissa, texas, united states",for men,"['melissa', 'texas', 'united states']",melissa,texas,united states
694,versace,versace men's l'homme edt spray 3.4 oz (tester) fragrances 8011003996735,oil,19.73,US $19.73,3.0,3 available / 7 sold,7.0,"May 23, 2024 20:44:22 PDT","brooklyn, new york, united states",for men,"['brooklyn', 'new york', 'united states']",brooklyn,new york,united states
695,unbranded,love bombed pheromone cologne for- men enhanced scents pheromone perfume,eau de perfume,13.28,US $13.28/ea,9.0,9 available / 6 sold,6.0,,"wa, united states",for men,"['wa', 'united states']",wa,,united states
696,cologne,lane frost frosted cologne,cologne,35.0,US $35.00/ea,2.0,2 available / 8 sold,8.0,,"gonzales, louisiana, united states",for men,"['gonzales', 'louisiana', 'united states']",gonzales,louisiana,united states
697,unbranded,sealed new cupid hypnosis men’s pheromone cologne 1.7 oz | meet more hot women,eau de perfume,16.99,US $16.99/ea,10.0,more than 10 available / 84 sold,84.0,"May 24, 2024 00:13:42 PDT","hong kong, china",for men,"['hong kong', 'china']",hong kong,,china
698,parfums de marly,greenley by parfums de marly - 10ml travel sample spray - fresh green pdm!!!,eau de parfum,34.99,US $34.99/ea,8.0,8 available / 19 sold,19.0,"May 24, 2024 07:43:15 PDT","brooklyn, new york, united states",for men,"['brooklyn', 'new york', 'united states']",brooklyn,new york,united states
699,jaguar,jaguar men's jaguar oud edt spray 3.38 oz (tester) fragrances 7640171193212,fragrances,13.15,US $13.15,3.0,3 available / 7 sold,7.0,"May 22, 2024 18:38:34 PDT","brooklyn, new york, united states",for men,"['brooklyn', 'new york', 'united states']",brooklyn,new york,united states
700,paco rabanne,invictus platinum by paco rabanne 3.4 oz eau de parfum spray for men. new no box,eau de parfum,64.99,US $64.99/ea,10.0,10 available / 118 sold,118.0,"May 19, 2024 22:33:32 PDT","katy, texas, united states",for men,"['katy', 'texas', 'united states']",katy,texas,united states
701,chanel,chanel bleu de chanel parfum (0.05 oz / 1.5 ml) sample spray *new/carded*,eau de perfume,11.5,US $11.50,2.0,2 available / 12 sold,12.0,"May 23, 2024 18:36:28 PDT","montclair, california, united states",for men,"['montclair', 'california', 'united states']",montclair,california,united states
702,burberry,burberry weekend 3.3oz men's eau de toilette,oil,28.99,US $28.99/ea,10.0,more than 10 available / 7 sold,7.0,"May 08, 2024 15:45:56 PDT","katy, texas, united states",for men,"['katy', 'texas', 'united states']",katy,texas,united states
703,fragrance,perfume for men's valentine milano cologne 3.4 fl.oz edt best gift fast shipping,oil,14.98,US $14.98,1.0,last one / 206 sold,206.0,"Apr 12, 2024 15:57:06 PDT","cumming, georgia, united states",for men,"['cumming', 'georgia', 'united states']",cumming,georgia,united states
704,creed,virgin island water by creed 2ml vial spray new factory sealed,eau de parfum,13.0,US $13.00,3.0,3 available / 17 sold,17.0,"May 18, 2024 21:26:21 PDT","fort walton beach, florida, united states",for men,"['fort walton beach', 'florida', 'united states']",fort walton beach,florida,united states
705,creed,aventus cologne for men by creed 2ml vial spray new factory sealed,eau de parfum,11.99,US $11.99,2.0,2 available / 39 sold,39.0,"May 22, 2024 11:20:42 PDT","fort walton beach, florida, united states",for men,"['fort walton beach', 'florida', 'united states']",fort walton beach,florida,united states
706,paco rabanne,paco rabanne invictus legend 100ml / 3.4 oz (tester) eau de parfum spray for men,eau de parfum,104.99,US $104.99/ea,5.0,5 available / 38 sold,38.0,"May 22, 2024 16:48:50 PDT","sanborn, new york, united states",for men,"['sanborn', 'new york', 'united states']",sanborn,new york,united states
707,dolce & gabbana,"the one by dolce & gabbana, 5 oz edp spray for men",eau de parfum,75.95,US $75.95/ea,10.0,10 available / 3 sold,3.0,"May 24, 2024 09:26:23 PDT","edison, new jersey, united states",for men,"['edison', 'new jersey', 'united states']",edison,new jersey,united states
708,armaf,le parfait pour homme by armaf cologne for men edp 3.3 / 3.4 oz new in box,eau de parfum,19.41,US $19.41/ea,86.0,86 available / 501 sold,501.0,"May 24, 2024 10:13:10 PDT","dallas, texas, united states",for men,"['dallas', 'texas', 'united states']",dallas,texas,united states
709,mancera,mancera cosmic pepper edp 2.0ml .06fl oz x 1 cologne spray sample,eau de parfum,13.5,US $13.50,10.0,more than 10 available / 17 sold,17.0,"Apr 01, 2024 21:47:48 PDT","albany, new york, united states",for men,"['albany', 'new york', 'united states']",albany,new york,united states
710,giorgio armani,armani aqua di gio 3.4 oz edt iconic men's fragrance sealed new in box,oil,29.99,US $29.99/ea,6.0,6 available / 141 sold,141.0,"May 24, 2024 08:25:48 PDT","inkster, michigan, united states",for men,"['inkster', 'michigan', 'united states']",inkster,michigan,united states
711,polo,polo green by ralph lauren 4 fl oz eau de toilette spray new & sealed.,oil,38.99,US $38.99/ea,2.0,2 available / 41 sold,41.0,"May 23, 2024 04:45:58 PDT","huntsville, alabama, united states",for men,"['huntsville', 'alabama', 'united states']",huntsville,alabama,united states
712,giorgio armani,giorgio armani acqua di gio 6.7oz  200ml men's eau de toilette spray brand new,oil,46.99,US $46.99/ea,5.0,5 available / 15 sold,15.0,"May 21, 2024 22:16:00 PDT","brooklyn, new york, united states",for men,"['brooklyn', 'new york', 'united states']",brooklyn,new york,united states
713,hermes,mini terre d'hermes by hermes 0.17 oz edt cologne for men brand new in box,oil,14.98,US $14.98,10.0,more than 10 available / 418 sold,418.0,"May 24, 2024 09:36:53 PDT","hackensack, new jersey, united states",for men,"['hackensack', 'new jersey', 'united states']",hackensack,new jersey,united states
714,abercrombie & fitch,abercrombie & fitch fierce 6.7 oz / 200 ml eau de cologne spray new & sealed,cologne,44.99,US $44.99/ea,2.0,2 available / 129 sold,129.0,"May 19, 2024 15:03:20 PDT","reinholds, pennsylvania, united states",for men,"['reinholds', 'pennsylvania', 'united states']",reinholds,pennsylvania,united states
715,yves saint laurent,ysl yves saint laurent y parfum l elixir sample spray 0.04 fl oz / 1.2 ml,eau de parfum,9.89,US $9.89/ea,10.0,more than 10 available / 6 sold,6.0,,"woodbridge, virginia, united states",for men,"['woodbridge', 'virginia', 'united states']",woodbridge,virginia,united states
716,gucci,gucci guilty elixir de parfum pour homme 0.05 oz (3 carded spray vials for men),elixer de parfum,15.99,US $15.99,30.0,more than 10 lots available (3 items per lot) / 196 sold,196.0,"May 19, 2024 16:43:20 PDT","valley stream, new york, united states",for men,"['valley stream', 'new york', 'united states']",valley stream,new york,united states
717,hugo boss,boss bottled parfum by hugo boss cologne for men 3.3 / 3.4 oz new in box,eau de perfume,65.37,US $65.37/ea,16.0,16 available / 87 sold,87.0,"May 02, 2024 01:30:37 PDT","dallas, texas, united states",for men,"['dallas', 'texas', 'united states']",dallas,texas,united states
718,valentino,valentino uomo cologne by valentino 3.4oz edt eau de toilette for men new in box,oil,59.99,US $59.99/ea,2.0,2 available / 3 sold,3.0,"May 22, 2024 17:57:33 PDT","new york, new york, taiwan",for men,"['new york', 'new york', 'taiwan']",new york,new york,taiwan
719,llure sx,llure sx human pheramones #1 fragrance for men to attract beautiful women,cologne,38.95,US $38.95/ea,3.0,3 available / 114 sold,114.0,"May 15, 2024 11:26:06 PDT","long beach, california, united states",for men,"['long beach', 'california', 'united states']",long beach,california,united states
720,jacques bogart,one man show highly concentrated by jacques bogart cologne 3.3 / 3.4 oz new in b,oil,13.97,US $13.97/ea,31.0,31 available / 957 sold,957.0,"May 11, 2024 23:42:49 PDT","dallas, texas, united states",for men,"['dallas', 'texas', 'united states']",dallas,texas,united states
721,dolce & gabbana,dolce & gabbana the one luminous night 3.3/3.4 oz eau de parfum 100 ml spray men,eau de parfum,239.99,US $239.99/ea,10.0,more than 10 available / 14 sold,14.0,"May 21, 2024 12:41:57 PDT","el cajon, california, united states",for men,"['el cajon', 'california', 'united states']",el cajon,california,united states
722,gucci,gucci guilty pour homme edt for men 3.0 oz / 90 ml *new*,oil,53.99,US $53.99,3.0,3 available / 3 sold,3.0,,"miami, florida, united states",for men,"['miami', 'florida', 'united states']",miami,florida,united states
723,ralph lauren,ralph lauren polo earth spray - eau de toilette (edt) - 1.36 fl oz - new,oil,29.99,US $29.99/ea,10.0,more than 10 available / 8 sold,8.0,"Apr 26, 2024 20:26:52 PDT","middletown, delaware, united states",for men,"['middletown', 'delaware', 'united states']",middletown,delaware,united states
724,tommy hilfiger,tommy hilfiger impact intense cologne for men 3.4 oz 100 ml eau de parfum spray,eau de parfum,44.95,US $44.95/ea,6.0,6 available / 75 sold,75.0,"May 23, 2024 15:48:20 PDT","tx, united states",for men,"['tx', 'united states']",tx,,united states
725,giorgio armani,armani code profumo 3.7 oz intense masculine edp sealed,eau de parfum,79.99,US $79.99/ea,5.0,5 available / 47 sold,47.0,"May 14, 2024 08:33:40 PDT","macomb, michigan, united states",for men,"['macomb', 'michigan', 'united states']",macomb,michigan,united states
726,unbranded,verse adonis red for men eau de parfum 3.4oz,eau de parfum,13.99,US $13.99,10.0,more than 10 available / 8 sold,8.0,"Apr 28, 2024 20:19:23 PDT","dearborn, michigan, united states",for men,"['dearborn', 'michigan', 'united states']",dearborn,michigan,united states
727,cologne,10 men's cologne sample vials with organza bag travel size,oil,25.46,US $25.46,10.0,more than 10 available / 410 sold,410.0,"May 23, 2024 18:50:00 PDT","new york, united states",for men,"['new york', 'united states']",new york,,united states
728,moschino,"usa moschino toy boy eau de parfume spray for men, 3.4 fl oz new , in box",eau de parfum,35.99,US $35.99/ea,4.0,4 available / 3 sold,3.0,"May 11, 2024 03:51:13 PDT","36784, united states",for men,"['36784', 'united states']",36784,,united states
729,dolce & gabbana,d&g dolce & gabbana the one for men edp intense .8ml .02oz x 1 cologne sample,eau de parfum,7.5,US $7.50,10.0,more than 10 available / 115 sold,115.0,"Apr 05, 2024 00:53:07 PDT","albany, new york, united states",for men,"['albany', 'new york', 'united states']",albany,new york,united states
730,yves saint laurent,yves saint laurent ysl y elixir parfum concentre 2oz. 2024 new release! sealed,eau de parfum,129.0,US $129.00,7.0,7 available / 13 sold,13.0,"May 06, 2024 12:23:40 PDT","mclean, virginia, united states",for men,"['mclean', 'virginia', 'united states']",mclean,virginia,united states
731,as shown,ysl yves saint laurent y eau de toilette 3.3oz edt cologne spray for mens new,oil,47.99,US $47.99/ea,6.0,6 available / 16 sold,16.0,"May 21, 2024 09:39:57 PDT","california,united states, hong kong",for men,"['california', 'united states', 'hong kong']",california,united states,china
732,carolina herrera,212 vip by carolina herrera * cologne for men * 3.4 oz * brand new in box,oil,59.43,US $59.43/ea,7.0,"7 available / 3,691 sold",3691.0,"May 24, 2024 09:27:04 PDT","hackensack, new jersey, united states",for men,"['hackensack', 'new jersey', 'united states']",hackensack,new jersey,united states
733,dolce & gabbana,4 dolce & gabbana the one luminous night edp exclusive edition sample 0.8ml new,eau de parfum,14.95,US $14.95/ea,8.0,8 available / 79 sold,79.0,"May 22, 2024 03:59:19 PDT","pearland, texas, united states",for men,"['pearland', 'texas', 'united states']",pearland,texas,united states
734,ralph lauren,*brand new 2024 release* polo 67 by ralph lauren - 2ml travel sample - nice!!!,eau de parfum,12.99,US $12.99/ea,5.0,5 available / 5 sold,5.0,"May 09, 2024 04:53:41 PDT","brooklyn, new york, united states",for men,"['brooklyn', 'new york', 'united states']",brooklyn,new york,united states
735,paco rabanne,paco rabanne phantom 100ml / 3.4 oz edp intense sealed authentic fast finescents,eau de parfum,108.0,US $108.00,1.0,last one / 10 sold,10.0,"May 23, 2024 10:26:22 PDT","appleton, wisconsin, united states",for men,"['appleton', 'wisconsin', 'united states']",appleton,wisconsin,united states
736,fc,perfume cologne for men long lasting fragrance 100ml 3.4 oz parfum best gift,eau de perfume,14.7,US $14.70/ea,10.0,more than 10 available / 119 sold,119.0,"Apr 09, 2024 05:59:11 PDT","hephzibah, georgia, united states",for men,"['hephzibah', 'georgia', 'united states']",hephzibah,georgia,united states
737,valentino,uomo born in roma yellow dream by valentino 3.4 oz edt cologne men new in box,oil,78.99,US $78.99/ea,10.0,more than 10 available / 27 sold,27.0,"May 16, 2024 02:06:00 PDT","united states,california, taiwan",for men,"['united states', 'california', 'taiwan']",united states,california,taiwan
738,pheromones,pheromone spray cologne for men *attract women! 52x ***new***,oil,32.95,US $32.95,10.0,more than 10 available / 217 sold,217.0,"May 22, 2024 09:46:38 PDT","rockledge, florida, united states",for men,"['rockledge', 'florida', 'united states']",rockledge,florida,united states
739,paco rabanne,paco rabanne pour homme  men 1 oz edt u/b,oil,18.99,US $18.99/ea,10.0,more than 10 available / 38 sold,38.0,"May 01, 2024 11:40:14 PDT","brooklyn, new york, united states",for men,"['brooklyn', 'new york', 'united states']",brooklyn,new york,united states
740,cartier,declaration by cartier edt cologne 3.3 oz / 3.4 oz new tester,oil,59.63,US $59.63/ea,24.0,24 available / 48 sold,48.0,"May 24, 2024 08:20:12 PDT","dallas, texas, united states",for men,"['dallas', 'texas', 'united states']",dallas,texas,united states
741,hugo boss,boss # 6 unlimited by hugo boss cologne edt men 3.3 / 3.4 oz no six new in box,oil,44.93,US $44.93/ea,26.0,"26 available / 2,098 sold",2098.0,"May 21, 2024 22:39:15 PDT","dallas, texas, united states",for men,"['dallas', 'texas', 'united states']",dallas,texas,united states
742,armaf,club de nuit intense by armaf cologne for men edt 3.6 oz new in box ☆,oil,30.31,US $30.31,10.0,more than 10 available / 17 sold,17.0,"May 23, 2024 08:39:31 PDT",united states,for men,['united states'],united states,,united states
743,abercrombie & fitch,abercrombie & fitch fierce intense 1.7 oz edc spray new discontinued,cologne,49.99,US $49.99/ea,10.0,more than 10 available / 381 sold,381.0,"Apr 12, 2024 11:01:52 PDT","rochester, new york, united states",for men,"['rochester', 'new york', 'united states']",rochester,new york,united states
744,dior,sauvage elixir by dior 2.0oz,elixer de parfum,88.99,US $88.99,5.0,5 available / 4 sold,4.0,"May 24, 2024 04:19:41 PDT","belleville, michigan, united states",for men,"['belleville', 'michigan', 'united states']",belleville,michigan,united states
745,paco rabanne,1 million by paco rabanne men’s sample kit 4/pc,various,20.0,US $20.00,7.0,7 available / 2 sold,2.0,"May 22, 2024 10:00:19 PDT","flemington, new jersey, united states",for men,"['flemington', 'new jersey', 'united states']",flemington,new jersey,united states
746,assorted,6x cologne sampler lot of designer fragrance samples for men - new,assorted,17.95,US $17.95,1.0,last one / 4 sold,4.0,"May 09, 2024 17:17:45 PDT","orange city, florida, united states",for men,"['orange city', 'florida', 'united states']",orange city,florida,united states
747,paco rabanne,"paco rabanne invictus edt 3.4oz for men - sealed, sporty fragrance",oil,39.99,US $39.99/ea,7.0,7 available / 40 sold,40.0,"May 19, 2024 10:33:07 PDT","flat lick, kentucky, united states",for men,"['flat lick', 'kentucky', 'united states']",flat lick,kentucky,united states
748,hinode,brazilian inebriante eau de parfum male perfume 100ml - hinode original,eau de parfum,99.0,US $99.00,8.0,8 available / 177 sold,177.0,"Mar 20, 2024 18:01:39 PDT","regente feijo, brazil",for men,"['regente feijo', 'brazil']",regente feijo,,brazil
749,unbranded,men's pheromone-infused perfume cupid hypnosis cologne fragrances charm toilette,eau de perfume,15.99,US $15.99,10.0,more than 10 available / 65 sold,65.0,"May 22, 2024 14:08:35 PDT","houston, texas, united states",for men,"['houston', 'texas', 'united states']",houston,texas,united states
750,dossier,dossier fougere pink pepper eau de parfum. size: 50ml / 1.7oz,eau de parfum,20.0,US $20.00/ea,10.0,more than 10 available / 16 sold,16.0,"May 05, 2024 23:17:39 PDT","los angeles, california, united states",for men,"['los angeles', 'california', 'united states']",los angeles,california,united states
751,ralph lauren,ralph lauren polo red 6.7oz / 200ml men's eau de toilette spray brand new sealed,oil,41.95,US $41.95/ea,7.0,7 available / 37 sold,37.0,"May 19, 2024 19:20:33 PDT","san jose, california, united states",for men,"['san jose', 'california', 'united states']",san jose,california,united states
752,parfums de marly,carlisle by parfums de marly - 5ml travel sample spray - top pdm scent!!,eau de parfum,19.99,US $19.99/ea,4.0,4 available / 6 sold,6.0,,"brooklyn, new york, united states",for men,"['brooklyn', 'new york', 'united states']",brooklyn,new york,united states
753,creed,creed aventus eau de parfum travel size spray 10ml / 0.33oz batch f002525 sample,eau de parfum,38.99,US $38.99/ea,10.0,10 available / 20 sold,20.0,"May 22, 2024 14:03:03 PDT","brooklyn, new york, united states",for men,"['brooklyn', 'new york', 'united states']",brooklyn,new york,united states
754,dolce & gabbana,k by dolce & gabbana 3.3 oz edp cologne for men new in box,eau de parfum,55.15,US $55.15,5.0,5 available / 64 sold,64.0,"May 24, 2024 08:47:04 PDT","hackensack, new jersey, united states",for men,"['hackensack', 'new jersey', 'united states']",hackensack,new jersey,united states
755,dolce & gabbana,dolce & gabbana the one for men 3.3 oz./ 100 ml. eau de parfum spray for men new,eau de parfum,74.48,US $74.48/ea,10.0,10 available / 5 sold,5.0,"May 24, 2024 03:20:58 PDT","katy, texas, united states",for men,"['katy', 'texas', 'united states']",katy,texas,united states
756,lattafa,lattafa men's pride winners trophy silver edp spray 3.4 oz fragrances,fragrances,33.49,US $33.49,3.0,3 available / 4 sold,4.0,"May 20, 2024 10:40:38 PDT","brooklyn, new york, united states",for men,"['brooklyn', 'new york', 'united states']",brooklyn,new york,united states
757,roja,"roja parfums elysium pour homme parfum cologne sample spray .06oz, 1.7ml in card",cologne,17.89,US $17.89,5.0,5 available / 68 sold,68.0,"May 22, 2024 02:15:28 PDT","phillipsburg, new jersey, united states",for men,"['phillipsburg', 'new jersey', 'united states']",phillipsburg,new jersey,united states
758,gucci,gucci guilty pour homme * cologne for men * edt * 3.0 oz * brand new in box,oil,58.46,US $58.46,1.0,"last one / 5,227 sold",5227.0,"May 23, 2024 07:51:26 PDT","hackensack, new jersey, united states",for men,"['hackensack', 'new jersey', 'united states']",hackensack,new jersey,united states
759,parfums de marly,parfums de marly layton royal essence edp spray 4.2 fl oz. new sealed box,eau de parfum,91.98,US $91.98,1.0,last one / 7 sold,7.0,"May 23, 2024 14:18:39 PDT","madera, california, united states",for men,"['madera', 'california', 'united states']",madera,california,united states
760,calvin klein,obsession by calvin klein for men 3.4 oz after shave balm in tube full size new,aftershave,17.99,US $17.99/ea,3.0,3 available / 3 sold,3.0,"May 23, 2024 18:43:56 PDT","west harrison, indiana, united states",for men,"['west harrison', 'indiana', 'united states']",west harrison,indiana,united states
761,salvatore ferragamo,intense leather by salvatore ferragamo for men 3.4oz (100ml) eau de parfum spray,eau de parfum,69.95,US $69.95,5.0,5 available / 120 sold,120.0,"May 13, 2024 17:50:50 PDT","brooklyn, new york, united states",for men,"['brooklyn', 'new york', 'united states']",brooklyn,new york,united states
762,paco rabanne,paco rabanne 1 one million lucky eau de toilette 6.8 oz / 200 ml for men,oil,135.0,US $135.00,8.0,8 available / 4 sold,4.0,,"franklin square, new york, united states",for men,"['franklin square', 'new york', 'united states']",franklin square,new york,united states
763,cologne,ralph lauren polo green 4.0 fl oz cologne eau de toilette factory sealed new,oil,35.0,US $35.00/ea,3.0,3 available / 214 sold,214.0,"May 24, 2024 01:25:38 PDT","grafton, wisconsin, united states",for men,"['grafton', 'wisconsin', 'united states']",grafton,wisconsin,united states
764,michael jordan,michael jordan legend by michael jordan 3.4 oz cologne spray for men new in box,cologne,21.79,US $21.79,10.0,more than 10 available / 488 sold,488.0,"May 24, 2024 10:03:02 PDT","hackensack, new jersey, united states",for men,"['hackensack', 'new jersey', 'united states']",hackensack,new jersey,united states
765,ysl,ysl yves saint laurent y eau de toilette spray 3.3 oz/100ml edt mens cologne new,oil,38.0,US $38.00,10.0,more than 10 available / 42 sold,42.0,"May 08, 2024 03:42:07 PDT","wakefield, massachusetts, hong kong",for men,"['wakefield', 'massachusetts', 'hong kong']",wakefield,massachusetts,china
766,ralph lauren,"polo blue by ralph lauren 4.2 oz – men's eau de toilette, sealed packaging",oil,34.99,US $34.99/ea,5.0,5 available / 31 sold,31.0,"May 18, 2024 08:45:33 PDT","dearborn, michigan, united states",for men,"['dearborn', 'michigan', 'united states']",dearborn,michigan,united states
767,dolce & gabbana,the one by dolce & gabbana d&g cologne for men 3.3 / 3.4 oz brand new in box,oil,53.45,US $53.45/ea,2.0,"limited quantity available / 3,787 sold",3787.0,"May 23, 2024 20:23:26 PDT","hackensack, new jersey, united states",for men,"['hackensack', 'new jersey', 'united states']",hackensack,new jersey,united states
768,paco rabanne,paco rabanne phantom parfum 1.7 oz / 50 ml men's spray,eau de perfume,82.99,US $82.99/ea,10.0,more than 10 available / 2 sold,2.0,"May 22, 2024 01:08:01 PDT","new york, new york, united states",for men,"['new york', 'new york', 'united states']",new york,new york,united states
769,valentino,valentino uomo born in roma coral fantasy 3.4 oz/100ml edt cologne for men new,oil,79.99,US $79.99/ea,2.0,2 available / 11 sold,11.0,"May 23, 2024 23:59:20 PDT","hk, hong kong",for men,"['hk', 'hong kong']",hk,,china
770,prada,prada luna rossa black edp eau de parfum 8ml sample,eau de parfum,22.99,US $22.99,9.0,9 available / 1 sold,1.0,,"cincinnati, ohio, united states",for men,"['cincinnati', 'ohio', 'united states']",cincinnati,ohio,united states
771,afnan,ornament pour homme by afnan cologne for men edp 3.3 / 3.4 oz new in box,eau de perfume,22.15,US $22.15/ea,28.0,28 available / 196 sold,196.0,"May 23, 2024 06:45:23 PDT","dallas, texas, united states",for men,"['dallas', 'texas', 'united states']",dallas,texas,united states
772,polo,polo black by ralph lauren edt 2.5 oz 75 ml new in sealed box,oil,26.55,US $26.55,7.0,7 available / 15 sold,15.0,"May 21, 2024 08:45:23 PDT","hamlet, north carolina, united states",for men,"['hamlet', 'north carolina', 'united states']",hamlet,north carolina,united states
773,designer series,free shipping perfume for men blue 100ml 3.4fl.oz long lasting fragrance cologne,oil,12.6,US $12.60,10.0,more than 10 available / 229 sold,229.0,"May 23, 2024 19:13:34 PDT","cumming, georgia, united states",for men,"['cumming', 'georgia', 'united states']",cumming,georgia,united states
774,bond no. 9,new york nights bond no 9 made stronger with pheromones for super sexual allure!,eau de parfum,17.98,US $17.98,10.0,more than 10 available / 9 sold,9.0,"May 16, 2024 12:30:59 PDT","austell, georgia, united states",for men,"['austell', 'georgia', 'united states']",austell,georgia,united states
775,tom ford,tom ford beau de jour 3.4 oz edp cologne for men new in box,eau de parfum,135.49,US $135.49/ea,10.0,more than 10 available / 64 sold,64.0,"May 24, 2024 09:20:14 PDT","hackensack, new jersey, united states",for men,"['hackensack', 'new jersey', 'united states']",hackensack,new jersey,united states
776,ysl,ysl y edt cologne for men eau de toilette edt 3.3 / 3.4 oz new with box,oil,52.99,US $52.99,8.0,8 available / 60 sold,60.0,"May 23, 2024 02:38:43 PDT","new jersey, hong kong",for men,"['new jersey', 'hong kong']",new jersey,,china
777,lacoste,lacoste eau de lacoste blanc l.12.12 cologne for men 5.9 / 6 oz new in box,oil,54.5,US $54.50,2.0,"2 available / 1,995 sold",1995.0,"May 21, 2024 17:08:14 PDT","hackensack, new jersey, united states",for men,"['hackensack', 'new jersey', 'united states']",hackensack,new jersey,united states
778,alexandria fragrances,alexandria fragrances: black panther inspired by bvlgari tygar,eau de parfum,3.0,US $3.00,39.0,39 available / 4 sold,4.0,"May 23, 2024 18:11:56 PDT","wynnewood, pennsylvania, united states",for men,"['wynnewood', 'pennsylvania', 'united states']",wynnewood,pennsylvania,united states
779,armaf,odyssey homme by armaf 6.7 / 6.8 oz edp cologne for men new in box,eau de perfume,36.95,US $36.95/ea,19.0,19 available / 120 sold,120.0,"May 20, 2024 21:16:42 PDT","dallas, texas, united states",for men,"['dallas', 'texas', 'united states']",dallas,texas,united states
780,giorgio armani,"acqua di gio by giorgio armani for men,  eau de toilette 6.7 oz spray new in box",oil,51.99,US $51.99/ea,9.0,9 available / 28 sold,28.0,"Apr 23, 2024 04:55:18 PDT","houston, texas, united states",for men,"['houston', 'texas', 'united states']",houston,texas,united states
781,chanel,chanel platinum egoiste (0.05 oz / 1.5 ml) sample spray *new/carded*,oil,12.0,US $12.00,2.0,2 available / 11 sold,11.0,"May 23, 2024 10:37:59 PDT","montclair, california, united states",for men,"['montclair', 'california', 'united states']",montclair,california,united states
782,maison margiela,replica jazz club by maison margiela 3.4 fl oz edt spray for men new in box us,oil,39.99,US $39.99,1.0,last one / 11 sold,11.0,"Apr 30, 2024 20:11:27 PDT","monroe township, new jersey, hong kong",for men,"['monroe township', 'new jersey', 'hong kong']",monroe township,new jersey,china
783,bvlgari,bvlgari rose goldea  by bvlgari edp 3 fl oz / 90 ml *new*,eau de parfum,64.99,US $64.99,10.0,more than 10 available / 15 sold,15.0,"May 08, 2024 09:23:26 PDT","miami, florida, united states",for men,"['miami', 'florida', 'united states']",miami,florida,united states
784,kenzo,kenzo homme marine 3.7 oz./110 ml. eau de toilette marine spray for men new,oil,76.99,US $76.99/ea,10.0,10 available / 33 sold,33.0,"May 22, 2024 07:49:14 PDT","katy, texas, united states",for men,"['katy', 'texas', 'united states']",katy,texas,united states
785,el ganso,el ganso bravo monsieur eau de toilette edt  4.2 oz 125 ml cologne new,oil,56.0,US $56.00,3.0,3 available / 6 sold,6.0,"May 14, 2024 03:39:09 PDT","winter haven, florida, united states",for men,"['winter haven', 'florida', 'united states']",winter haven,florida,united states
786,avon,avon fullspeed eau de toilette 75ml - 2.5 fl.oz full speed,oil,45.9,US $45.90,10.0,more than 10 available / 74 sold,74.0,"May 23, 2024 03:08:19 PDT","elk, poland",for men,"['elk', 'poland']",elk,,poland
787,victor manuelle,victor manuelle gold eau de parfum spray for men 3.4 oz / 100 ml brand new!!!,eau de parfum,39.99,US $39.99/ea,3.0,3 available / 153 sold,153.0,"May 13, 2024 19:05:56 PDT","philadelphia, pennsylvania, united states",for men,"['philadelphia', 'pennsylvania', 'united states']",philadelphia,pennsylvania,united states
788,english laundry,"oxford bleu by english laundry, 3.4 oz edp spray for men",eau de parfum,36.67,US $36.67/ea,10.0,more than 10 available / 169 sold,169.0,"May 24, 2024 07:58:46 PDT","edison, new jersey, united states",for men,"['edison', 'new jersey', 'united states']",edison,new jersey,united states
789,luxury,luxury by new brand cologne for men edt 3.3 /3.4 oz new in box,oil,10.67,US $10.67/ea,57.0,57 available / 272 sold,272.0,"May 24, 2024 01:20:13 PDT","dallas, texas, united states",for men,"['dallas', 'texas', 'united states']",dallas,texas,united states
790,yves saint laurent,ysl y eau fraiche (3.3 oz/100 ml) eau de toilette spray *rare/discontinued*,oil,92.0,US $92.00,1.0,last one / 9 sold,9.0,"May 23, 2024 13:17:51 PDT","montclair, california, united states",for men,"['montclair', 'california', 'united states']",montclair,california,united states
791,montblanc,montblanc men's starwalker edt spray 2.5 oz fragrances 3386460028486 (tester),fragrances,31.29,US $31.29,3.0,3 available / 1 sold,1.0,"May 20, 2024 16:10:31 PDT","brooklyn, new york, united states",for men,"['brooklyn', 'new york', 'united states']",brooklyn,new york,united states
792,bath & body works,bath & body works men's collection freshwater cologne spray 3.4 fl ounce,cologne,29.97,US $29.97,4.0,4 available,0.0,,"dover, delaware, united states",for men,"['dover', 'delaware', 'united states']",dover,delaware,united states
793,jil sander,sun by jil sander cologne for men edt 4.2 oz new in box,oil,27.84,US $27.84/ea,2.0,limited quantity available / 85 sold,85.0,"Apr 30, 2024 06:45:20 PDT","dallas, texas, united states",for men,"['dallas', 'texas', 'united states']",dallas,texas,united states
794,dolce & gabbana,dolce & gabbana light blue italian love pour homme 100ml / 3.3 oz edt spray rare,oil,99.99,US $99.99/ea,6.0,6 available / 17 sold,17.0,"May 22, 2024 13:20:36 PDT","sanborn, new york, united states",for men,"['sanborn', 'new york', 'united states']",sanborn,new york,united states
795,as shown,a-ventu-s for men 3.3 oz./ 100 ml.eau de parfum spray for men new sealed box,eau de parfum,99.49,US $99.49,1.0,last one / 3 sold,3.0,"May 24, 2024 00:20:22 PDT","rochester, new york, united states",for men,"['rochester', 'new york', 'united states']",rochester,new york,united states
796,acqua di parma,acqua di parma colonia collection for men sample spray vials 5pc set,cologne,23.95,US $23.95,1.0,last one / 78 sold,78.0,"May 22, 2024 03:57:35 PDT","pearland, texas, united states",for men,"['pearland', 'texas', 'united states']",pearland,texas,united states
797,tom ford,"5 original m&h tom ford impressions, tobacco vanille, oud wood & more",oil,29.99,US $29.99/ea,10.0,10 available,0.0,,"st. george, utah, united states",for men,"['st. george', 'utah', 'united states']",st. george,utah,united states
798,guy laroche,set of 12 guy laroche drakkar intense edp parfum spray men sample 1.2 ml/0.04 oz,oil,19.99,US $19.99,3.0,3 available / 58 sold,58.0,"May 04, 2024 06:13:01 PDT","east meadow, new york, united states",for men,"['east meadow', 'new york', 'united states']",east meadow,new york,united states
799,salvatore ferragamo,f by ferragamo pour homme cologne edt 3.3 / 3.4 oz new in box,oil,26.86,US $26.86/ea,37.0,"37 available / 1,047 sold",1047.0,"May 21, 2024 09:56:08 PDT","dallas, texas, united states",for men,"['dallas', 'texas', 'united states']",dallas,texas,united states
800,paco rabanne,paco rabanne 1 million royal parfum 3.4 oz cologne for men new in box,eau de parfum,74.99,US $74.99/ea,10.0,10 available / 23 sold,23.0,"May 23, 2024 17:37:22 PDT","new york,united states, hong kong",for men,"['new york', 'united states', 'hong kong']",new york,united states,china
801,calvin klein,truth by calvin klein 3.4 oz edt cologne for men new in box,oil,31.57,US $31.57,10.0,more than 10 available / 287 sold,287.0,"May 24, 2024 07:35:03 PDT","hackensack, new jersey, united states",for men,"['hackensack', 'new jersey', 'united states']",hackensack,new jersey,united states
802,givenchy,givenchy gentleman 3.3 oz edt eau de toilette intense spray for men new in box,oil,39.99,US $39.99/ea,3.0,3 available / 45 sold,45.0,"May 23, 2024 18:59:51 PDT","california,usa, hong kong",for men,"['california', 'usa', 'hong kong']",california,usa,china
803,avon,avon perceive 3.4oz men's eau de cologne lot of 4 fast- free shpping,cologne,51.49,US $51.49/ea,10.0,more than 10 available / 37 sold,37.0,"Jan 08, 2024 17:39:02 PST","humacao, puerto rico, united states",for men,"['humacao', 'puerto rico', 'united states']",humacao,puerto rico,united states
804,armaf,odyssey aoud edition by armaf 3.4 oz edp cologne for men new in box,eau de parfum,29.03,US $29.03,2.0,2 available / 11 sold,11.0,"May 23, 2024 01:07:01 PDT","hackensack, new jersey, united states",for men,"['hackensack', 'new jersey', 'united states']",hackensack,new jersey,united states
805,moschino,toy boy by moschino 3.4 oz edp cologne for men new in box,eau de parfum,39.95,US $39.95/ea,10.0,more than 10 available / 5 sold,5.0,"May 01, 2024 09:56:57 PDT","huntington station, new york, united states",for men,"['huntington station', 'new york', 'united states']",huntington station,new york,united states
806,lattafa,lattafa perfumes fakhar eau de parfum 100ml/3.3oz men new in box,eau de parfum,25.99,US $25.99/ea,8.0,8 available / 71 sold,71.0,"May 22, 2024 11:25:01 PDT","north brunswick, new jersey, united states",for men,"['north brunswick', 'new jersey', 'united states']",north brunswick,new jersey,united states
807,azzaro,tester men azzaro pour homme eau de toilette spray 3.4 oz 100 ml cologne edt,oil,18.11,US $18.11,10.0,more than 10 available / 12 sold,12.0,"May 21, 2024 03:34:53 PDT","orlando, florida, united states",for men,"['orlando', 'florida', 'united states']",orlando,florida,united states
808,dolce & gabbana,dolce & gabbana the one mysterious night exclusive 100ml / 3.3 oz edp spray men,eau de parfum,124.99,US $124.99,2.0,2 available / 13 sold,13.0,"May 22, 2024 11:35:59 PDT","sanborn, new york, united states",for men,"['sanborn', 'new york', 'united states']",sanborn,new york,united states
809,montblanc,explorer platinum by mont blanc 3.3 oz edp cologne for men new in box,eau de parfum,52.94,US $52.94,2.0,limited quantity available / 100 sold,100.0,"May 22, 2024 08:40:06 PDT","hackensack, new jersey, united states",for men,"['hackensack', 'new jersey', 'united states']",hackensack,new jersey,united states
810,maison alhambra,woody oud by lattafa for men edp 2.7oz / 80ml new in box,eau de perfume,29.99,US $29.99,3.0,3 available / 42 sold,42.0,"May 24, 2024 07:55:47 PDT","miami, florida, united states",for men,"['miami', 'florida', 'united states']",miami,florida,united states
811,ralph lauren,polo sport by ralph lauren 4.2 oz edt cologne for men new in box,oil,32.98,US $32.98/ea,10.0,more than 10 available / 507 sold,507.0,"May 22, 2024 19:48:31 PDT","hackensack, new jersey, united states",for men,"['hackensack', 'new jersey', 'united states']",hackensack,new jersey,united states
812,giorgio armani,acqua di gio by giorgio armani 3.4 fl oz/100 ml edt spray for men new in box,oil,29.99,US $29.99/ea,10.0,more than 10 available / 12 sold,12.0,"May 18, 2024 09:30:42 PDT","saint clair shores, michigan, united states",for men,"['saint clair shores', 'michigan', 'united states']",saint clair shores,michigan,united states
813,giorgio armani,armani code by giorgio armani edt for men 4.2 oz / 125 ml new in sealed box,oil,37.95,US $37.95/ea,9.0,9 available / 20 sold,20.0,"May 20, 2024 05:50:34 PDT","warren, michigan, united states",for men,"['warren', 'michigan', 'united states']",warren,michigan,united states
814,giorgio armani,giorgio armani acqua di gio 3.4oz men's eau de toilette new sealed,oil,29.99,US $29.99/ea,6.0,6 available / 9 sold,9.0,"May 22, 2024 08:47:26 PDT","ecorse, michigan, united states",for men,"['ecorse', 'michigan', 'united states']",ecorse,michigan,united states
815,versace,blue jeans by versus gianni versace 2.5 oz edt cologne for men new in box,oil,20.37,US $20.37/ea,10.0,"more than 10 available / 4,569 sold",4569.0,"May 24, 2024 10:26:59 PDT","hackensack, new jersey, united states",for men,"['hackensack', 'new jersey', 'united states']",hackensack,new jersey,united states
816,ralph lauren,men polo deep blue by ralph lauren 4.2 oz parfum cologne new in box,eau de parfum,53.99,US $53.99,2.0,2 available / 16 sold,16.0,"May 20, 2024 01:23:56 PDT","orlando, florida, united states",for men,"['orlando', 'florida', 'united states']",orlando,florida,united states
817,paco rabanne,invictus by paco rabanne 3.4 oz edt cologne for men brand new tester,oil,45.99,US $45.99/ea,10.0,"more than 10 available / 2,452 sold",2452.0,"May 24, 2024 09:17:35 PDT","hackensack, new jersey, united states",for men,"['hackensack', 'new jersey', 'united states']",hackensack,new jersey,united states
818,prada,prada l'homme prada eau de toilette spray 1.7fl oz/50ml men's edt new & sealed,oil,68.55,US $68.55/ea,10.0,10 available / 65 sold,65.0,"May 08, 2024 08:02:39 PDT","middle grove, new york, united states",for men,"['middle grove', 'new york', 'united states']",middle grove,new york,united states
819,paco rabanne,paco rabanne invictus 3.4 oz edt sporty men's fragrance heroic scent,oil,39.99,US $39.99/ea,5.0,5 available / 23 sold,23.0,"May 13, 2024 11:37:20 PDT","detroit, michigan, united states",for men,"['detroit', 'michigan', 'united states']",detroit,michigan,united states
820,hybrid & company,perfume para hombre con feromonas de atraer mujeres fragancia colonia masculino*,eau de perfume,24.19,US $24.19,15.0,15 available / 73 sold,73.0,"May 09, 2024 08:15:16 PDT","temple, texas, united states",for men,"['temple', 'texas', 'united states']",temple,texas,united states
821,perry ellis,360 by perry ellis 3.4 oz edt cologne for men new in box,oil,23.01,US $23.01,5.0,"5 available / 2,611 sold",2611.0,"May 24, 2024 09:56:02 PDT","hackensack, new jersey, united states",for men,"['hackensack', 'new jersey', 'united states']",hackensack,new jersey,united states
822,jean paul gaultier,jean paul gaultier le beau 4.2 oz. eau de toilette spray for men new and sealed,oil,136.0,US $136.00,5.0,5 available / 51 sold,51.0,"May 23, 2024 16:34:42 PDT","miami, florida, united states",for men,"['miami', 'florida', 'united states']",miami,florida,united states
823,lattafa,opulent oud by lattafa 3.4 oz edp cologne for men new in box,eau de parfum,16.9,US $16.90,10.0,10 available / 127 sold,127.0,"May 21, 2024 08:40:15 PDT","hackensack, new jersey, united states",for men,"['hackensack', 'new jersey', 'united states']",hackensack,new jersey,united states
824,houbigant,duc de vervins by houbigant eau de toilette spray 4 oz -120 ml men new & sealed.,oil,68.0,US $68.00/ea,6.0,6 available / 33 sold,33.0,"May 22, 2024 14:53:19 PDT","hialeah, florida, united states",for men,"['hialeah', 'florida', 'united states']",hialeah,florida,united states
825,ralph lauren,polo ralph lauren black edt eau de toilette 2.5 oz. nib! sealed!,oil,25.0,US $25.00/ea,5.0,5 available / 8 sold,8.0,"Apr 11, 2024 04:33:41 PDT","nine mile falls, washington, united states",for men,"['nine mile falls', 'washington', 'united states']",nine mile falls,washington,united states
826,hugo boss,hugo by hugo boss 6.7 oz edt cologne for men brand new in box,oil,50.79,US $50.79/ea,2.0,"limited quantity available / 7,506 sold",7506.0,"May 24, 2024 10:26:59 PDT","hackensack, new jersey, united states",for men,"['hackensack', 'new jersey', 'united states']",hackensack,new jersey,united states
827,lattafa,sheikh al shuyukh luxe edition by lattafa 3.4 oz edp cologne men new in box,eau de parfum,17.18,US $17.18,10.0,more than 10 available / 65 sold,65.0,"May 22, 2024 11:57:54 PDT","hackensack, new jersey, united states",for men,"['hackensack', 'new jersey', 'united states']",hackensack,new jersey,united states
828,perry ellis,360 white by perry ellis 3.4 oz edt 3.3 spray for men new in box,oil,21.91,US $21.91/ea,96.0,"96 available / 1,831 sold",1831.0,"May 24, 2024 09:06:07 PDT","dallas, texas, united states",for men,"['dallas', 'texas', 'united states']",dallas,texas,united states
829,zara,zara sunrise on the red sand dunes (mylene alran) 3.4oz (100ml) edp spray sealed,eau de parfum,48.97,US $48.97,4.0,4 available / 30 sold,30.0,"May 13, 2024 02:58:59 PDT","matosinhos, portugal",for men,"['matosinhos', 'portugal']",matosinhos,,portugal
830,tommy bahama,tommy bahama maritime deep blue for men 4.2 oz 125 ml cologne spray new as pic**,cologne,25.99,US $25.99/ea,6.0,6 available / 209 sold,209.0,"May 20, 2024 06:16:20 PDT","tx, united states",for men,"['tx', 'united states']",tx,,united states
831,guerlain,guerlain imperiale for men 3.3 fl oz /100ml eau de cologne new sealed box,cologne,96.95,US $96.95,2.0,2 available / 6 sold,6.0,"May 15, 2024 23:13:02 PDT","miami, florida, united states",for men,"['miami', 'florida', 'united states']",miami,florida,united states
832,as shown,bleu de paris perfume 3.4oz eau de parfum cologne for men spray new with box,eau de parfum,74.99,US $74.99/ea,2.0,2 available / 4 sold,4.0,"May 23, 2024 16:32:28 PDT","dayton, new jersey, hong kong",for men,"['dayton', 'new jersey', 'hong kong']",dayton,new jersey,china
833,lattafa,hayaati by lattafa 100 ml 3.4 edp perfume for men brand new sealed free shipping,eau de parfum,23.89,US $23.89/ea,9.0,9 available / 14 sold,14.0,"May 16, 2024 14:46:48 PDT","bethpage, new york, united states",for men,"['bethpage', 'new york', 'united states']",bethpage,new york,united states
834,mancera,original mancera cedrat boise 4 oz (120 ml) edp spray new & sealed,eau de parfum,69.97,US $69.97,8.0,8 available / 30 sold,30.0,"May 22, 2024 09:17:29 PDT","englewood, new jersey, united states",for men,"['englewood', 'new jersey', 'united states']",englewood,new jersey,united states
835,unbranded,men's pheromone-infused perfume-cupid hypnosis cologne fragrances charm toilette,eau de perfume,15.99,US $15.99,10.0,more than 10 available / 45 sold,45.0,"May 23, 2024 19:54:34 PDT","houston, texas, united states",for men,"['houston', 'texas', 'united states']",houston,texas,united states
836,prada,lhomme / prada edt spray 1.7 oz (50 ml) (m),oil,66.55,US $66.55,3.0,3 available / 7 sold,7.0,"May 24, 2024 08:44:38 PDT","brooklyn, new york, united states",for men,"['brooklyn', 'new york', 'united states']",brooklyn,new york,united states
837,givenchy,givenchy men's gentleman edt spray 3.3 oz (tester) fragrances 3274872441071,fragrances,48.87,US $48.87,3.0,3 available / 8 sold,8.0,"May 20, 2024 20:44:28 PDT","brooklyn, new york, united states",for men,"['brooklyn', 'new york', 'united states']",brooklyn,new york,united states
838,givenchy,givenchy gentleman reserve privee eau de parfum spray men 2.0 oz / 60 ml new!!!,eau de parfum,72.99,US $72.99/ea,8.0,8 available / 180 sold,180.0,"May 16, 2024 14:16:01 PDT","philadelphia, pennsylvania, united states",for men,"['philadelphia', 'pennsylvania', 'united states']",philadelphia,pennsylvania,united states
839,afnan,afnan men's turathi brown edp spray 3.0 oz fragrances 6290171070603,fragrances,31.95,US $31.95,3.0,3 available / 5 sold,5.0,"May 23, 2024 11:50:59 PDT","brooklyn, new york, united states",for men,"['brooklyn', 'new york', 'united states']",brooklyn,new york,united states
840,creed,creed aventus by creed edp cologne for men 1.7 oz new in box,eau de parfum,188.3,US $188.30/ea,2.0,limited quantity available / 266 sold,266.0,"May 23, 2024 23:46:32 PDT","hackensack, new jersey, united states",for men,"['hackensack', 'new jersey', 'united states']",hackensack,new jersey,united states
841,dolce & gabbana,k by dolce and gabbana for men - 3.3 oz edp spray,eau de parfum,55.45,US $55.45,3.0,3 available / 11 sold,11.0,"May 22, 2024 11:50:40 PDT","brooklyn, new york, united states",for men,"['brooklyn', 'new york', 'united states']",brooklyn,new york,united states
842,nautica,nautica voyage heritage by nautica 3.4 oz edt cologne for men new in box,oil,18.33,US $18.33/ea,10.0,"more than 10 available / 1,332 sold",1332.0,"May 22, 2024 09:47:13 PDT","hackensack, new jersey, united states",for men,"['hackensack', 'new jersey', 'united states']",hackensack,new jersey,united states
843,giorgio armani,armani acqua di gio parfum refillable for men 4.2 oz / 125ml,eau de perfume,123.99,US $123.99,19.0,19 available / 5 sold,5.0,"May 16, 2024 17:44:35 PDT","miami, florida, united states",for men,"['miami', 'florida', 'united states']",miami,florida,united states
844,givenchy,givenchy gentleman society extreme eau de parfum spray for men 2.0 oz / 60 ml,eau de parfum,70.0,US $70.00,1.0,last one / 2 sold,2.0,"May 03, 2024 11:43:56 PDT","franklin square, new york, united states",for men,"['franklin square', 'new york', 'united states']",franklin square,new york,united states
845,assorted,men's cologne sample spray vials - choose scent combined shipping,eau de parfum,3.5,US $3.50/ea,4.0,"4 available / 3,009 sold",3009.0,"May 23, 2024 09:24:03 PDT","pearland, texas, united states",for men,"['pearland', 'texas', 'united states']",pearland,texas,united states
846,unbranded,new 2024 sexy cologne cupid hypnosis long lasting pheromone perfume for men us,fragrance rolling ball,10.99,US $10.99,10.0,more than 10 available / 38 sold,38.0,"May 20, 2024 23:42:53 PDT","los angeles, california, united states",for men,"['los angeles', 'california', 'united states']",los angeles,california,united states
847,axe,axe deodorant body spray anarchy for him men's fragrance 150ml -pack of 12,deodorant body spray,42.99,US $42.99,4.0,4 available / 26 sold,26.0,,"whittier, california, united states",for men,"['whittier', 'california', 'united states']",whittier,california,united states
848,emporio armani,stronger with you by emporio armani 3.3 oz. eau de toilette spray men sealed box,oil,71.9,US $71.90/ea,10.0,10 available / 244 sold,244.0,"May 23, 2024 16:30:10 PDT","katy, texas, united states",for men,"['katy', 'texas', 'united states']",katy,texas,united states
849,salvatore ferragamo,salvatore ferragamo men's uomo urban feel edt spray 3.4 oz fragrances,oil,32.89,US $32.89,3.0,3 available / 5 sold,5.0,"May 19, 2024 09:08:53 PDT","brooklyn, new york, united states",for men,"['brooklyn', 'new york', 'united states']",brooklyn,new york,united states
850,as shown,versace pour homme dylan blue edt cologne for men 3.4 oz new in box,oil,38.99,US $38.99/ea,9.0,9 available / 37 sold,37.0,"May 23, 2024 17:35:18 PDT","new york,united states, hong kong",for men,"['new york', 'united states', 'hong kong']",new york,united states,china
851,does not apply,perfume for men with pheromones to attract women fragrance cologne masculino,does not apply,16.34,US $16.34,5.0,5 available / 103 sold,103.0,"May 23, 2024 13:46:24 PDT","plano, texas, united states",for men,"['plano', 'texas', 'united states']",plano,texas,united states
852,issey miyake,fusion d'issey extreme by issey miyake men edt intense 3.3 / 3.4  oz new in box,oil,44.61,US $44.61/ea,54.0,54 available / 27 sold,27.0,"May 08, 2024 07:49:55 PDT","dallas, texas, united states",for men,"['dallas', 'texas', 'united states']",dallas,texas,united states
853,kenneth cole,kenneth cole for him by kenneth cole cologne edt 3.3 / 3.4 oz new tester,oil,18.66,US $18.66/ea,26.0,26 available / 58 sold,58.0,"May 06, 2024 23:28:14 PDT","dallas, texas, united states",for men,"['dallas', 'texas', 'united states']",dallas,texas,united states
854,hermès,eau d'orange verte by hermes cologne for men 3.3 / 3.4 oz new in box,cologne,62.62,US $62.62/ea,3.0,3 available / 335 sold,335.0,"May 23, 2024 07:17:14 PDT","hackensack, new jersey, united states",for men,"['hackensack', 'new jersey', 'united states']",hackensack,new jersey,united states
855,tiffany,tiffany love for him 3 oz eau de toilette edt perfume for men spray new in box,oil,49.99,US $49.99,3.0,3 available / 19 sold,19.0,"May 01, 2024 23:21:12 PDT","california or hong kong, hong kong",for men,"['california or hong kong', 'hong kong']",california or hong kong,,china
856,yves saint laurent,ysl la nuit de l’homme bleu electrique edt intense 3.3oz/100ml rare & new in box,oil,178.99,US $178.99,1.0,last one / 77 sold,77.0,"May 22, 2024 16:37:14 PDT","austin, texas, united states",for men,"['austin', 'texas', 'united states']",austin,texas,united states
857,emper,big ben london blanc  by emper eau de perfume 2.8 fl oz./85ml,eau de parfum,29.95,US $29.95,4.0,4 available / 2 sold,2.0,,"dallas, texas, united states",for men,"['dallas', 'texas', 'united states']",dallas,texas,united states
858,yves saint laurent,y by yves saint laurent eau de parfum spray 3.3 /3.4 oz men sealed!!!,eau de parfum,58.99,US $58.99/ea,8.0,8 available / 22 sold,22.0,"May 21, 2024 00:24:47 PDT","grand rapids, michigan, united states",for men,"['grand rapids', 'michigan', 'united states']",grand rapids,michigan,united states
859,ed hardy,ed hardy born wild eau de toilette spray 3.4oz./100ml (scuffs & scratches)no cap,oil,40.95,US $40.95,3.0,3 available / 14 sold,14.0,"Apr 26, 2024 08:32:12 PDT","pompano beach, florida, united states",for men,"['pompano beach', 'florida', 'united states']",pompano beach,florida,united states
860,maison francis kurkdjian,maison francis kurkdjian amyris pour homme eau de toilette 2.4 fl oz,does not apply,159.99,US $159.99,4.0,4 available / 2 sold,2.0,"May 17, 2024 11:43:56 PDT","shepherdsville, kentucky, united states",for men,"['shepherdsville', 'kentucky', 'united states']",shepherdsville,kentucky,united states
861,gucci,gucci guilty black for men cologne 3.0 oz edt new in box,oil,71.98,US $71.98,1.0,last one / 100 sold,100.0,"May 24, 2024 06:21:19 PDT","dallas, texas, united states",for men,"['dallas', 'texas', 'united states']",dallas,texas,united states
862,giorgio armani,giorgio armani aqua di gio 3.4 oz men's eau de toilette spray new,oil,29.99,US $29.99,10.0,more than 10 available / 61 sold,61.0,"May 11, 2024 02:03:08 PDT","houston, texas, united states",for men,"['houston', 'texas', 'united states']",houston,texas,united states
863,montale,wood & spice montale for men 3.4 oz new box,eau de parfum,59.0,US $59.00/ea,6.0,6 available / 4 sold,4.0,"May 23, 2024 17:42:12 PDT","irving, texas, united states",for men,"['irving', 'texas', 'united states']",irving,texas,united states
864,creed,creed aventus for men travel size pack of 2 rollerball by y.z.y scents,oil,9.96,US $9.96/ea,10.0,more than 10 available / 266 sold,266.0,"May 08, 2024 18:36:48 PDT","jamaica, new york, united states",for men,"['jamaica', 'new york', 'united states']",jamaica,new york,united states
865,brut,brut 7oz classic scent splash-on cologne (pack of 2),splash-on,19.97,US $19.97/ea,4.0,4 available / 15 sold,15.0,"May 20, 2024 21:21:03 PDT","san diego, california, united states",for men,"['san diego', 'california', 'united states']",san diego,california,united states
866,secertmu,men's perfume pheromone- infused cupid hypnosis cologne fragrances charm spray！,pheromone,12.99,US $12.99,10.0,more than 10 available / 10 sold,10.0,"May 21, 2024 19:32:52 PDT","san francisco, california, united states",for men,"['san francisco', 'california', 'united states']",san francisco,california,united states
867,dolce & gabbana,light blue forever cologne for men dolce & gabbana 0.33 oz/10 ml edp spray unbox,eau de parfum,18.89,US $18.89/ea,10.0,10 available / 125 sold,125.0,"May 24, 2024 08:50:11 PDT","new york, new york, united states",for men,"['new york', 'new york', 'united states']",new york,new york,united states
868,bvlgari,bvlgari man in black eau de parfum 0.5 oz/15 ml spray new in box,eau de parfum,29.99,US $29.99/ea,10.0,more than 10 available / 25 sold,25.0,"Mar 06, 2024 12:02:36 PST","keyport, new jersey, united states",for men,"['keyport', 'new jersey', 'united states']",keyport,new jersey,united states
869,christian dior,"dior sauvage elixer / elixir mini spray for men, new, .25 oz. free shipping",eau de parfum,27.5,US $27.50/ea,10.0,more than 10 available / 29 sold,29.0,"May 23, 2024 14:34:55 PDT","orma, west virginia, united states",for men,"['orma', 'west virginia', 'united states']",orma,west virginia,united states
870,dolce & gabbana,k by dolce & gabbana 3.4 oz eau de toilette king cologne spray for men new,oil,34.99,US $34.99/ea,4.0,4 available / 48 sold,48.0,"May 12, 2024 09:22:09 PDT","pomona,california, hong kong",for men,"['pomona', 'california', 'hong kong']",pomona,california,china
871,issey miyake,"l'eau d'issey intense by issey miyake, 2.5 oz edt spray for men",oil,24.35,US $24.35/ea,10.0,more than 10 available / 88 sold,88.0,"May 24, 2024 10:21:23 PDT","edison, new jersey, united states",for men,"['edison', 'new jersey', 'united states']",edison,new jersey,united states
872,moschino,new in box men's perfume toy boy by moschino eau de parfum edp spray 3.4oz/100ml,eau de parfum,34.99,US $34.99/ea,9.0,9 available / 3 sold,3.0,"May 21, 2024 19:21:40 PDT","houston, texas, united states",for men,"['houston', 'texas', 'united states']",houston,texas,united states
873,bond no. 9,"bond no. 9 governors island by bond no. 9, 3.3 oz edp spray for men",eau de parfum,160.27,US $160.27/ea,3.0,3 available / 47 sold,47.0,"May 23, 2024 08:01:21 PDT","edison, new jersey, united states",for men,"['edison', 'new jersey', 'united states']",edison,new jersey,united states
874,kenneth cole,tester men kenneth cole mankind hero by kenneth cole 3.4 oz new no cap,oil,24.5,US $24.50/ea,10.0,more than 10 available / 415 sold,415.0,"May 07, 2024 07:48:23 PDT","orlando, florida, united states",for men,"['orlando', 'florida', 'united states']",orlando,florida,united states
875,fragrance,fragrance world men's alpha edp spray 3.4 oz fragrances 6290360373317,fragrances,32.89,US $32.89,3.0,3 available / 8 sold,8.0,"May 24, 2024 08:56:44 PDT","brooklyn, new york, united states",for men,"['brooklyn', 'new york', 'united states']",brooklyn,new york,united states
876,john varvatos,xx artisan by john varvatos cologne for men edt 4.2 oz new tester,oil,29.2,US $29.20/ea,21.0,21 available / 121 sold,121.0,"May 24, 2024 07:22:11 PDT","dallas, texas, united states",for men,"['dallas', 'texas', 'united states']",dallas,texas,united states
877,blue perfumes,jpg le male inspiration blue for men eau de toilette 4.2 oz / 125 ml,oil,16.99,US $16.99,1.0,last one / 3 sold,3.0,"May 17, 2024 19:44:33 PDT","20744, united states",for men,"['20744', 'united states']",20744,,united states
878,hugo boss,reversed by hugo boss cologne for men edt 4.2 oz new in box,oil,29.78,US $29.78/ea,2.0,limited quantity available / 604 sold,604.0,"May 23, 2024 03:00:09 PDT","dallas, texas, united states",for men,"['dallas', 'texas', 'united states']",dallas,texas,united states
879,al haramain,l'aventure knight by al haramain cologne for men edp 3.3 / 3.4 oz new in box,eau de perfume,30.93,US $30.93/ea,65.0,65 available / 998 sold,998.0,"May 21, 2024 22:39:17 PDT","dallas, texas, united states",for men,"['dallas', 'texas', 'united states']",dallas,texas,united states
880,creed,creed silver mountain water by creed 3.3 oz perfume cologne for men new in box,eau de parfum,180.17,US $180.17,2.0,limited quantity available / 327 sold,327.0,"May 24, 2024 08:16:13 PDT","hackensack, new jersey, united states",for men,"['hackensack', 'new jersey', 'united states']",hackensack,new jersey,united states
881,boucheron,jaipur homme by boucheron cologne 3.3 / 3.4 oz edp for men new in box,eau de parfum,35.58,US $35.58/ea,2.0,"limited quantity available / 1,024 sold",1024.0,"May 16, 2024 08:36:58 PDT","dallas, texas, united states",for men,"['dallas', 'texas', 'united states']",dallas,texas,united states
882,fragrance,office for men fragrance one by jeremy fragrance 100ml - 3.3oz 3.4oz new $250,eau de parfum,179.99,US $179.99,5.0,5 available / 5 sold,5.0,"May 21, 2024 01:44:29 PDT","west chester, pennsylvania, united states",for men,"['west chester', 'pennsylvania', 'united states']",west chester,pennsylvania,united states
883,armaf,armaf tag him uomo rosso red eau de parfum 100ml,eau de parfum,45.35,US $45.35/ea,2.0,2 available / 1 sold,1.0,"May 23, 2024 01:40:32 PDT","delhi, delhi, india",for men,"['delhi', 'delhi', 'india']",delhi,delhi,india
884,paco rabanne,invictus victory elixir by paco rabanne 3.4oz parfum intense men new sealed box,parfum intense,99.99,US $99.99/ea,6.0,6 available / 50 sold,50.0,"May 21, 2024 23:36:30 PDT","north brunswick, new jersey, united states",for men,"['north brunswick', 'new jersey', 'united states']",north brunswick,new jersey,united states
885,paco rabanne,paco rabanne pure xs night 3.4 oz 100 ml edp  spray in white box. discontinued.,eau de parfum,69.99,US $69.99/ea,10.0,more than 10 available / 13 sold,13.0,"Feb 28, 2024 07:26:54 PST","keyport, new jersey, united states",for men,"['keyport', 'new jersey', 'united states']",keyport,new jersey,united states
886,elixir,christian dior sauvage elixir men edc spray 2 oz sealed.,cologne,110.19,US $110.19,10.0,10 available / 11 sold,11.0,"May 23, 2024 21:56:47 PDT","corona, california, united states",for men,"['corona', 'california', 'united states']",corona,california,united states
887,michael malul,edgewater 3.4 edp michael malul gents scents,eau de parfum,99.86,US $99.86,3.0,3 available / 4 sold,4.0,"May 22, 2024 19:01:37 PDT","brooklyn, new york, united states",for men,"['brooklyn', 'new york', 'united states']",brooklyn,new york,united states
888,xerjoff,mefisto gentiluomo by xerjoff edp for men 2ml vial spray new factory sealed,eau de parfum,11.0,US $11.00,3.0,3 available / 47 sold,47.0,"May 16, 2024 15:22:05 PDT","fort walton beach, florida, united states",for men,"['fort walton beach', 'florida', 'united states']",fort walton beach,florida,united states
889,guerlain,vetiver by guerlain 4 ml/ 0.13 oz eau de cologne mini splash vintage new,cologne,12.0,US $12.00,7.0,7 available / 22 sold,22.0,"May 13, 2024 05:49:38 PDT","punta gorda, florida, united states",for men,"['punta gorda', 'florida', 'united states']",punta gorda,florida,united states
890,ralph lauren,"ralph lauren polo black - bold 4.2oz men's edt, new in sealed box",oil,31.99,US $31.99/ea,6.0,6 available / 15 sold,15.0,"May 13, 2024 09:33:41 PDT","dearborn heights, michigan, united states",for men,"['dearborn heights', 'michigan', 'united states']",dearborn heights,michigan,united states
891,polo,polo ralph lauren red parfum 0.34 .34 oz 10 ml travel spray new 2024,eau de parfum,8.99,US $8.99,4.0,4 available / 8 sold,8.0,"Apr 22, 2024 05:34:36 PDT","saint petersburg, florida, united states",for men,"['saint petersburg', 'florida', 'united states']",saint petersburg,florida,united states
892,united scents,men's  perfume black intense 3.4 fl oz parfum fragrance,eau de parfum,14.99,US $14.99,10.0,more than 10 available / 20 sold,20.0,"May 18, 2024 15:52:35 PDT","arcadia, california, united states",for men,"['arcadia', 'california', 'united states']",arcadia,california,united states
893,burberry,burberry london by burberry 3.3 / 3.4 oz edt cologne for men new in box,oil,39.25,US $39.25/ea,10.0,10 available / 30 sold,30.0,"May 23, 2024 05:20:25 PDT","dallas, texas, united states",for men,"['dallas', 'texas', 'united states']",dallas,texas,united states
894,jimmy choo,"jimmy choo man, aqua, blue, intense collection sample size (4pcs)",oil,16.5,US $16.50/ea,5.0,5 available / 67 sold,67.0,"May 23, 2024 12:09:40 PDT","roseville, california, united states",for men,"['roseville', 'california', 'united states']",roseville,california,united states
895,cologne,paco rabanne phantom parfum 0.17oz/5ml mens - mini size cologne - new in box!,eau de parfum,24.99,US $24.99,1.0,last one / 2 sold,2.0,,"lynnwood, washington, united states",for men,"['lynnwood', 'washington', 'united states']",lynnwood,washington,united states
896,avon,sensus ultra colonia de avon para caballero elije tu favorita 100% original,oil,34.99,US $34.99,10.0,more than 10 available / 577 sold,577.0,"May 17, 2024 12:17:44 PDT","austin, texas, united states",for men,"['austin', 'texas', 'united states']",austin,texas,united states
897,jimmy choo,jimmy choo man intense by jimmy choo eau de toilette spray 3.3 oz men,oil,68.72,US $68.72/ea,10.0,more than 10 available / 55 sold,55.0,"May 23, 2024 02:11:39 PDT","ann arbor, michigan, united states",for men,"['ann arbor', 'michigan', 'united states']",ann arbor,michigan,united states
898,unbranded,3.4 oz/100ml eau de toilette spray brand new for giorgio armani acqua di gio,oil,25.89,US $25.89,10.0,more than 10 available / 4 sold,4.0,"May 09, 2024 22:38:22 PDT","brooklyn, new york, united states",for men,"['brooklyn', 'new york', 'united states']",brooklyn,new york,united states
900,yves saint laurent,y ysl yves saint laurent eau de toilette 0.25 fl. oz. 7.5 ml. collectible mini,oil,16.95,US $16.95,10.0,more than 10 available / 69 sold,69.0,"Sep 15, 2023 06:32:59 PDT","stafford, texas, united states",for men,"['stafford', 'texas', 'united states']",stafford,texas,united states
901,giorgio armani,armani code by giorgio armani 4.2 oz edt cologne for men factory sealed,oil,36.5,US $36.50/ea,3.0,3 available / 185 sold,185.0,"May 23, 2024 23:20:00 PDT","battle creek, michigan, united states",for men,"['battle creek', 'michigan', 'united states']",battle creek,michigan,united states
902,creed,2x creed millesime imperial men sample vial 0.08 oz 2.5 ml eau de parfum spray,eau de parfum,15.95,US $15.95/ea,6.0,6 available / 30 sold,30.0,"Feb 26, 2024 12:33:18 PST","midway city, california, united states",for men,"['midway city', 'california', 'united states']",midway city,california,united states
903,calvin klein,escape for men by calvin klein eau de toilette ~ 3.3 fl oz ~ sealed ~ authentic,oil,24.95,US $24.95,6.0,6 available / 8 sold,8.0,,"oneida, tennessee, united states",for men,"['oneida', 'tennessee', 'united states']",oneida,tennessee,united states
904,unbranded,cologne fragrance aluminum car air freshener for men modern vent-clip universal,car air freshener,7.19,US $7.19,10.0,more than 10 available / 131 sold,131.0,"Apr 17, 2024 23:41:54 PDT","houston, texas, united states",for men,"['houston', 'texas', 'united states']",houston,texas,united states
905,ysl,ysl yves saint laurent y eau de perfume  100ml / 3.3 oz men cologne sealed box,eau de parfum,44.99,US $44.99,10.0,10 available / 13 sold,13.0,"May 15, 2024 17:42:12 PDT","edison, new jersey, hong kong",for men,"['edison', 'new jersey', 'hong kong']",edison,new jersey,china
906,pierre cardin,pierre cardin for men edc spray cologne 1oz unboxed new,cologne,9.45,US $9.45,10.0,more than 10 available / 56 sold,56.0,"May 23, 2024 16:11:19 PDT","boynton beach, florida, united states",for men,"['boynton beach', 'florida', 'united states']",boynton beach,florida,united states
907,paco rabanne,paco rabanne invictus cologne edt 3.4oz sealed victory scent power,oil,39.99,US $39.99/ea,10.0,more than 10 available / 5 sold,5.0,"May 24, 2024 07:13:32 PDT","detroit, michigan, united states",for men,"['detroit', 'michigan', 'united states']",detroit,michigan,united states
908,unbranded,"cupid ii charm toilette for men,pheromone-infused perfume cologne fragrances new",eau de perfume,15.99,US $15.99,10.0,more than 10 available / 81 sold,81.0,"May 24, 2024 08:53:14 PDT","houston, texas, united states",for men,"['houston', 'texas', 'united states']",houston,texas,united states
909,bharara,double bleu by bharara cologne for men edp 3.3 / 3.4 oz new in box,eau de parfum,54.85,US $54.85/ea,9.0,9 available / 8 sold,8.0,"May 16, 2024 09:13:11 PDT","dallas, texas, united states",for men,"['dallas', 'texas', 'united states']",dallas,texas,united states
910,as shown,givenchy gentleman reserve privee 3.38oz 100ml edp cologne mens spray new in box,eau de parfum,42.39,US $42.39,10.0,more than 10 available / 4 sold,4.0,"May 20, 2024 19:16:37 PDT","california,united states,hk, hong kong",for men,"['california', 'united states', 'hk', 'hong kong']",california,,china
911,aladdin,santa fe cologne spray for men  by aladdin 1.7 oz,cologne,28.99,US $28.99,8.0,8 available / 3 sold,3.0,,"port orange, florida, united states",for men,"['port orange', 'florida', 'united states']",port orange,florida,united states
912,giorgio armani,giorgio armani code profumo men 3.7 oz 110 ml new sealed in box,eau de parfum,84.99,US $84.99/ea,10.0,more than 10 available / 8 sold,8.0,"May 23, 2024 08:08:50 PDT","detroit, michigan, united states",for men,"['detroit', 'michigan', 'united states']",detroit,michigan,united states
913,hermes,hermes men's terre d'hermes parfum spray 0.42 oz fragrances 3346131402519,fragrances,28.19,US $28.19,3.0,3 available / 6 sold,6.0,"May 20, 2024 11:56:38 PDT","brooklyn, new york, united states",for men,"['brooklyn', 'new york', 'united states']",brooklyn,new york,united states
914,salvatore ferragamo,salvatore ferragamo intense leather eau de parfum for men 1.0 oz / 30ml,eau de parfum,26.99,US $26.99/ea,3.0,3 available / 14 sold,14.0,"May 19, 2024 17:29:51 PDT","miami, florida, united states",for men,"['miami', 'florida', 'united states']",miami,florida,united states
915,rasasi,hawas by rasasi 3.4oz edp for men new sealed box,eau de parfum,49.5,US $49.50/ea,10.0,more than 10 available / 2 sold,2.0,,"miami, florida, united states",for men,"['miami', 'florida', 'united states']",miami,florida,united states
916,dolce & gabbana,k by dolce & gabbana king cologne for men edt 5 oz new in box,oil,56.99,US $56.99/ea,68.0,68 available / 993 sold,993.0,"May 14, 2024 15:34:41 PDT","dallas, texas, united states",for men,"['dallas', 'texas', 'united states']",dallas,texas,united states
917,bvlgari,bvlgari aqva marine pour homme 3.4 oz edt cologne for men tester,oil,64.02,US $64.02,2.0,2 available / 10 sold,10.0,"May 19, 2024 17:40:35 PDT","hackensack, new jersey, united states",for men,"['hackensack', 'new jersey', 'united states']",hackensack,new jersey,united states
918,hanae mori,hanae mori him men’s eau de toilette 10 sprays 1.2ml each *new* *free shipping*,oil,15.39,US $15.39,5.0,5 available / 1 sold,1.0,"May 22, 2024 19:42:23 PDT","houston, texas, united states",for men,"['houston', 'texas', 'united states']",houston,texas,united states
919,phillips-van heusen,izod by phillips-van heusen 3.4 oz / 100 ml edt spy cologne for men pour homme,oil,21.25,US $21.25,10.0,more than 10 available / 504 sold,504.0,"May 17, 2024 09:32:46 PDT","lynwood, california, united states",for men,"['lynwood', 'california', 'united states']",lynwood,california,united states
920,elizabeth taylor,elizabeth taylor passion cologne spray for men 4 oz,cologne,17.17,US $17.17,1.0,last one / 4 sold,4.0,"May 24, 2024 07:15:49 PDT","ontario, california, united states",for men,"['ontario', 'california', 'united states']",ontario,california,united states
921,polo,ralph lauren polo red extreme parfum for men 4.2 oz 125 ml  new open white box.,eau de perfume,103.2,US $103.20/ea,9.0,9 available / 5 sold,5.0,"May 01, 2024 15:10:55 PDT","seattle, washington, united states",for men,"['seattle', 'washington', 'united states']",seattle,washington,united states
922,gucci,gucci guilty black 3.0 oz edt cologne for men new tester,oil,68.3,US $68.30,2.0,limited quantity available / 137 sold,137.0,"May 24, 2024 07:59:03 PDT","hackensack, new jersey, united states",for men,"['hackensack', 'new jersey', 'united states']",hackensack,new jersey,united states
923,carolina herrera,carolina herrera bad boy dazzling garden 3.3/3.4 oz eau de toilette 100ml (nwob),oil,65.99,US $65.99,10.0,more than 10 available / 17 sold,17.0,"Apr 29, 2024 18:20:43 PDT","el cajon, california, united states",for men,"['el cajon', 'california', 'united states']",el cajon,california,united states
924,ralph lauren,polo cologne intense by ralph lauren for men edc 4.0 oz new in box,cologne,41.44,US $41.44/ea,84.0,84 available / 145 sold,145.0,"May 20, 2024 23:05:25 PDT","dallas, texas, united states",for men,"['dallas', 'texas', 'united states']",dallas,texas,united states
925,bath & body works,bath & body works men's collection fragrance cologne body spray 3.7 oz choose 1,body spray,10.91,US $10.91,1.0,last one / 654 sold,654.0,"May 16, 2024 00:14:43 PDT","modesto, california, united states",for men,"['modesto', 'california', 'united states']",modesto,california,united states
926,dossier,aquatic lime mens dossier fragrance edt for acqua di gio 1.7oz 50ml,oil,18.99,US $18.99,10.0,more than 10 available / 14 sold,14.0,"May 17, 2024 11:37:40 PDT","bogota, new jersey, united states",for men,"['bogota', 'new jersey', 'united states']",bogota,new jersey,united states
927,lalique,encre noire a l'extreme by lalique cologne for him edp 3.3 / 3.4 oz new tester,eau de parfum,25.74,US $25.74/ea,5.0,5 available / 7 sold,7.0,"May 14, 2024 11:28:23 PDT","dallas, texas, united states",for men,"['dallas', 'texas', 'united states']",dallas,texas,united states
928,givenchy,gentlemen only by givenchy cologne 3.3 / 3.4 oz edt cologne for men new in box,oil,50.44,US $50.44/ea,13.0,13 available / 636 sold,636.0,"May 24, 2024 08:09:07 PDT","dallas, texas, united states",for men,"['dallas', 'texas', 'united states']",dallas,texas,united states
929,afnan,afnan 9 pm men sample vial 0.09 oz 3 ml eau de parfum spray on card,eau de parfum,6.94,US $6.94/ea,10.0,more than 10 available / 131 sold,131.0,"May 20, 2024 14:10:33 PDT","midway city, california, united states",for men,"['midway city', 'california', 'united states']",midway city,california,united states
930,as shown,eros flame byversace spray 3.4oz/100ml fragrance cologne for men nib,eau de parfum,36.99,US $36.99,10.0,10 available / 12 sold,12.0,"May 23, 2024 19:46:45 PDT","shenzhen, china",for men,"['shenzhen', 'china']",shenzhen,,china
931,xerjoff,naxos by xerjoff vial spray 2ml new sealed,eau de parfum,11.99,US $11.99,4.0,4 available / 442 sold,442.0,"May 22, 2024 00:57:56 PDT","fort walton beach, florida, united states",for men,"['fort walton beach', 'florida', 'united states']",fort walton beach,florida,united states
932,jaguar,jaguar classic motion by jaguar cologne 3.4 / 3.3 oz men edt new in box,oil,14.57,US $14.57/ea,54.0,54 available / 63 sold,63.0,"May 19, 2024 12:27:34 PDT","dallas, texas, united states",for men,"['dallas', 'texas', 'united states']",dallas,texas,united states
933,al rehab,without box - 50ml (1.65 fl oz) al rehab choco musk concentrated perfume oil,eau de perfume,8.99,US $8.99/ea,7.0,7 available / 76 sold,76.0,"Mar 22, 2024 06:23:29 PDT","lynbrook, new york, united states",for men,"['lynbrook', 'new york', 'united states']",lynbrook,new york,united states
934,cologne,new 10x new random unique men's fragrance cologne sample set christimas gift set,eau de perfume,19.9,US $19.90,30.0,more than 10 lots available (10 items per lot) / 331 sold,331.0,"Nov 21, 2023 08:32:55 PST","stony brook, new york, united states",for men,"['stony brook', 'new york', 'united states']",stony brook,new york,united states
935,bod man,"bod man fragrance body spray, black, 8 fl oz fresh free shipping",fragrance body spray,9.99,US $9.99/ea,3.0,3 available / 32 sold,32.0,"May 22, 2024 17:01:35 PDT","multiple locations, united states",for men,"['multiple locations', 'united states']",multiple locations,,united states
936,diesel,diesel only the brave by diesel edt cologne for men 6.7 oz new in box,oil,56.0,US $56.00/ea,3.0,3 available / 677 sold,677.0,"May 20, 2024 15:18:21 PDT","hackensack, new jersey, united states",for men,"['hackensack', 'new jersey', 'united states']",hackensack,new jersey,united states
937,amouage,amouage interlude by amouage 3.4 oz edp cologne for men new in box,eau de parfum,166.18,US $166.18/ea,10.0,more than 10 available / 78 sold,78.0,"May 22, 2024 07:34:36 PDT","hackensack, new jersey, united states",for men,"['hackensack', 'new jersey', 'united states']",hackensack,new jersey,united states
938,ralph lauren,polo blue by ralph lauren edt for men 2.5oz - 75ml *new in sealed box*,cologne,29.99,US $29.99,10.0,more than 10 available / 60 sold,60.0,"May 10, 2024 07:19:49 PDT","miami, florida, united states",for men,"['miami', 'florida', 'united states']",miami,florida,united states
939,rasasi,rasasi it's essential for men long lasting eau de parfum- 100ml- free shipping,eau de parfum,38.0,US $38.00,8.0,8 available / 12 sold,12.0,"May 17, 2024 18:15:39 PDT","delhi, delhi, india",for men,"['delhi', 'delhi', 'india']",delhi,delhi,india
940,bvlgari,bvlgari man in black made stronger with pheromones for super sexy scent trails!,oil,16.48,US $16.48,10.0,more than 10 available / 24 sold,24.0,"May 19, 2024 18:22:54 PDT","austell, georgia, united states",for men,"['austell', 'georgia', 'united states']",austell,georgia,united states
941,armaf,armaf club de nuit untold 6.7oz/200ml eau de parfum unisex spray - new & sealed,eau de parfum,85.0,US $85.00,10.0,more than 10 available / 10 sold,10.0,"Apr 24, 2024 15:40:00 PDT","houston, texas, united states",for men,"['houston', 'texas', 'united states']",houston,texas,united states
942,armaf,armaf odyssey mandarin sky eau de parfum for men 100ml - free shipping,eau de parfum,41.0,US $41.00,8.0,8 available / 397 sold,397.0,"May 16, 2024 08:19:57 PDT","delhi, delhi, india",for men,"['delhi', 'delhi', 'india']",delhi,delhi,india
943,dana,women tabu by dana 2.3 oz edc spray new in box (not 3.0),cologne,14.99,US $14.99/ea,10.0,more than 10 available / 647 sold,647.0,"Feb 16, 2024 20:33:33 PST","orlando, florida, united states",for men,"['orlando', 'florida', 'united states']",orlando,florida,united states
944,carolina herrera,herrera for men * carolina herrera cologne * edt * 6.7 / 6.8 oz * new in box,oil,66.52,US $66.52/ea,10.0,"more than 10 available / 1,963 sold",1963.0,"May 15, 2024 10:37:08 PDT","hackensack, new jersey, united states",for men,"['hackensack', 'new jersey', 'united states']",hackensack,new jersey,united states
945,giorgio armani,lot of 12 - acqua di gio profondo - men's luxury cologne samples - edp - armani,eau de parfum,24.0,US $24.00,3.0,3 available / 2 sold,2.0,,"arlington heights, illinois, united states",for men,"['arlington heights', 'illinois', 'united states']",arlington heights,illinois,united states
946,diesel,d by diesel by diesel eau de toilette spray 3.4oz/100ml for men without box,oil,26.99,US $26.99,8.0,8 available / 21 sold,21.0,"May 17, 2024 11:34:20 PDT","bogota, new jersey, united states",for men,"['bogota', 'new jersey', 'united states']",bogota,new jersey,united states
947,dvyne fragrances,assorted body oils - 100% pure uncut fragrances - 1/3 oz roll-ons for men,oil,8.0,US $8.00/ea,10.0,"more than 10 available / 1,113 sold",1113.0,"May 22, 2024 08:22:07 PDT","fort lauderdale, florida, united states",for men,"['fort lauderdale', 'florida', 'united states']",fort lauderdale,florida,united states
948,parfums de marly,pdm parfums de marly layton exclusif 1.5ml .05fl oz x 1 cologne spray sample,eau de perfume,12.0,US $12.00,10.0,more than 10 available / 19 sold,19.0,,"albany, new york, united states",for men,"['albany', 'new york', 'united states']",albany,new york,united states
949,afnan,supremacy incense by afnan cologne for men edp 3.3 / 3.4 oz new in box,eau de perfume,24.35,US $24.35/ea,110.0,110 available / 692 sold,692.0,"May 21, 2024 23:18:09 PDT","dallas, texas, united states",for men,"['dallas', 'texas', 'united states']",dallas,texas,united states
950,lapidus,lapidus pour homme by ted lapidus cologne 3.3 oz edt 3.4 men new in box,oil,20.08,US $20.08/ea,29.0,29 available / 518 sold,518.0,"Apr 23, 2024 03:57:22 PDT","dallas, texas, united states",for men,"['dallas', 'texas', 'united states']",dallas,texas,united states
951,arabian oud,arabian oud - arabian knight edp for men 3.4 oz/100ml,fragrances,99.63,US $99.63,3.0,3 available / 13 sold,13.0,"May 22, 2024 09:26:42 PDT","brooklyn, new york, united states",for men,"['brooklyn', 'new york', 'united states']",brooklyn,new york,united states
952,emporio armani,emporio armani stronger with you absolutely 1.7oz.parfum spray new in sealed box,eau de perfume,74.99,US $74.99/ea,10.0,10 available / 82 sold,82.0,"May 23, 2024 05:39:50 PDT","katy, texas, united states",for men,"['katy', 'texas', 'united states']",katy,texas,united states
953,armaf,hunter by armaf cologne for men edp 3.3 / 3.4 oz new in box,eau de parfum,23.62,US $23.62/ea,130.0,130 available / 415 sold,415.0,"May 22, 2024 09:23:27 PDT","dallas, texas, united states",for men,"['dallas', 'texas', 'united states']",dallas,texas,united states
954,perry ellis,360 red by perry ellis 6.7 / 6.8 oz edt cologne for men new in box,oil,40.13,US $40.13,9.0,"9 available / 2,703 sold",2703.0,"May 22, 2024 15:05:34 PDT","hackensack, new jersey, united states",for men,"['hackensack', 'new jersey', 'united states']",hackensack,new jersey,united states
955,ralph lauren,polo black by ralph lauren edt 2.5 oz - 75 ml *new in sealed box*,oil,28.99,US $28.99,10.0,more than 10 available / 180 sold,180.0,"Mar 18, 2024 09:08:20 PDT","miami, florida, united states",for men,"['miami', 'florida', 'united states']",miami,florida,united states
956,zara,zara  8.0 summer eau dau toilette 100 ml,oil,15.0,US $15.00,2.0,2 available / 3 sold,3.0,"May 09, 2024 21:13:54 PDT","houston, texas, united states",for men,"['houston', 'texas', 'united states']",houston,texas,united states
957,david beckham,david beckham the essence man 75ml boxed,oil,37.0,C $37.00,10.0,more than 10 available / 60 sold,60.0,"May 21, 2024 07:32:36 PDT","scarborough, ontario, canada",for men,"['scarborough', 'ontario', 'canada']",scarborough,ontario,canada
958,al haramain,l'aventure intense by al haramain for men edp 3.4 oz new in box,eau de parfum,31.98,US $31.98,10.0,more than 10 available / 12 sold,12.0,"May 23, 2024 11:09:04 PDT","north brunswick, new jersey, united states",for men,"['north brunswick', 'new jersey', 'united states']",north brunswick,new jersey,united states
959,rasasi,rasasi hawas ice for men edp - 100ml (3.4oz),eau de parfum,78.0,US $78.00,6.0,6 available / 27 sold,27.0,"May 20, 2024 13:03:25 PDT","astoria, new york, united states",for men,"['astoria', 'new york', 'united states']",astoria,new york,united states
960,sterling,"club de nuit intense by armaf, 6.8 oz edp spray for men",eau de parfum,53.42,US $53.42/ea,10.0,more than 10 available / 4 sold,4.0,"May 24, 2024 08:49:52 PDT","edison, new jersey, united states",for men,"['edison', 'new jersey', 'united states']",edison,new jersey,united states
961,falic fashion group,"perry ellis for men 5.0 oz/150 ml eau de toilette spray men, discontinued!",oil,29.98,US $29.98/ea,7.0,7 available / 14 sold,14.0,"May 05, 2024 09:23:49 PDT","burlington, ontario, canada",for men,"['burlington', 'ontario', 'canada']",burlington,ontario,canada
962,hugo boss,boss the scent by hugo boss cologne for men edt 3.3 oz 3.4 tester,oil,47.26,US $47.26/ea,88.0,88 available / 52 sold,52.0,"May 09, 2024 11:34:50 PDT","dallas, texas, united states",for men,"['dallas', 'texas', 'united states']",dallas,texas,united states
963,giorgio armani,emporio armani stronger with you intensely 3.3oz edp spray for men in sealed box,eau de parfum,94.99,US $94.99/ea,10.0,10 available / 420 sold,420.0,"May 23, 2024 23:31:35 PDT","katy, texas, united states",for men,"['katy', 'texas', 'united states']",katy,texas,united states
964,prada,"prada luna rossa carbon by prada, 3.4 oz edt spray for men",oil,76.65,US $76.65/ea,10.0,more than 10 available / 30 sold,30.0,"May 23, 2024 08:58:49 PDT","edison, new jersey, united states",for men,"['edison', 'new jersey', 'united states']",edison,new jersey,united states
965,diesel,diesel fuel for life for men cologne 2.5 oz edt spray new in box,oil,29.74,US $29.74/ea,19.0,19 available / 578 sold,578.0,"May 16, 2024 21:09:42 PDT","dallas, texas, united states",for men,"['dallas', 'texas', 'united states']",dallas,texas,united states
966,jimmy choo,jimmy choo man intense 3.3 / 3.4 oz edt cologne for men tester,oil,36.99,US $36.99,4.0,4 available / 16 sold,16.0,"May 23, 2024 20:57:06 PDT","melissa, texas, united states",for men,"['melissa', 'texas', 'united states']",melissa,texas,united states
967,michel germain,sexual pour homme by michel germain cologne edt 4.2 oz new in box,oil,41.19,US $41.19/ea,21.0,21 available / 258 sold,258.0,"May 24, 2024 09:22:09 PDT","dallas, texas, united states",for men,"['dallas', 'texas', 'united states']",dallas,texas,united states
968,gianni versace,"new versace eros , gianni versace 6.7oz 200ml edt cologne for men sealed genuine",oil,69.25,US $69.25,3.0,3 available / 19 sold,19.0,"May 22, 2024 04:50:01 PDT","selinsgrove, pennsylvania, united states",for men,"['selinsgrove', 'pennsylvania', 'united states']",selinsgrove,pennsylvania,united states
969,lalique,lalique by lalique cologne for men edp 4.2 oz new in box,eau de parfum,31.47,US $31.47/ea,48.0,48 available / 397 sold,397.0,"Apr 24, 2024 22:58:09 PDT","dallas, texas, united states",for men,"['dallas', 'texas', 'united states']",dallas,texas,united states
970,the baron,the baron for gentleman cologne natural atomizer 4.5 fl oz new,cologne,34.99,US $34.99,3.0,3 available / 1 sold,1.0,"Nov 12, 2023 12:18:20 PST","canton, michigan, united states",for men,"['canton', 'michigan', 'united states']",canton,michigan,united states
971,jean paul gaultier,scandal cologne by jean paul gaultier 3.4 oz. edt pour homme spray no box,oil,55.99,US $55.99/ea,10.0,10 available / 368 sold,368.0,"May 22, 2024 14:25:46 PDT","katy, texas, united states",for men,"['katy', 'texas', 'united states']",katy,texas,united states
972,liz claiborne,candie's man by liz claiborne 3.4 oz edt cologne for men new in box,oil,18.32,US $18.32/ea,10.0,more than 10 available / 211 sold,211.0,"May 22, 2024 17:14:56 PDT","hackensack, new jersey, united states",for men,"['hackensack', 'new jersey', 'united states']",hackensack,new jersey,united states
973,nina ricci,signoricci for men by nina ricci edt splash1.7 fl oz new sealed box.vintage.rare,oil,120.0,US $120.00/ea,3.0,3 available / 7 sold,7.0,"May 14, 2024 13:13:29 PDT","argyle, texas, united states",for men,"['argyle', 'texas', 'united states']",argyle,texas,united states
974,vince camuto,vince camuto virtu by vince camuto 3.4 oz edt cologne for men brand new tester,oil,21.21,US $21.21/ea,8.0,8 available / 300 sold,300.0,"May 14, 2024 16:12:02 PDT","hackensack, new jersey, united states",for men,"['hackensack', 'new jersey', 'united states']",hackensack,new jersey,united states
975,givenchy,givenchy gentleman reserve privee 3.3 oz eau de parfum spray for men. sealed box,eau de parfum,80.0,US $80.00/ea,10.0,10 available / 197 sold,197.0,"May 24, 2024 03:20:57 PDT","katy, texas, united states",for men,"['katy', 'texas', 'united states']",katy,texas,united states
976,cartier,declaration haute fraicheur by cartier 3.3 oz edt cologne for men tester,oil,49.52,US $49.52,10.0,more than 10 available / 20 sold,20.0,"May 11, 2024 20:45:30 PDT","hackensack, new jersey, united states",for men,"['hackensack', 'new jersey', 'united states']",hackensack,new jersey,united states
977,dolce & gabbana,light blue by dolce & gabbana d&g 6.7 oz edt cologne for men new in box,oil,54.99,US $54.99/ea,2.0,2 available / 45 sold,45.0,"Oct 20, 2022 18:26:14 PDT","bellaire, texas, united states",for men,"['bellaire', 'texas', 'united states']",bellaire,texas,united states
978,dolce & gabbana,"dolce & gabbana ""k (king) intense"",3.3oz, men, edp, spray,2024, sealed",eau de parfum,91.0,US $91.00,3.0,3 available / 1 sold,1.0,"May 02, 2024 19:37:12 PDT","manor, texas, united states",for men,"['manor', 'texas', 'united states']",manor,texas,united states
979,brut,original fragrance cologne by brut for men - 5 oz cologne,cologne,9.78,US $9.78,50.0,50 available / 8 sold,8.0,"May 23, 2024 13:21:23 PDT","ronkonkoma, new york, united states",for men,"['ronkonkoma', 'new york', 'united states']",ronkonkoma,new york,united states
980,maison margiela,replica sailing day by maison margiela 3.4 oz edt perfume cologne new in box,oil,84.98,US $84.98,8.0,8 available / 42 sold,42.0,"May 21, 2024 07:56:03 PDT","hackensack, new jersey, united states",for men,"['hackensack', 'new jersey', 'united states']",hackensack,new jersey,united states
981,mercedes benz,"mercedes benz intense by mercedes benz, 4 oz edt spray for men",oil,41.87,US $41.87/ea,8.0,8 available / 21 sold,21.0,"May 23, 2024 08:57:02 PDT","edison, new jersey, united states",for men,"['edison', 'new jersey', 'united states']",edison,new jersey,united states
982,unbranded,verse adonis pour homme cologne for men 3.4oz,eau de parfum,13.99,US $13.99,10.0,more than 10 available / 9 sold,9.0,"Apr 28, 2024 20:19:23 PDT","dearborn, michigan, united states",for men,"['dearborn', 'michigan', 'united states']",dearborn,michigan,united states
983,carolina herrera,bad boy le parfum by carolina herrera 3.4 oz. edp spray for men new no box,eau de parfum,59.99,US $59.99/ea,10.0,10 available / 496 sold,496.0,"May 19, 2024 16:41:48 PDT","katy, texas, united states",for men,"['katy', 'texas', 'united states']",katy,texas,united states
984,hollister,hollister festival vibes 3.4 oz edt cologne for men brand new in box,oil,18.76,US $18.76/ea,5.0,5 available / 227 sold,227.0,"May 20, 2024 20:39:02 PDT","hackensack, new jersey, united states",for men,"['hackensack', 'new jersey', 'united states']",hackensack,new jersey,united states
985,juicy couture,dirty english by juicy couture edt cologne for men 3.4 oz new in box,oil,22.6,US $22.60/ea,9.0,9 available / 541 sold,541.0,"May 24, 2024 07:10:03 PDT","hackensack, new jersey, united states",for men,"['hackensack', 'new jersey', 'united states']",hackensack,new jersey,united states
986,polo,polo blue by ralph lauren edt spray 4.2 oz for men factory sealed in box,oil,33.0,US $33.00/ea,4.0,4 available / 401 sold,401.0,"May 23, 2024 05:29:20 PDT","chico, california, united states",for men,"['chico', 'california', 'united states']",chico,california,united states
987,cuba,cuba brazil by cuba cologne for men edt 3.3 / 3.4 oz new in box,oil,10.58,US $10.58/ea,31.0,31 available / 391 sold,391.0,"May 23, 2024 18:45:09 PDT","dallas, texas, united states",for men,"['dallas', 'texas', 'united states']",dallas,texas,united states
988,michael jordan,michael jordan by michael jordan 3.4 oz cologne spray for men new in box,cologne,20.48,US $20.48/ea,2.0,"limited quantity available / 2,624 sold",2624.0,"May 22, 2024 21:41:09 PDT","hackensack, new jersey, united states",for men,"['hackensack', 'new jersey', 'united states']",hackensack,new jersey,united states
989,yves de sistelle,thallium anonymous by yves de sistelle cologne men edt 3.3 / 3.4 oz new in box,oil,18.84,US $18.84/ea,47.0,47 available / 674 sold,674.0,"May 21, 2024 07:27:08 PDT","dallas, texas, united states",for men,"['dallas', 'texas', 'united states']",dallas,texas,united states
990,perry ellis,"perry ellis 360 red by perry ellis, 6.8 oz edt spray for men",oil,40.72,US $40.72/ea,10.0,more than 10 available / 232 sold,232.0,"May 24, 2024 07:58:54 PDT","edison, new jersey, united states",for men,"['edison', 'new jersey', 'united states']",edison,new jersey,united states
991,givenchy,gentleman boisee by givenchy cologne for men edp 3.3 / 3.4 oz new in box,eau de parfum,73.52,US $73.52/ea,4.0,4 available / 8 sold,8.0,"May 08, 2024 06:01:12 PDT","dallas, texas, united states",for men,"['dallas', 'texas', 'united states']",dallas,texas,united states
992,mandarin duck,mandarina duck black 3.4oz edt spray for men new choose your box (regular/tstr),oil,27.99,US $27.99/ea,10.0,more than 10 available / 75 sold,75.0,"Nov 02, 2022 03:03:01 PDT","edison, new jersey, united states",for men,"['edison', 'new jersey', 'united states']",edison,new jersey,united states
993,franck olivier,blue touch by franck olivier men cologne 3.3oz 100ml edt new,oil,24.25,US $24.25,10.0,more than 10 available / 177 sold,177.0,"May 22, 2024 12:42:51 PDT","north brunswick, new jersey, united states",for men,"['north brunswick', 'new jersey', 'united states']",north brunswick,new jersey,united states
994,dolce & gabbana,dolce & gabbana cologne for men eau de toilette spray 2.5oz./75ml **nib**,oil,27.99,US $27.99/ea,7.0,7 available / 24 sold,24.0,,"des moines, iowa, united states",for men,"['des moines', 'iowa', 'united states']",des moines,iowa,united states
995,guess,guess 1981 by guess cologne for men edt 3.3 / 3.4 oz new in box,oil,20.28,US $20.28/ea,45.0,"45 available / 1,613 sold",1613.0,"May 24, 2024 08:14:07 PDT","dallas, texas, united states",for men,"['dallas', 'texas', 'united states']",dallas,texas,united states
996,armaf,club de nuit intense by armaf cologne for men edt 3.6 oz new in box,oil,30.58,US $30.58,10.0,more than 10 available / 31 sold,31.0,"May 23, 2024 08:39:30 PDT",united states,for men,['united states'],united states,,united states
997,paco rabanne,invictus by paco rabanne for men edt spray 3.4 oz / 100 ml new in box,oil,39.99,US $39.99/ea,2.0,2 available / 305 sold,305.0,"May 23, 2024 15:27:18 PDT","jamaica, new york, united states",for men,"['jamaica', 'new york', 'united states']",jamaica,new york,united states
998,lomani,"lomani edt cologne 3.4 oz men - authentic, brand new in box",oil,9.99,US $9.99/ea,2.0,2 available / 22 sold,22.0,"May 20, 2024 13:20:54 PDT","lincoln park, michigan, united states",for men,"['lincoln park', 'michigan', 'united states']",lincoln park,michigan,united states
999,estee lauder,"beyond paradise by estee lauder for men cologne spray edt 0.5 oz , new",cologne,17.49,US $17.49/ea,10.0,more than 10 available / 24 sold,24.0,"Feb 28, 2024 07:27:01 PST","keyport, new jersey, united states",for men,"['keyport', 'new jersey', 'united states']",keyport,new jersey,united states
1000,carolina herrera,good girl by carolina herrera 2.7 oz eau de parfum spray women's new & sealed,eau de parfum,43.99,US $43.99/ea,2.0,2 available / 393 sold,393.0,"May 23, 2024 10:43:50 PDT","thomasville, alabama, united states",for women,"['thomasville', 'alabama', 'united states']",thomasville,alabama,united states
1001,as shown,parfums de marly delina la rosee eau de parfum 2.5 fl oz/75ml spray for women,eau de parfum,79.99,US $79.99,5.0,5 available / 40 sold,40.0,"May 24, 2024 00:15:48 PDT","new jersey, hong kong",for women,"['new jersey', 'hong kong']",new jersey,,china
1002,prada,prada paradoxe by prada edp 3.0oz/90ml spray perfume for women new in box,eau de parfum,59.99,US $59.99,10.0,more than 10 available / 35 sold,35.0,"May 14, 2024 20:54:25 PDT","orange, new jersey, united states",for women,"['orange', 'new jersey', 'united states']",orange,new jersey,united states
1003,as shown,j'adore parfum d'eau by christian 3.4 oz edp fragrance for women new in box,eau de parfum,59.99,US $59.99/ea,10.0,more than 10 available / 9 sold,9.0,"May 23, 2024 01:23:05 PDT","usa, new jersey, hong kong",for women,"['usa', 'new jersey', 'hong kong']",usa,new jersey,china
1004,khadlaj,"shiyaaka for men edp spray 100ml (3.4 fl.oz) by khadlaj (woody, aromatic, earth)",eau de parfum,29.99,US $29.99/ea,10.0,more than 10 available,0.0,,"little ferry, new jersey, united states",for women,"['little ferry', 'new jersey', 'united states']",little ferry,new jersey,united states
1005,viktor & rolf,flowerbomb by viktor & rolf 3.4 oz 100ml eau de parfum brand new sealed in box,eau de parfum,51.99,US $51.99/ea,8.0,8 available / 184 sold,184.0,"May 23, 2024 10:44:09 PDT","warren, michigan, united states",for women,"['warren', 'michigan', 'united states']",warren,michigan,united states
1006,as shown,prada paradoxe by prada edp 3.0oz/90ml spray perfume for women new in box us,eau de parfum,58.99,US $58.99,0.0,out of stock / 18 sold,18.0,"May 24, 2024 00:15:13 PDT","astoria, new york, united states",for women,"['astoria', 'new york', 'united states']",astoria,new york,united states
1007,versace,versace bright crystal women edt 6.7 oz 200 ml new sealed in box,oil,52.79,US $52.79/ea,6.0,6 available / 258 sold,258.0,"May 21, 2024 06:41:13 PDT","dexter, michigan, united states",for women,"['dexter', 'michigan', 'united states']",dexter,michigan,united states
1008,versace,versace bright crystal by versace for women edt spray 3.0 oz / 90 ml new in box,oil,29.99,US $29.99,1.0,last one / 251 sold,251.0,"May 23, 2024 22:39:02 PDT","jamaica, new york, united states",for women,"['jamaica', 'new york', 'united states']",jamaica,new york,united states
1009,lattafa,fakhar by lattafa eau de parfum 3.4 oz / 100 ml spray for men,eau de parfum,22.75,US $22.75/ea,10.0,more than 10 available / 174 sold,174.0,"May 24, 2024 00:25:04 PDT","new york, new york, united states",for women,"['new york', 'new york', 'united states']",new york,new york,united states
1010,yves saint laurent,yves saint laurent black opium 3oz eau de parfum women's new sealed,eau de parfum,39.99,US $39.99/ea,10.0,more than 10 available / 77 sold,77.0,"May 24, 2024 11:01:13 PDT","ecorse, michigan, united states",for women,"['ecorse', 'michigan', 'united states']",ecorse,michigan,united states
1011,gucci,gucci bloom 3.3oz / 3.4oz eau de parfum women's fragrance new sealed,eau de parfum,64.99,US $64.99/ea,10.0,more than 10 available / 35 sold,35.0,"May 24, 2024 11:01:04 PDT","ecorse, michigan, united states",for women,"['ecorse', 'michigan', 'united states']",ecorse,michigan,united states
1012,carolina herrera,very good girl glam by carolina herrera 2.7 oz eau de parfum spray new & sealed,eau de parfum,60.99,US $60.99/ea,2.0,2 available / 51 sold,51.0,"May 23, 2024 16:56:32 PDT","quinlan, texas, united states",for women,"['quinlan', 'texas', 'united states']",quinlan,texas,united states
1013,carolina herrera,good girl by carolina herrera 2.7 fl oz spray eau de parfum new & sealed,eau de parfum,43.49,US $43.49/ea,2.0,2 available / 20 sold,20.0,"May 22, 2024 10:25:36 PDT","cincinnati, ohio, united states",for women,"['cincinnati', 'ohio', 'united states']",cincinnati,ohio,united states
1014,coach,coach floral 3.0 oz edp eau de parfum spray womens perfume 90ml tester,eau de parfum,29.2,US $29.20/ea,10.0,more than 10 available / 505 sold,505.0,"May 08, 2024 09:46:06 PDT","edison, new jersey, united states",for women,"['edison', 'new jersey', 'united states']",edison,new jersey,united states
1015,guerlain,guerlain neroli outrenoir eau de parfum 2ml /.06oz sample spray nib,eau de parfum,13.0,US $13.00,10.0,more than 10 available / 94 sold,94.0,"May 24, 2024 09:43:51 PDT","new york, new york, united states",for women,"['new york', 'new york', 'united states']",new york,new york,united states
1016,philosophy,"amazing grace by philosophy, 4 oz edp intense spray for women",eau de parfum,39.69,US $39.69/ea,10.0,more than 10 available / 234 sold,234.0,"May 24, 2024 10:21:14 PDT","edison, new jersey, united states",for women,"['edison', 'new jersey', 'united states']",edison,new jersey,united states
1017,marc jacobs,marc jacobs decadence for women by marc jacobs 3.4 oz 100ml edp spray new,eau de parfum,59.99,US $59.99,6.0,6 available / 34 sold,34.0,"May 22, 2024 18:32:01 PDT","new york,usa, hong kong",for women,"['new york', 'usa', 'hong kong']",new york,usa,china
1018,as shown,prada paradoxe by prada edp 3.0oz/90ml spray perfume for women new in box usa,eau de parfum,59.99,US $59.99,1.0,last one / 43 sold,43.0,"May 23, 2024 01:10:19 PDT","new york, new york, united states",for women,"['new york', 'new york', 'united states']",new york,new york,united states
1019,dolce & gabbana,d&g dolce & gabbana light blue eau intense women 1.5ml .05oz x 5 perfume samples,eau de parfum,11.0,US $11.00,10.0,"more than 10 available / 1,613 sold",1613.0,"Apr 05, 2024 00:52:19 PDT","albany, new york, united states",for women,"['albany', 'new york', 'united states']",albany,new york,united states
1020,qrc,oxytocin-n 15iu per spray 1oz (30ml),spray,27.0,US $27.00/ea,10.0,more than 10 available / 218 sold,218.0,"Mar 20, 2024 12:14:58 PDT","oklahoma city, oklahoma, united states",for women,"['oklahoma city', 'oklahoma', 'united states']",oklahoma city,oklahoma,united states
1021,~ crepe erase ~,crepe erase-body firm advanced body repair treatment ultr- 3.3 oz  sealed w/obox,~ body firm advanced body repair treatment ~,29.99,US $29.99,10.0,more than 10 available / 1 sold,1.0,,"melrose park, illinois, united states",for women,"['melrose park', 'illinois', 'united states']",melrose park,illinois,united states
1022,unbranded,lattafa yara by lattafa 3.4 oz (100 ml) edp eau de parfum spray for women.,eau de parfum,16.27,US $16.27/ea,300.0,300 available / 38 sold,38.0,"May 24, 2024 08:20:15 PDT","shanghai, china",for women,"['shanghai', 'china']",shanghai,,china
1023,ysl,libre by yves saint laurent ysl 3 oz edp perfume for women new in box,eau de parfum,54.95,US $54.95,1.0,last one / 25 sold,25.0,"May 24, 2024 00:08:02 PDT","stuyvesant falls, new york, united states",for women,"['stuyvesant falls', 'new york', 'united states']",stuyvesant falls,new york,united states
1024,carolina herrera,carolina herrera good girl 2.7 oz edp feminine & empowering new,eau de parfum,49.99,US $49.99/ea,6.0,6 available / 183 sold,183.0,"May 23, 2024 09:40:39 PDT","macomb, michigan, united states",for women,"['macomb', 'michigan', 'united states']",macomb,michigan,united states
1025,parfums de marly,parfums de marly delina 2.5 oz/75 ml edp spray for women new with sealed box,eau de parfum,84.99,US $84.99,4.0,4 available / 71 sold,71.0,"May 22, 2024 01:30:45 PDT","california or hong kong, hong kong",for women,"['california or hong kong', 'hong kong']",california or hong kong,,china
1026,yves saint laurent,mon paris 3 oz perfume by yves saint laurent 90 ml womens spray edp new & sealed,eau de parfum,39.99,US $39.99/ea,8.0,8 available / 126 sold,126.0,"May 24, 2024 05:51:11 PDT","farmington, michigan, united states",for women,"['farmington', 'michigan', 'united states']",farmington,michigan,united states
1027,dolce & gabbana,dolce & gabbana light blue 6.7 oz spray eau de toilette women's new & sealed,oil,53.99,US $53.99,0.0,out of stock / 54 sold,54.0,"May 24, 2024 03:14:29 PDT","ecorse, michigan, united states",for women,"['ecorse', 'michigan', 'united states']",ecorse,michigan,united states
1028,ex nihilo,blue taliman by ex nihilo eau de parfum 3.3oz/100ml unisex spray new with box,eau de parfum,99.99,US $99.99,4.0,4 available / 29 sold,29.0,"May 23, 2024 03:50:04 PDT","california or hong kong, hong kong",for women,"['california or hong kong', 'hong kong']",california or hong kong,,china
1029,juliette has a gun,not a perfume by juliette has a gun 3.3 oz edp perfume for women tester,eau de parfum,40.92,US $40.92/ea,2.0,"limited quantity available / 1,571 sold",1571.0,"May 24, 2024 07:32:36 PDT","hackensack, new jersey, united states",for women,"['hackensack', 'new jersey', 'united states']",hackensack,new jersey,united states
1030,davidoff,davidoff cool water sea rose eau de toilette spray for her 100 ml new in box,oil,22.9,US $22.90/ea,10.0,more than 10 available / 291 sold,291.0,"May 08, 2024 17:11:47 PDT","princeton junction, new jersey, united states",for women,"['princeton junction', 'new jersey', 'united states']",princeton junction,new jersey,united states
1031,viktor & rolf,viktor rolf flowerbomb 3.4 oz l'eau de parfum spray new factory sealed in box,eau de parfum,42.0,US $42.00/ea,4.0,4 available / 406 sold,406.0,"May 23, 2024 22:57:33 PDT","portland, oregon, united states",for women,"['portland', 'oregon', 'united states']",portland,oregon,united states
1032,giorgio armani,sì passione by giorgio armani for women 3.4 oz eau de parfum spray new in box,eau de parfum,44.88,US $44.88/ea,7.0,7 available / 147 sold,147.0,"May 20, 2024 00:21:18 PDT","south el monte, california, united states",for women,"['south el monte', 'california', 'united states']",south el monte,california,united states
1033,prada,prada les infusions de milano iris cedre for women 3.4oz/100ml edp spray in box,eau de parfum,66.99,US $66.99,10.0,more than 10 available / 3 sold,3.0,"May 23, 2024 18:00:47 PDT","perth amboy, new jersey, united states",for women,"['perth amboy', 'new jersey', 'united states']",perth amboy,new jersey,united states
1034,roja,roja parfums isola blu parfum unisex 50ml / 1.7oz new with sealed box,eau de parfum,129.99,US $129.99,5.0,5 available / 37 sold,37.0,"May 24, 2024 09:25:04 PDT","united states, canada",for women,"['united states', 'canada']",united states,,canada
1035,as shown,perfume edp for women 3.4 oz / 100 ml brand new,eau de parfum,22.99,US $22.99,10.0,10 available / 11 sold,11.0,"May 24, 2024 06:30:59 PDT","ca, china",for women,"['ca', 'china']",ca,,china
1036,parfums de marly,pdm parfums de marly delina exclusif 1.5ml .05fl oz x 1 perfume spray sample,eau de perfume,12.0,US $12.00,10.0,more than 10 available / 59 sold,59.0,,"albany, new york, united states",for women,"['albany', 'new york', 'united states']",albany,new york,united states
1037,marc jacobs,marc jacobs daisy eau so fresh 4.2 oz / 125 ml eau de toilette brand new sealed,oil,32.95,US $32.95,10.0,more than 10 available / 68 sold,68.0,"May 17, 2024 04:50:31 PDT","college point, new york, united states",for women,"['college point', 'new york', 'united states']",college point,new york,united states
1038,ariana grande,cloud by ariana grande 3.4 oz / 100 ml edp perfume for women new in box sealed,eau de parfum,31.05,US $31.05/ea,9.0,9 available / 54 sold,54.0,"May 23, 2024 21:28:14 PDT","detroit, michigan, united states",for women,"['detroit', 'michigan', 'united states']",detroit,michigan,united states
1039,versace,versace dylan turquoise by gianni versace for women edt 3.3 / 3.4 oz new tester,oil,32.2,US $32.20/ea,60.0,60 available / 157 sold,157.0,"May 17, 2024 06:09:15 PDT","dallas, texas, united states",for women,"['dallas', 'texas', 'united states']",dallas,texas,united states
1040,sol de janeiro,sol de janeiro mini brazilian crush body fragrance mist 3.04 oz/ 90 ml,fragrance mist,17.9,US $17.90/ea,10.0,more than 10 available / 4 sold,4.0,"May 21, 2024 19:47:36 PDT","round rock, texas, united states",for women,"['round rock', 'texas', 'united states']",round rock,texas,united states
1041,kilian,love by kilian don't be shy eau de parfum 7.5 ml/0.25 fl. oz. free shipping …,eau de parfum,29.75,US $29.75,9.0,9 available / 80 sold,80.0,"May 24, 2024 09:49:39 PDT","tulsa, oklahoma, united states",for women,"['tulsa', 'oklahoma', 'united states']",tulsa,oklahoma,united states
1042,donna karan,donna karan cashmere mist deodorant-anti-perspirant stick 1 oz / 30ml new,deodorant stick,19.99,US $19.99/ea,10.0,more than 10 available / 441 sold,441.0,"May 20, 2024 11:47:05 PDT","elizabeth, new jersey, united states",for women,"['elizabeth', 'new jersey', 'united states']",elizabeth,new jersey,united states
1043,carolina herrera,carolina herrera good girl 2.7 oz eau de parfum spray women's new & sealed,eau de parfum,43.99,US $43.99/ea,2.0,2 available / 16 sold,16.0,"May 24, 2024 02:41:54 PDT","san jose, california, united states",for women,"['san jose', 'california', 'united states']",san jose,california,united states
1044,carolina herrera,very good girl glam by carolina herrera 2.7 oz edp spray women's new & sealed.,eau de parfum,59.99,US $59.99/ea,2.0,2 available / 21 sold,21.0,"May 22, 2024 16:11:22 PDT","cincinnati, ohio, united states",for women,"['cincinnati', 'ohio', 'united states']",cincinnati,ohio,united states
1045,marc jacobs,marc jacobs daisy women's eau de toilette spray for women edt 3.4oz 100ml new,oil,42.88,US $42.88,10.0,more than 10 available / 71 sold,71.0,"May 19, 2024 22:27:54 PDT","college point, new york, united states",for women,"['college point', 'new york', 'united states']",college point,new york,united states
1046,parfums de marly,parfums de marly delina for women 2.5 oz (75ml) edp spray new sealed  box,eau de parfum,100.99,US $100.99,1.0,last one / 49 sold,49.0,"May 17, 2024 03:05:11 PDT","buffalo mills, pennsylvania, united states",for women,"['buffalo mills', 'pennsylvania', 'united states']",buffalo mills,pennsylvania,united states
1047,juliette has a gun,juliette has a gun discovery kit includes lust for sun sealed new,eau de parfum,26.05,US $26.05/ea,10.0,more than 10 available / 128 sold,128.0,"May 19, 2024 15:38:07 PDT","winter garden, florida, united states",for women,"['winter garden', 'florida', 'united states']",winter garden,florida,united states
1048,as shown,flora gorgeous jasmine 3.3 oz / 100 ml edp perfume spray for women new in box,eau de parfum,54.99,US $54.99/ea,5.0,5 available / 60 sold,60.0,"May 24, 2024 01:42:35 PDT","usa,california, hong kong",for women,"['usa', 'california', 'hong kong']",usa,california,china
1049,carolina herrera,"carolina herrera's good girl 2.7 oz – women's edp, new in sealed box",eau de parfum,49.99,US $49.99/ea,6.0,6 available / 179 sold,179.0,"May 21, 2024 07:50:00 PDT","dearborn, michigan, united states",for women,"['dearborn', 'michigan', 'united states']",dearborn,michigan,united states
1050,viktor & rolf,flowerbomb by viktor & rolf 3.4 oz spray eau de parfum spray new & sealed,eau de parfum,47.49,US $47.49/ea,2.0,2 available / 208 sold,208.0,"May 24, 2024 02:09:07 PDT","houston, texas, united states",for women,"['houston', 'texas', 'united states']",houston,texas,united states
1051,carolina herrera,good girl by carolina herrera 2.7 fl oz spray eau de parfum women's new & sealed,eau de parfum,43.99,US $43.99,1.0,last one / 166 sold,166.0,"May 23, 2024 10:39:45 PDT","pfafftown, north carolina, united states",for women,"['pfafftown', 'north carolina', 'united states']",pfafftown,north carolina,united states
1052,narciso rodriguez,narciso rodriguez for her 3.3 / 100ml edp perfume for women new in box,eau de parfum,32.0,US $32.00,10.0,more than 10 available / 87 sold,87.0,"May 07, 2024 20:40:26 PDT","college point, new york, united states",for women,"['college point', 'new york', 'united states']",college point,new york,united states
1053,coach,coach wild rose 3.0 oz edp eau de parfum spray womens perfume 90 ml tester,eau de parfum,31.5,US $31.50/ea,10.0,more than 10 available / 287 sold,287.0,"May 15, 2024 12:02:03 PDT","edison, new jersey, united states",for women,"['edison', 'new jersey', 'united states']",edison,new jersey,united states
1054,giorgio² armani,my way by giorgio armani 3oz 90ml edp perfume for women new in box,eau de parfum,42.99,US $42.99/ea,5.0,5 available / 243 sold,243.0,"May 23, 2024 00:16:33 PDT","college point, new york, united states",for women,"['college point', 'new york', 'united states']",college point,new york,united states
1055,yves saint laurent,"libre, eau de parfum intense by yves saint laurent 3oz for women new",eau de parfum,98.99,US $98.99,3.0,3 available / 56 sold,56.0,"Apr 24, 2024 01:25:42 PDT","houston, texas, united states",for women,"['houston', 'texas', 'united states']",houston,texas,united states
1056,viktor & rolf,flowerbomb by viktor & rolf 3.4 oz l'eau de parfum spray factory sealed new,eau de parfum,42.0,US $42.00/ea,4.0,4 available / 404 sold,404.0,"May 23, 2024 22:47:11 PDT","chico, california, united states",for women,"['chico', 'california', 'united states']",chico,california,united states
1057,kenzo,kenzo amour by kenzo edp for women spray 3.3 oz / 100 ml *new in box*,eau de parfum,39.99,US $39.99,10.0,more than 10 available / 102 sold,102.0,"May 08, 2024 10:56:21 PDT","miami, florida, united states",for women,"['miami', 'florida', 'united states']",miami,florida,united states
1058,burberry,burberry touch by burberry 3.3 / 3.4 oz edp spray for women brand new sealed,eau de parfum,27.99,US $27.99/ea,10.0,more than 10 available / 87 sold,87.0,"May 23, 2024 08:37:54 PDT","warren, michigan, united states",for women,"['warren', 'michigan', 'united states']",warren,michigan,united states
1059,carolina herrera,good girl by carolina herrera 2.7 fl oz eau de parfum spray new & sealed in box,eau de parfum,42.99,US $42.99/ea,2.0,2 available / 130 sold,130.0,"May 24, 2024 07:12:21 PDT","santa cruz, california, united states",for women,"['santa cruz', 'california', 'united states']",santa cruz,california,united states
1060,thierry mugler,thierry mugler angel 1.7oz edp women's perfume spray new sealed,eau de parfum,43.99,US $43.99/ea,6.0,6 available / 25 sold,25.0,"May 23, 2024 09:03:13 PDT","detroit, michigan, united states",for women,"['detroit', 'michigan', 'united states']",detroit,michigan,united states
1061,versace,versace bright crystal eau de toilette rollerball women 0.3 oz/10 ml,oil,15.49,US $15.49/ea,10.0,"more than 10 available / 1,089 sold",1089.0,"Apr 30, 2024 06:41:19 PDT","keyport, new jersey, united states",for women,"['keyport', 'new jersey', 'united states']",keyport,new jersey,united states
1062,lattafa,lattafa fakhar edp spray 3.4 oz / 100 ml for men,eau de parfum,23.25,US $23.25/ea,10.0,more than 10 available / 19 sold,19.0,"May 24, 2024 11:15:06 PDT","new york, new york, united states",for women,"['new york', 'new york', 'united states']",new york,new york,united states
1063,donna karan,"be delicious dkny by donna karan, 8 oz fragrance mist for women",gift sets,16.26,US $16.26/ea,10.0,more than 10 available / 110 sold,110.0,"May 24, 2024 10:21:10 PDT","edison, new jersey, united states",for women,"['edison', 'new jersey', 'united states']",edison,new jersey,united states
1064,yves saint laurent,yves saint laurent libre eau de parfum  3.0 oz / 90 ml for women,eau de parfum,49.68,US $49.68/ea,10.0,more than 10 available / 25 sold,25.0,"May 22, 2024 18:49:21 PDT","sacramento, california, united states",for women,"['sacramento', 'california', 'united states']",sacramento,california,united states
1065,gucci,gucci flora gorgeous gardenia 3.3oz women's eau de toilette spray new sealed box,oil,49.99,US $49.99/ea,4.0,4 available / 41 sold,41.0,"May 23, 2024 15:01:38 PDT","el monte, california, united states",for women,"['el monte', 'california', 'united states']",el monte,california,united states
1066,dolce & gabbana,dolce & gabbana light blue 3.3 /3.4 oz women’s eau de toilette spray new,oil,27.9,US $27.90/ea,2.0,2 available / 118 sold,118.0,"May 22, 2024 12:46:15 PDT","warren, michigan, united states",for women,"['warren', 'michigan', 'united states']",warren,michigan,united states
1067,yves saint laurent,new yves saint laurent libre eau de parfum edp spray for women 3.0 fl oz/90 ml！,eau de parfum,49.99,US $49.99/ea,5.0,5 available / 15 sold,15.0,"May 23, 2024 20:42:19 PDT","houston, texas, united states",for women,"['houston', 'texas', 'united states']",houston,texas,united states
1068,juicy couture,viva la juicy gold couture by juicy couture women 3.3 / 3.4 oz edp new in box,eau de perfume,36.79,US $36.79/ea,68.0,"68 available / 1,498 sold",1498.0,"May 24, 2024 09:05:08 PDT","dallas, texas, united states",for women,"['dallas', 'texas', 'united states']",dallas,texas,united states
1069,marc jacobs,daisy eau so fresh perfume by marc jacobs 4.2 oz edt spray for women. sealed box,oil,39.99,US $39.99/ea,10.0,"more than 10 available / 1,129 sold",1129.0,"May 24, 2024 06:47:19 PDT","lincoln park, michigan, united states",for women,"['lincoln park', 'michigan', 'united states']",lincoln park,michigan,united states
1070,maison margiela,maison margiela replica sailing day eau de toilette 3.4 oz new in box us,oil,48.88,US $48.88,10.0,more than 10 available / 14 sold,14.0,,"college point, new york, united states",for women,"['college point', 'new york', 'united states']",college point,new york,united states
1071,carolina herrera,carolina herrera very good girl 2.7 oz daring floral edp new,eau de parfum,55.99,US $55.99/ea,6.0,6 available / 193 sold,193.0,"May 23, 2024 09:40:55 PDT","macomb, michigan, united states",for women,"['macomb', 'michigan', 'united states']",macomb,michigan,united states
1072,giorgio² armani,my way by giorgio armani 3 oz edp perfume for women new in box,eau de parfum,42.98,US $42.98,10.0,more than 10 available / 29 sold,29.0,"May 07, 2024 20:41:14 PDT","college point, new york, united states",for women,"['college point', 'new york', 'united states']",college point,new york,united states
1073,jo malone,jo malone london cologne spray travel size 9ml/0.3oz **choose your scent** new,cologne,15.98,US $15.98/ea,10.0,more than 10 available / 40 sold,40.0,"May 24, 2024 02:23:41 PDT","houston, texas, united states",for women,"['houston', 'texas', 'united states']",houston,texas,united states
1074,elizabeth arden,elizabeth arden white tea fragrance collection set for women - 3pc mini gift set,3 pc,19.45,US $19.45,50.0,50 available / 2 sold,2.0,"May 24, 2024 07:12:19 PDT","ronkonkoma, new york, united states",for women,"['ronkonkoma', 'new york', 'united states']",ronkonkoma,new york,united states
1075,juliette has a gun,"not a perfume by juliette has a gun, 3.3 oz edp spray for women eau de parfum",eau de parfum,49.99,US $49.99/ea,2.0,2 available / 288 sold,288.0,"May 23, 2024 01:42:58 PDT","plano, united states",for women,"['plano', 'united states']",plano,,united states
1076,sol de janeiro,after hours by sol de janeiro 3oz/90 ml fragrance hair body mist unisex spray,body spray,20.49,US $20.49/ea,8.0,8 available / 190 sold,190.0,"May 23, 2024 18:04:39 PDT","dayton,new jersey, hong kong",for women,"['dayton', 'new jersey', 'hong kong']",dayton,new jersey,china
1077,narciso rodriguez,narciso rodriguez for her 3.3 fl oz / 100 ml edp new sealed free shipping,eau de parfum,31.0,US $31.00/ea,4.0,4 available / 266 sold,266.0,"May 23, 2024 23:12:08 PDT","bethpage, new york, united states",for women,"['bethpage', 'new york', 'united states']",bethpage,new york,united states
1078,urban outfitters,urban outfitters le monde  gourmand eau de parfum fraise fouettee 070 1oz.,eau de parfum,24.99,US $24.99/ea,9.0,9 available / 9 sold,9.0,"May 20, 2024 04:20:56 PDT","kennesaw, georgia, united states",for women,"['kennesaw', 'georgia', 'united states']",kennesaw,georgia,united states
1079,dossier,dossier ambery vanilla eau de parfum. size: 50ml / 1.7oz,eau de parfum,19.0,US $19.00/ea,10.0,more than 10 available / 10 sold,10.0,,"los angeles, california, united states",for women,"['los angeles', 'california', 'united states']",los angeles,california,united states
1080,dolce & gabbana,d&g dolce & gabbana devotion edp 1.5ml .05fl oz x 4 perfume spray sample vials,eau de parfum,14.0,US $14.00,10.0,more than 10 available / 266 sold,266.0,,"albany, new york, united states",for women,"['albany', 'new york', 'united states']",albany,new york,united states
1081,maison alhambra,glacier bold edp perfume by maison alhambra lattafa 100 m 💯 (le beau le perfume,eau de parfum,34.0,US $34.00,10.0,10 available / 45 sold,45.0,"May 18, 2024 19:20:33 PDT","astoria, new york, united states",for women,"['astoria', 'new york', 'united states']",astoria,new york,united states
1082,alt fragrances,"alt fragrances - crystal no. 23 edp (inspired by baccarat rouge 540), 2 oz",extrait de Parfum,49.0,US $49.00,10.0,more than 10 available / 443 sold,443.0,"May 24, 2024 10:49:13 PDT","van nuys, california, united states",for women,"['van nuys', 'california', 'united states']",van nuys,california,united states
1083,estée lauder,"estee lauder cinnabar eau de parfum spray, 1.7 oz / 50 ml perfume, nwob",eau de parfum,54.99,US $54.99/ea,10.0,more than 10 available / 17 sold,17.0,"Mar 13, 2024 13:05:30 PDT","richmond, texas, united states",for women,"['richmond', 'texas', 'united states']",richmond,texas,united states
1084,victoria's secret,victoria's secret very sexy women's perfume edp 3.4 oz 100 ml new sealed,eau de parfum,30.99,US $30.99/ea,10.0,more than 10 available / 302 sold,302.0,"May 24, 2024 09:52:30 PDT","flat lick, kentucky, united states",for women,"['flat lick', 'kentucky', 'united states']",flat lick,kentucky,united states
1085,kim kardashian,kim kardashian gold perfume 3.3 / 3.4 oz edp for women new in box,eau de perfume,16.63,US $16.63/ea,37.0,37 available / 528 sold,528.0,"May 14, 2024 12:55:23 PDT","dallas, texas, united states",for women,"['dallas', 'texas', 'united states']",dallas,texas,united states
1086,thierry mugler,angel standing star thierry mugler 3.3 oz edp refillable perfume for women nib,eau de parfum,60.0,US $60.00,10.0,more than 10 available / 256 sold,256.0,"May 22, 2024 07:47:08 PDT","hamtramck, michigan, united states",for women,"['hamtramck', 'michigan', 'united states']",hamtramck,michigan,united states
1087,viktor & rolf,flowerbomb by viktor & rolf edp for women 50 ml - 1.7 oz  *new in sealed box*,eau de parfum,42.99,US $42.99,10.0,more than 10 available / 155 sold,155.0,"Mar 25, 2024 07:47:16 PDT","miami, florida, united states",for women,"['miami', 'florida', 'united states']",miami,florida,united states
1088,gap,gap dream body mist 8fl oz/236 ml free shipping new,mist,19.0,US $19.00,10.0,more than 10 available / 35 sold,35.0,,"hamtramck, michigan, united states",for women,"['hamtramck', 'michigan', 'united states']",hamtramck,michigan,united states
1089,cacharel,amor amor by cacharel perfume for women 3.3 oz / 3.4 oz edt new,oil,25.27,US $25.27/ea,106.0,106 available / 539 sold,539.0,"May 21, 2024 09:40:08 PDT","dallas, texas, united states",for women,"['dallas', 'texas', 'united states']",dallas,texas,united states
1090,dolce & gabbana,dolce & gabbana light blue  3.3 oz / 3.4 oz edt spray for women brand new sealed,oil,29.9,US $29.90/ea,10.0,more than 10 available / 327 sold,327.0,"May 24, 2024 10:40:07 PDT","walled lake, michigan, united states",for women,"['walled lake', 'michigan', 'united states']",walled lake,michigan,united states
1091,jessica mcclintock,jessica mc clintock by jessica mcclintock 3.4 oz edp perfume for women tester,eau de parfum,20.93,US $20.93/ea,2.0,"limited quantity available / 1,484 sold",1484.0,"May 19, 2024 20:52:45 PDT","hackensack, new jersey, united states",for women,"['hackensack', 'new jersey', 'united states']",hackensack,new jersey,united states
1092,as  shown,women perfume 3.4 oz / 100 ml eau de toilette spray,oil,30.98,US $30.98,10.0,10 available / 12 sold,12.0,"May 24, 2024 06:30:49 PDT","ca, china",for women,"['ca', 'china']",ca,,china
1093,versace,versace bright crystal eau de toilette spray 6.7 oz factory sealed free shipping,oil,41.5,US $41.50/ea,3.0,3 available / 255 sold,255.0,"May 24, 2024 01:02:37 PDT","san jose, california, united states",for women,"['san jose', 'california', 'united states']",san jose,california,united states
1094,kilian,roses on ice by kilian 1.7 oz eau de parfum spray for women-new in box,eau de parfum,64.99,US $64.99/ea,5.0,5 available / 4 sold,4.0,"May 19, 2024 18:49:34 PDT","new jersey,united states, hong kong",for women,"['new jersey', 'united states', 'hong kong']",new jersey,united states,china
1095,ariana grande,"ariana grande cloud pink - charming 3.4oz eau de parfum, sealed",eau de parfum,29.99,US $29.99/ea,9.0,9 available / 57 sold,57.0,"May 22, 2024 08:29:28 PDT","dearborn heights, michigan, united states",for women,"['dearborn heights', 'michigan', 'united states']",dearborn heights,michigan,united states
1096,marc jacobs,daisy eau so fresh by marc jacobs for women edt spray 4.2 oz / 125 ml new in box,oil,30.79,US $30.79,3.0,3 available / 493 sold,493.0,"May 23, 2024 19:51:45 PDT","jamaica, new york, united states",for women,"['jamaica', 'new york', 'united states']",jamaica,new york,united states
1097,yves saint laurent,mon paris by yves saint laurent 3 fl oz/90 ml edp spray for women new & sealed,eau de parfum,39.99,US $39.99/ea,10.0,10 available / 66 sold,66.0,"May 21, 2024 10:04:56 PDT","saint clair shores, michigan, united states",for women,"['saint clair shores', 'michigan', 'united states']",saint clair shores,michigan,united states
1098,clinique,clinique happy by clinique 3.3 / 3.4 oz perfume edp spray for women new in box,eau de perfume,21.27,US $21.27,2.0,2 available / 61 sold,61.0,"May 09, 2024 20:50:21 PDT","ca, united states",for women,"['ca', 'united states']",ca,,united states
1099,unbranded,yara by lattafa perfumes | eau de parfum-100ml (3.4 fl oz) |-female long lasting,eau de parfum,15.89,US $15.89,10.0,more than 10 available / 434 sold,434.0,"May 24, 2024 06:56:49 PDT","shanghai, china",for women,"['shanghai', 'china']",shanghai,,china
1100,valentino,valentine milano for women perfume 3.4 fl.oz from fragrance couture.,eau de perfume,10.99,US $10.99/ea,10.0,more than 10 available / 94 sold,94.0,"May 08, 2024 15:45:55 PDT","katy, texas, united states",for women,"['katy', 'texas', 'united states']",katy,texas,united states
1101,giorgio armani,new si by giorgio armani 3.4 oz / 100 ml edp perfume for women - usa,eau de parfum,37.88,US $37.88/ea,8.0,8 available / 108 sold,108.0,"May 24, 2024 00:00:36 PDT","college point, new york, united states",for women,"['college point', 'new york', 'united states']",college point,new york,united states
1102,dolce & gabbana,light blue 3.3 oz by dolce & gabbana edt perfume for women new in box & sealed,oil,30.95,US $30.95/ea,8.0,8 available / 245 sold,245.0,"May 24, 2024 05:48:01 PDT","sterrett, alabama, united states",for women,"['sterrett', 'alabama', 'united states']",sterrett,alabama,united states
1103,jimmy choo,illicit flower by jimmy choo for women edt 3.3 / 3.4 oz new tester,oil,25.23,US $25.23/ea,8.0,8 available / 909 sold,909.0,"May 23, 2024 12:50:15 PDT","dallas, texas, united states",for women,"['dallas', 'texas', 'united states']",dallas,texas,united states
1104,calvin klein,obsession by calvin klein edp perfume for women 3.3 / 3.4 oz new tester,eau de parfum,23.88,US $23.88/ea,2.0,"limited quantity available / 5,587 sold",5587.0,"May 22, 2024 07:35:03 PDT","hackensack, new jersey, united states",for women,"['hackensack', 'new jersey', 'united states']",hackensack,new jersey,united states
1105,victoria's secret,victoria's secret bombshell seduction fine fragrance mist 8.4 fl oz - new,fragrance mist,18.5,US $18.50,6.0,6 available / 23 sold,23.0,"May 21, 2024 05:35:10 PDT","lisle, illinois, united states",for women,"['lisle', 'illinois', 'united states']",lisle,illinois,united states
1106,alfred sung,shi by alfred sung perfume for women edp 3.3 / 3.4 oz new in box sealed,eau de perfume,20.45,US $20.45/ea,110.0,"110 available / 4,308 sold",4308.0,"May 24, 2024 10:02:06 PDT","dallas, texas, united states",for women,"['dallas', 'texas', 'united states']",dallas,texas,united states
1107,as shown,libre by yves saint laurent ysl eau de parfum edp perfume 3 oz/90ml for women,eau de parfum,59.99,US $59.99,10.0,more than 10 available / 114 sold,114.0,"May 17, 2024 21:05:23 PDT","new jersey, united states",for women,"['new jersey', 'united states']",new jersey,,united states
1108,gloria vanderbilt,vanderbilt by gloria 3.4 oz 3.3 edt for women perfume  new box seal,oil,12.78,US $12.78/ea,149.0,"149 available / 10,268 sold",10268.0,"May 23, 2024 19:21:28 PDT","dallas, texas, united states",for women,"['dallas', 'texas', 'united states']",dallas,texas,united states
1109,prada,prada paradoxe by prada edp 3.0oz/90ml spray perfume for women new in box usa,eau de parfum,64.99,US $64.99/ea,10.0,more than 10 available / 123 sold,123.0,"May 10, 2024 19:37:38 PDT","new jersey, united states",for women,"['new jersey', 'united states']",new jersey,,united states
1110,ariana grande,ariana grande cloud 2.0 intense eau de parfum - 3.4 oz  100 ml new & sealed,eau de parfum,33.99,US $33.99,9.0,9 available / 89 sold,89.0,"May 24, 2024 06:26:31 PDT","las vegas, nevada, united states",for women,"['las vegas', 'nevada', 'united states']",las vegas,nevada,united states
1111,dolce & gabbana,dolce & gabbana light blue women 3.4 fl oz 100 ml eau de toilette new sealed box,oil,29.99,US $29.99/ea,8.0,8 available / 187 sold,187.0,"May 24, 2024 04:23:18 PDT","durham, north carolina, united states",for women,"['durham', 'north carolina', 'united states']",durham,north carolina,united states
1112,valentino,valentino donna born in roma intense 3.4 oz 100ml eau de parfum spray sealed,eau de parfum,100.99,US $100.99,1.0,last one / 47 sold,47.0,"May 17, 2024 03:30:44 PDT","buffalo mills, pennsylvania, united states",for women,"['buffalo mills', 'pennsylvania', 'united states']",buffalo mills,pennsylvania,united states
1113,perfume,cabotine de gres by parfums 3.3 / 3.4 oz edt perfume for women new in box,oil,14.75,US $14.75/ea,183.0,"183 available / 1,999 sold",1999.0,"May 23, 2024 22:09:08 PDT","dallas, texas, united states",for women,"['dallas', 'texas', 'united states']",dallas,texas,united states
1114,prada,prada paradoxe edp mini bottle 7ml/.23oz,eau de parfum,19.0,US $19.00,10.0,more than 10 available,0.0,"May 23, 2024 06:27:16 PDT","bowling green, kentucky, united states",for women,"['bowling green', 'kentucky', 'united states']",bowling green,kentucky,united states
1115,jimmy choo,jimmy choo by jimmy choo 3.3 / 3.4 oz spray edt for women new in box,oil,33.52,US $33.52/ea,131.0,"131 available / 2,846 sold",2846.0,"May 21, 2024 11:29:33 PDT","dallas, texas, united states",for women,"['dallas', 'texas', 'united states']",dallas,texas,united states
1116,kilian,good girl gone bad by kilian 1.7 oz / 50 ml eau de parfum spray - new,eau de parfum,100.99,US $100.99,1.0,last one / 48 sold,48.0,"May 17, 2024 03:24:34 PDT","buffalo mills, pennsylvania, united states",for women,"['buffalo mills', 'pennsylvania', 'united states']",buffalo mills,pennsylvania,united states
1117,ouai,ouai hair & body mist in st. barts 3.3oz / 97ml full size new release '24,fragrance mist,28.0,US $28.00/ea,2.0,2 available,0.0,,"beverly hills, california, united states",for women,"['beverly hills', 'california', 'united states']",beverly hills,california,united states
1118,lancôme,"la vie est belle by lancome 3.4 oz – women's l'eau de parfum, sealed freshness",eau de parfum,49.99,US $49.99/ea,5.0,5 available / 127 sold,127.0,"May 21, 2024 07:49:52 PDT","dearborn, michigan, united states",for women,"['dearborn', 'michigan', 'united states']",dearborn,michigan,united states
1119,valentino,valentino donna born in roma eau de parfum  2ml spray for women,eau de parfum,9.7,US $9.70,10.0,more than 10 available / 2 sold,2.0,,"miami, florida, united states",for women,"['miami', 'florida', 'united states']",miami,florida,united states
1120,thierry mugler,angel thierry mugler eau de parfum spray women's 3.4 oz / 100 ml new sealed box,eau de parfum,44.99,US $44.99,8.0,8 available / 232 sold,232.0,"May 24, 2024 06:26:59 PDT","las vegas, nevada, united states",for women,"['las vegas', 'nevada', 'united states']",las vegas,nevada,united states
1122,ariana grande,cloud by ariana grande 3.4 oz / 100 ml edp perfume for women new in box sealed,eau de parfum,33.8,US $33.80/ea,8.0,8 available / 303 sold,303.0,"May 21, 2024 01:54:58 PDT","sayreville, new jersey, united states",for women,"['sayreville', 'new jersey', 'united states']",sayreville,new jersey,united states
1123,lattafa,fakhar by lattafa 3.4 oz / 100 ml edp spray for men,eau de parfum,22.99,US $22.99/ea,10.0,more than 10 available / 8 sold,8.0,"May 24, 2024 11:15:10 PDT","new york, new york, united states",for women,"['new york', 'new york', 'united states']",new york,new york,united states
1124,as shown,j'adore 3.4 oz/100 ml eau de parfum edp women spray gift for her new & sealed us,eau de parfum,49.99,US $49.99,8.0,8 available / 22 sold,22.0,"May 23, 2024 17:51:19 PDT","usa, new jersey, hong kong",for women,"['usa', 'new jersey', 'hong kong']",usa,new jersey,china
1125,elizabeth taylor,forever elizabeth by elizabeth taylor 3.4 oz spray edp 3.3 perfume new in box,eau de parfum,17.89,US $17.89/ea,71.0,"71 available / 5,263 sold",5263.0,"May 20, 2024 18:39:50 PDT","dallas, texas, united states",for women,"['dallas', 'texas', 'united states']",dallas,texas,united states
1126,burberry,brit sheer by burberry 3.3 / 3.4 oz edt perfume for women new in box,oil,35.09,US $35.09/ea,45.0,45 available / 755 sold,755.0,"May 23, 2024 13:27:20 PDT","dallas, texas, united states",for women,"['dallas', 'texas', 'united states']",dallas,texas,united states
1127,calvin klein,obsession night by calvin klein perfume for women 3.3 / 3.4 oz edp new in box,eau de parfum,25.57,US $25.57/ea,194.0,194 available / 472 sold,472.0,"May 24, 2024 07:31:11 PDT","dallas, texas, united states",for women,"['dallas', 'texas', 'united states']",dallas,texas,united states
1128,elizabeth taylor,brilliant white diamonds elizabeth taylor women 3.3 oz 3.4 edt new in box,oil,16.44,US $16.44/ea,64.0,64 available / 315 sold,315.0,"May 24, 2024 10:23:40 PDT","dallas, texas, united states",for women,"['dallas', 'texas', 'united states']",dallas,texas,united states
1129,generic,la vida bella pour femme eau de parfum spray for women 3.4 oz / 100 ml brand new,eau de parfum,10.99,US $10.99/ea,10.0,more than 10 available / 29 sold,29.0,"May 15, 2024 03:09:07 PDT","katy, texas, united states",for women,"['katy', 'texas', 'united states']",katy,texas,united states
1130,kilian,kilian angels' share eau de parfum sample spray vial 1.5ml / 0.05oz,eau de parfum,7.99,US $7.99/ea,10.0,more than 10 available / 333 sold,333.0,"Apr 10, 2024 17:57:58 PDT","flushing, new york, united states",for women,"['flushing', 'new york', 'united states']",flushing,new york,united states
1131,thierry mugler,alien by thierry mugler edp for women refillable 1oz / 30ml *new sealed box*,eau de parfum,43.99,US $43.99,10.0,more than 10 available / 109 sold,109.0,"May 08, 2024 10:59:57 PDT","miami, florida, united states",for women,"['miami', 'florida', 'united states']",miami,florida,united states
1132,al haramain,al haramain amber oud white edition edp 3.4 oz/ 100ml perfume tester,fragrances,36.65,US $36.65,3.0,3 available / 22 sold,22.0,"May 23, 2024 14:21:07 PDT","brooklyn, new york, united states",for women,"['brooklyn', 'new york', 'united states']",brooklyn,new york,united states
1133,dolce & gabbana,dolce & gabbana light blue  3.3 oz / 3.4 oz edt spray for women brand new sealed,oil,29.99,US $29.99/ea,10.0,more than 10 available / 315 sold,315.0,"May 23, 2024 03:15:08 PDT","mogadore, ohio, united states",for women,"['mogadore', 'ohio', 'united states']",mogadore,ohio,united states
1134,as shown,flora gorgeous magnolia by-gucci eau de parfum edp 3.3 oz perfume for women nib,eau de parfum,54.99,US $54.99,1.0,last one / 9 sold,9.0,"May 23, 2024 18:59:45 PDT","ithaca, new york, united states",for women,"['ithaca', 'new york', 'united states']",ithaca,new york,united states
1135,parfums de marly,parfums de marly delina edp official carded sample spray 0.05oz / 1.5ml,eau de parfum,12.49,US $12.49/ea,8.0,8 available / 490 sold,490.0,"May 16, 2024 07:04:37 PDT","rocklin, california, united states",for women,"['rocklin', 'california', 'united states']",rocklin,california,united states
1136,dolce & gabbana,dolce & gabbana the one 2.5 oz / 75 ml eau de parfum spray women's new & sealed,eau de parfum,49.99,US $49.99/ea,2.0,2 available / 15 sold,15.0,"May 24, 2024 03:25:17 PDT","dunedin, florida, united states",for women,"['dunedin', 'florida', 'united states']",dunedin,florida,united states
1137,al rehab,choco musk arabian perfume spray- 50ml by al rehab by crown perfumes.,eau de parfum,9.25,US $9.25/ea,10.0,more than 10 available / 290 sold,290.0,"Apr 23, 2024 22:23:21 PDT","princeton junction, new jersey, united states",for women,"['princeton junction', 'new jersey', 'united states']",princeton junction,new jersey,united states
1138,byredo,byredo mojave ghost eau de parfum edp spray 3.4 oz / 100 ml perfume for unisex,eau de parfum,100.99,US $100.99,1.0,last one / 13 sold,13.0,"May 21, 2024 20:08:09 PDT","oxnard, california, united states",for women,"['oxnard', 'california', 'united states']",oxnard,california,united states
1139,as shown,new jo malone london wood sage & sea salt cologne spray 3.4 oz/ 100 ml for women,cologne,50.68,US $50.68/ea,3.0,3 available / 7 sold,7.0,,"austin, texas, united states",for women,"['austin', 'texas', 'united states']",austin,texas,united states
1140,huda beauty,kayali eden sparkling lychee | 39 eau de parfum 0.34 oz sealed made in france,eau de parfum,42.0,US $42.00,4.0,4 available / 11 sold,11.0,"May 22, 2024 11:38:02 PDT","nashville, tennessee, united states",for women,"['nashville', 'tennessee', 'united states']",nashville,tennessee,united states
1141,coach,coach floral blush by coach perfume for women edp 3 / 3.0 oz new in box,eau de parfum,38.92,US $38.92/ea,141.0,"141 available / 2,515 sold",2515.0,"May 23, 2024 11:00:17 PDT","dallas, texas, united states",for women,"['dallas', 'texas', 'united states']",dallas,texas,united states
1142,as shown,3.3 oz 100 ml flora gorgeous gardena eau de parfum edp for women new in box,eau de parfum,49.99,US $49.99,4.0,4 available / 46 sold,46.0,"May 24, 2024 02:32:48 PDT","hongkong, hong kong",for women,"['hongkong', 'hong kong']",hongkong,,china
1143,unbranded,versace dylan 3.4 oz eau de parfum spray parfume fragrances for women purple,eau de parfum,58.99,US $58.99,10.0,more than 10 available / 12 sold,12.0,"May 22, 2024 23:55:54 PDT","college point, new york, united states",for women,"['college point', 'new york', 'united states']",college point,new york,united states
1144,versace,versace woman by gianni versace perfume for women edp 3.4 oz new in box sealed,eau de parfum,33.38,US $33.38/ea,76.0,"76 available / 2,715 sold",2715.0,"May 23, 2024 08:22:23 PDT","dallas, texas, united states",for women,"['dallas', 'texas', 'united states']",dallas,texas,united states
1145,dolce & gabbana,light blue by dolce & gabbana 3.3 / 3.4 oz edt perfume for women new in box,oil,29.65,US $29.65,6.0,6 available / 821 sold,821.0,"May 23, 2024 00:37:02 PDT","hamtramck, michigan, united states",for women,"['hamtramck', 'michigan', 'united states']",hamtramck,michigan,united states
1146,evyan,white shoulders 4.5 oz perfume for women eau de cologne spray new in box,cologne,18.63,US $18.63/ea,13.0,"13 available / 3,185 sold",3185.0,"May 22, 2024 16:20:07 PDT","dallas, texas, united states",for women,"['dallas', 'texas', 'united states']",dallas,texas,united states
1147,estée lauder,beautiful by estee lauder 2.5 oz / 75ml edp perfume for women brand new sealed!!,eau de parfum,28.05,US $28.05/ea,8.0,8 available / 299 sold,299.0,"May 22, 2024 10:28:26 PDT","grand rapids, michigan, united states",for women,"['grand rapids', 'michigan', 'united states']",grand rapids,michigan,united states
1148,juliette has a gun,juliette has a gun not a perfume eau de parfum 3.3 fl. oz / 100 ml spray women,eau de parfum,55.1,US $55.10,1.0,last one / 39 sold,39.0,"May 24, 2024 06:11:53 PDT","brenham, texas, united states",for women,"['brenham', 'texas', 'united states']",brenham,texas,united states
1149,lake&skye,lake & skye 11 11 eau de parfum 3.4oz  (without box),eau de parfum,99.99,US $99.99/ea,2.0,2 available / 3 sold,3.0,"May 23, 2024 20:28:37 PDT","elgin, illinois, united states",for women,"['elgin', 'illinois', 'united states']",elgin,illinois,united states
1150,unbranded,sol de janeiro brazilian crush 39 perfume body mist fragrance 3.4floz new in box,eau de perfume,19.75,US $19.75,10.0,more than 10 available / 33 sold,33.0,"May 19, 2024 17:30:18 PDT","california,united states,hk, hong kong",for women,"['california', 'united states', 'hk', 'hong kong']",california,,china
1151,burberry,burberry weekend by burberry 3.3 / 3.4 oz edp perfume for women new in box,eau de parfum,34.08,US $34.08/ea,2.0,"limited quantity available / 4,332 sold",4332.0,"May 24, 2024 11:16:29 PDT","hackensack, new jersey, united states",for women,"['hackensack', 'new jersey', 'united states']",hackensack,new jersey,united states
1152,frederic malle,portrait of a lady by frederic malle eau de parfum sample spray 1.2ml / 0.04oz,eau de parfum,12.95,US $12.95/ea,4.0,4 available / 73 sold,73.0,"May 03, 2024 02:06:15 PDT","pearland, texas, united states",for women,"['pearland', 'texas', 'united states']",pearland,texas,united states
1153,marilyn miglin,sealed deal marilyn miglin huge 3.4 oz pherómone eau de parfum pheromone,eau de parfum,30.0,US $30.00,3.0,3 available / 4 sold,4.0,"May 23, 2024 05:03:22 PDT","bluff city, tennessee, united states",for women,"['bluff city', 'tennessee', 'united states']",bluff city,tennessee,united states
1154,aquolina,pink sugar hair perfume by aquolina for women 3.4 oz edp new,hair perfume,12.36,US $12.36/ea,417.0,"417 available / 1,130 sold",1130.0,"May 12, 2024 23:45:01 PDT","dallas, texas, united states",for women,"['dallas', 'texas', 'united states']",dallas,texas,united states
1155,gucci,gucci bamboo by gucci 2.5 oz eau de parfum spray for women new & sealed,eau de parfum,43.99,US $43.99/ea,2.0,2 available / 136 sold,136.0,"May 22, 2024 16:17:17 PDT","thomasville, alabama, united states",for women,"['thomasville', 'alabama', 'united states']",thomasville,alabama,united states
1156,thierry mugler,"angel perfume by thierry mugler, 3.4 oz refillable edp brand new sealed in box",eau de parfum,51.99,US $51.99/ea,3.0,3 available / 179 sold,179.0,"May 23, 2024 10:44:48 PDT","warren, michigan, united states",for women,"['warren', 'michigan', 'united states']",warren,michigan,united states
1157,jo malone,jo malone orange blossom  cologne spray women's eau de  - 3.4 fl oz/100ml,cologne,79.99,US $79.99,10.0,more than 10 available / 15 sold,15.0,"Apr 30, 2024 01:12:45 PDT","las vegas, nevada, united states",for women,"['las vegas', 'nevada', 'united states']",las vegas,nevada,united states
1158,gucci,gucci bamboo 2.5oz women's eau de parfum spray new sealed,eau de parfum,43.69,US $43.69/ea,6.0,6 available / 18 sold,18.0,"May 23, 2024 08:21:50 PDT","dearborn heights, michigan, united states",for women,"['dearborn heights', 'michigan', 'united states']",dearborn heights,michigan,united states
1159,perry ellis,360 by perry ellis perfume 6.7 oz for women edt new in box,oil,35.39,US $35.39/ea,31.0,"31 available / 2,209 sold",2209.0,"May 24, 2024 08:11:07 PDT","dallas, texas, united states",for women,"['dallas', 'texas', 'united states']",dallas,texas,united states
1160,estée lauder,pleasures by estee lauder 3.4 oz edp perfume for women new in box,eau de parfum,34.28,US $34.28/ea,2.0,"limited quantity available / 5,901 sold",5901.0,"May 24, 2024 07:18:04 PDT","hackensack, new jersey, united states",for women,"['hackensack', 'new jersey', 'united states']",hackensack,new jersey,united states
1161,dolce & gabbana,the one by dolce & gabbana 2.5 oz edp perfume for women brand new tester,eau de parfum,43.32,US $43.32/ea,2.0,limited quantity available / 252 sold,252.0,"May 24, 2024 07:13:43 PDT","hackensack, new jersey, united states",for women,"['hackensack', 'new jersey', 'united states']",hackensack,new jersey,united states
1162,giorgio² armani,my way by giorgio armani 3oz 90ml edp perfume for women spray new in box,eau de parfum,41.99,US $41.99,3.0,3 available / 7 sold,7.0,"May 24, 2024 00:52:28 PDT","middle grove, new york, united states",for women,"['middle grove', 'new york', 'united states']",middle grove,new york,united states
1163,ariana grande,cloud 2.0 intense by ariana grande 3.4 oz eau de parfum spray new & sealed,eau de parfum,29.49,US $29.49/ea,5.0,5 available / 45 sold,45.0,"May 24, 2024 03:51:16 PDT","clearwater, florida, united states",for women,"['clearwater', 'florida', 'united states']",clearwater,florida,united states
1164,carolina herrera,good girl carolina herrera 2.7 oz / 80 ml edp new factory sealed free shipping,eau de parfum,41.99,US $41.99/ea,4.0,4 available / 369 sold,369.0,"May 23, 2024 05:29:04 PDT","chico, california, united states",for women,"['chico', 'california', 'united states']",chico,california,united states
1165,armaf,club de nuit by armaf perfume for women edp 6.8 oz new in box,eau de perfume,36.59,US $36.59/ea,175.0,175 available / 931 sold,931.0,"May 24, 2024 10:59:09 PDT","dallas, texas, united states",for women,"['dallas', 'texas', 'united states']",dallas,texas,united states
1166,ariana grande,"ariana grande cloud - dreamy 3.4oz women's eau de parfum, new in box",eau de parfum,33.99,US $33.99/ea,3.0,3 available / 40 sold,40.0,"May 23, 2024 07:21:31 PDT","dearborn heights, michigan, united states",for women,"['dearborn heights', 'michigan', 'united states']",dearborn heights,michigan,united states
1167,lancôme,tresor by lancome for women edp spray 3.4 oz / 100 ml new in box,eau de parfum,41.99,US $41.99,1.0,last one / 220 sold,220.0,"May 22, 2024 06:19:27 PDT","jamaica, new york, united states",for women,"['jamaica', 'new york', 'united states']",jamaica,new york,united states
1168,giorgio armani,giorgio armani my way for women 3 fl.oz eau de parfum spray,eau de parfum,49.0,US $49.00/ea,7.0,7 available / 13 sold,13.0,"May 20, 2024 07:43:23 PDT","wytheville, virginia, united states",for women,"['wytheville', 'virginia', 'united states']",wytheville,virginia,united states
1169,carolina herrera,good girl blush by carolina herrera 2.7 oz.edp spray for women new in sealed box,eau de parfum,119.99,US $119.99/ea,10.0,10 available / 141 sold,141.0,"May 20, 2024 06:18:08 PDT","katy, texas, united states",for women,"['katy', 'texas', 'united states']",katy,texas,united states
1170,lattafa,"lattafa perfumes mayar edp - eau de parfum women 100ml(3.4 oz) | lychee, white f",eau de parfum,26.99,US $26.99/ea,6.0,6 available / 155 sold,155.0,"May 23, 2024 14:23:52 PDT","melissa, texas, united states",for women,"['melissa', 'texas', 'united states']",melissa,texas,united states
1171,alfred sung,sung by alfred sung for women edt 3.3 / 3.4 oz new tester,oil,15.99,US $15.99/ea,216.0,"216 available / 1,107 sold",1107.0,"May 24, 2024 10:38:09 PDT","dallas, texas, united states",for women,"['dallas', 'texas', 'united states']",dallas,texas,united states
1172,elizabeth taylor,white diamonds by elizabeth taylor 3.3 3.4 oz edt perfume for women new tester,oil,19.68,US $19.68,10.0,"more than 10 available / 10,259 sold",10259.0,"May 24, 2024 09:01:03 PDT","hackensack, new jersey, united states",for women,"['hackensack', 'new jersey', 'united states']",hackensack,new jersey,united states
1173,coach,coach wild rose 3 oz edp perfume for women new in box,eau de parfum,42.28,US $42.28,1.0,last one / 796 sold,796.0,"May 23, 2024 09:27:11 PDT","hackensack, new jersey, united states",for women,"['hackensack', 'new jersey', 'united states']",hackensack,new jersey,united states
1174,donna karan,donna karen cashmere mist deodorant 1.7oz,cream,26.99,US $26.99,10.0,more than 10 available / 69 sold,69.0,"Feb 21, 2024 16:09:45 PST","chicago, illinois, united states",for women,"['chicago', 'illinois', 'united states']",chicago,illinois,united states
1175,valentino,valentino donna born in roma perfume 3.4oz.edp spray for women new in sealed box,eau de parfum,109.95,US $109.95/ea,10.0,10 available / 416 sold,416.0,"May 24, 2024 08:56:33 PDT","katy, texas, united states",for women,"['katy', 'texas', 'united states']",katy,texas,united states
1176,katy perry,meow by katy perry eau de parfum 3.4 oz for 3.3 women new in box,eau de perfume,23.75,US $23.75/ea,132.0,132 available / 417 sold,417.0,"May 23, 2024 01:01:37 PDT","dallas, texas, united states",for women,"['dallas', 'texas', 'united states']",dallas,texas,united states
1177,carolina herrera,carolina herrera good girl blush eau de parfum 0.24 oz 7 ml splash dabber travel,eau de parfum,18.99,US $18.99/ea,10.0,more than 10 available / 25 sold,25.0,"Apr 11, 2024 12:29:12 PDT","potomac, maryland, united states",for women,"['potomac', 'maryland', 'united states']",potomac,maryland,united states
1178,clinique,aromatics elixir by clinique 3.4 oz/100 ml perfume spray for women,eau de perfume,33.0,US $33.00/ea,10.0,10 available / 232 sold,232.0,"May 23, 2024 16:54:40 PDT","katy, texas, united states",for women,"['katy', 'texas', 'united states']",katy,texas,united states
1179,lancôme,la vie est belle by lancome 3.4 fl oz spray eau de parfum women's new & sealed,eau de parfum,41.49,US $41.49,1.0,last one / 61 sold,61.0,"May 24, 2024 03:14:22 PDT","ecorse, michigan, united states",for women,"['ecorse', 'michigan', 'united states']",ecorse,michigan,united states
1180,calvin klein,eternity by ck calvin klein 3.4 oz edp perfume for women tester,eau de parfum,32.12,US $32.12,2.0,"limited quantity available / 7,018 sold",7018.0,"May 24, 2024 08:16:13 PDT","hackensack, new jersey, united states",for women,"['hackensack', 'new jersey', 'united states']",hackensack,new jersey,united states
1181,as shown,prada paradoxe by prada edp 3.0oz/90ml spray for women usa new in box,eau de parfum,55.39,US $55.39,1.0,last one / 6 sold,6.0,"May 24, 2024 02:52:40 PDT","cayuga, new york, united states",for women,"['cayuga', 'new york', 'united states']",cayuga,new york,united states
1182,lancôme,idole by lancome perfume for women edp 1.7 oz new 50 ml,eau de parfum,36.99,US $36.99,8.0,8 available / 66 sold,66.0,"May 12, 2024 07:12:36 PDT","villa rica, georgia, united states",for women,"['villa rica', 'georgia', 'united states']",villa rica,georgia,united states
1183,yves saint laurent,yves saint laurent black opium women's perfume edp 3.0 oz 90 ml sealed new,eau de parfum,54.99,US $54.99/ea,10.0,more than 10 available / 74 sold,74.0,"May 20, 2024 06:42:57 PDT","okemos, michigan, united states",for women,"['okemos', 'michigan', 'united states']",okemos,michigan,united states
1184,victoria's secret,victoria's secret heavenly 3.4 fl oz spray eau de parfum women's new & sealed,eau de parfum,28.99,US $28.99/ea,3.0,3 available / 43 sold,43.0,"May 23, 2024 06:21:24 PDT","las vegas, nevada, united states",for women,"['las vegas', 'nevada', 'united states']",las vegas,nevada,united states
1185,carolina herrera,carolina herrera good girl women edp 2.7 oz spray new sealed,eau de parfum,49.99,US $49.99/ea,6.0,6 available / 22 sold,22.0,"May 23, 2024 07:03:42 PDT","dexter, michigan, united states",for women,"['dexter', 'michigan', 'united states']",dexter,michigan,united states
1186,juicy couture,viva la juicy rose by juicy couture 3.4 oz edp perfume for women new in box,eau de parfum,34.59,US $34.59,2.0,"limited quantity available / 1,790 sold",1790.0,"May 24, 2024 11:16:29 PDT","hackensack, new jersey, united states",for women,"['hackensack', 'new jersey', 'united states']",hackensack,new jersey,united states
1187,montblanc,montblanc - signature eau de parfum spray  90ml/3oz,eau de parfum,39.47,US $39.47,2.0,limited quantity available / 99 sold,99.0,"May 23, 2024 23:20:20 PDT","brooklyn, new york, united states",for women,"['brooklyn', 'new york', 'united states']",brooklyn,new york,united states
1188,atelier cologne,atelier cologne - orange sanguine cologne absolue spray  30ml/1oz,eau de parfum,29.9,US $29.90,3.0,3 available / 6 sold,6.0,"May 16, 2024 09:40:54 PDT","seattle, washington, united states",for women,"['seattle', 'washington', 'united states']",seattle,washington,united states
1189,as shown,prada paradoxe by prada edp 3.0oz/90ml spray perfume for women new in box,eau de parfum,59.99,US $59.99,1.0,last one / 8 sold,8.0,"May 24, 2024 00:21:33 PDT","sea cliff, new york, united states",for women,"['sea cliff', 'new york', 'united states']",sea cliff,new york,united states
1190,christian audigier,ed hardy hearts & daggers 3.4 / 3.3 oz edp for women new in box,eau de parfum,20.42,US $20.42/ea,204.0,"204 available / 3,525 sold",3525.0,"May 24, 2024 10:12:07 PDT","dallas, texas, united states",for women,"['dallas', 'texas', 'united states']",dallas,texas,united states
1191,donna karan,cashmere mist by donna karan 3.4 oz / 100ml spray for women edp brand new sealed,eau de parfum,29.99,US $29.99/ea,10.0,more than 10 available / 223 sold,223.0,"May 24, 2024 10:55:06 PDT","west orange, new jersey, united states",for women,"['west orange', 'new jersey', 'united states']",west orange,new jersey,united states
1192,vera wang,princess by vera wang perfume 3.3 / 3.4 oz edt for women new in box,oil,25.42,US $25.42/ea,107.0,"107 available / 4,123 sold",4123.0,"May 20, 2024 22:28:54 PDT","dallas, texas, united states",for women,"['dallas', 'texas', 'united states']",dallas,texas,united states
1193,yves saint laurent,yves saint laurent cinema eau de parfum spray for women 3.0 oz new,eau de parfum,59.99,US $59.99/ea,6.0,6 available / 29 sold,29.0,"May 24, 2024 11:04:44 PDT","detroit, michigan, united states",for women,"['detroit', 'michigan', 'united states']",detroit,michigan,united states
1194,marc jacobs,marc jacobs decadence for women 3.4 oz 100ml edp spray new in box,eau de parfum,62.99,US $62.99/ea,2.0,2 available / 16 sold,16.0,"May 22, 2024 08:41:57 PDT","new york, usa, hong kong",for women,"['new york', 'usa', 'hong kong']",new york,usa,china
1195,burberry,brit sheer by burberry 3.3 / 3.4 oz edt perfume for women new in box,oil,35.08,US $35.08/ea,2.0,"limited quantity available / 6,191 sold",6191.0,"May 23, 2024 07:31:53 PDT","hackensack, new jersey, united states",for women,"['hackensack', 'new jersey', 'united states']",hackensack,new jersey,united states
1196,jo malone,jo malone myrrh & tonka cologne intense spray women's eau de  - 3.4 fl oz/100ml,cologne,95.99,US $95.99,10.0,more than 10 available / 30 sold,30.0,"May 08, 2024 03:29:02 PDT","las vegas, nevada, united states",for women,"['las vegas', 'nevada', 'united states']",las vegas,nevada,united states
1197,jo malone,jo malone english pear & freesia 100ml/3.4fl oz unisex perfume cologne spray,cologne,49.99,US $49.99/ea,6.0,6 available / 117 sold,117.0,"May 20, 2024 17:32:38 PDT","united states, hong kong",for women,"['united states', 'hong kong']",united states,,china
1198,philosophy,nib philosophy pure grace 2oz  edt women's perfume new authentic,eau de perfume,30.17,US $30.17,10.0,more than 10 available / 441 sold,441.0,"May 21, 2024 18:30:00 PDT","alexandria, minnesota, united states",for women,"['alexandria', 'minnesota', 'united states']",alexandria,minnesota,united states
1199,coach,coach by coach 3 / 3.0 oz edp perfume for women new in box,eau de parfum,37.19,US $37.19/ea,2.0,"limited quantity available / 3,080 sold",3080.0,"May 24, 2024 10:26:59 PDT","hackensack, new jersey, united states",for women,"['hackensack', 'new jersey', 'united states']",hackensack,new jersey,united states
1200,maison alhambra,maison alhambra ladies la vita bella intensa edp 3.4 oz fragrances 6291108735954,fragrances,18.79,US $18.79,3.0,3 available / 22 sold,22.0,"May 23, 2024 09:57:03 PDT","brooklyn, new york, united states",for women,"['brooklyn', 'new york', 'united states']",brooklyn,new york,united states
1201,yves saint laurent,black opium yves saint laurent 3.0 oz eau de parfum perfume new factory sealed,eau de parfum,40.0,US $40.00/ea,4.0,4 available / 602 sold,602.0,"May 23, 2024 22:57:25 PDT","portland, oregon, united states",for women,"['portland', 'oregon', 'united states']",portland,oregon,united states
1202,burberry,burberry burberry her eau de parfum 2 pcs set  / new with box,eau de parfum,79.99,US $79.99,10.0,more than 10 available / 7 sold,7.0,"May 21, 2024 11:08:57 PDT","long island city, new york, united states",for women,"['long island city', 'new york', 'united states']",long island city,new york,united states
1203,guess,guess marciano perfume for women edp 3.3 / 3.4 oz new in box,eau de parfum,20.44,US $20.44/ea,35.0,"35 available / 7,558 sold",7558.0,"May 24, 2024 08:52:06 PDT","dallas, texas, united states",for women,"['dallas', 'texas', 'united states']",dallas,texas,united states
1204,prada,prada candy by prada 2.7 oz 80ml eau de parfum brand new sealed in box,eau de parfum,44.99,US $44.99/ea,7.0,7 available / 42 sold,42.0,"May 22, 2024 23:14:22 PDT","warren, michigan, united states",for women,"['warren', 'michigan', 'united states']",warren,michigan,united states
1205,coty,exclamation by coty perfume for women cologne spray 1.7 oz new in box,cologne,14.89,US $14.89,2.0,"limited quantity available / 7,331 sold",7331.0,"May 23, 2024 08:47:59 PDT","hackensack, new jersey, united states",for women,"['hackensack', 'new jersey', 'united states']",hackensack,new jersey,united states
1206,calvin klein,obsession by calvin klein for women 3.4 oz 100 ml eau de parfum spray new,eau de parfum,23.95,US $23.95/ea,5.0,5 available / 655 sold,655.0,"May 22, 2024 07:11:27 PDT","tx, united states",for women,"['tx', 'united states']",tx,,united states
1207,carolina herrera,good girl by carolina herrera 2.7 fl oz spray women's eau de parfum new & sealed,eau de parfum,43.99,US $43.99/ea,2.0,2 available / 11 sold,11.0,"May 23, 2024 10:46:05 PDT","dunedin, florida, united states",for women,"['dunedin', 'florida', 'united states']",dunedin,florida,united states
1208,as shown,black orchid by tom ford3.4 oz / 100 ml edp for women new in box regular size,eau de parfum,59.99,US $59.99/ea,5.0,5 available / 6 sold,6.0,"May 24, 2024 00:33:12 PDT","usa,california, hong kong",for women,"['usa', 'california', 'hong kong']",usa,california,china
1209,dolce & gabbana,light blue eau intense by dolce & gabbana d&g edp perfume for women 3.3 / 3.4 oz,eau de parfum,52.78,US $52.78,2.0,"limited quantity available / 3,759 sold",3759.0,"May 24, 2024 07:50:02 PDT","hackensack, new jersey, united states",for women,"['hackensack', 'new jersey', 'united states']",hackensack,new jersey,united states
1210,versace,versace dylan purple by versace 3.4oz./100ml edp spray women new same as picture,eau de parfum,54.9,US $54.90,10.0,10 available / 10 sold,10.0,"May 19, 2024 13:46:37 PDT","brooklyn, new york, united states",for women,"['brooklyn', 'new york', 'united states']",brooklyn,new york,united states
1211,dolce & gabbana,d & g the one dolce & gabbana perfume 2.5 oz edp brand new tester with cap,eau de perfume,43.33,US $43.33/ea,23.0,23 available / 280 sold,280.0,"May 24, 2024 02:47:10 PDT","dallas, texas, united states",for women,"['dallas', 'texas', 'united states']",dallas,texas,united states
1212,armaf,"armaf club de nuit 3.4 oz, edp for women in sealed box",eau de parfum,29.45,US $29.45/ea,10.0,more than 10 available / 355 sold,355.0,"May 17, 2024 15:42:34 PDT","houston, texas, united states",for women,"['houston', 'texas', 'united states']",houston,texas,united states
1213,dossier,dossier fruity almond eau de parfum 1.7 fl oz / 50 ml perfume new in box,eau de parfum,20.0,US $20.00/ea,8.0,8 available / 22 sold,22.0,,"los angeles, california, united states",for women,"['los angeles', 'california', 'united states']",los angeles,california,united states
1214,ariana grande,ariana grande cloud pink eau de parfum 3.4 fl oz spray women's new and sealed,eau de parfum,29.99,US $29.99/ea,2.0,2 available / 62 sold,62.0,"May 24, 2024 03:07:24 PDT","montgomery, alabama, united states",for women,"['montgomery', 'alabama', 'united states']",montgomery,alabama,united states
1215,elizabeth taylor,passion by elizabeth taylor 2.5 oz edt new in box sealed,oil,20.48,US $20.48/ea,48.0,48 available / 620 sold,620.0,"May 23, 2024 21:47:03 PDT","dallas, texas, united states",for women,"['dallas', 'texas', 'united states']",dallas,texas,united states
1216,parfums de marly,pdm parfums de marly valaya edp 1.5ml .05fl oz x 1 perfume spray sample,eau de parfum,12.0,US $12.00,9.0,9 available / 29 sold,29.0,"May 16, 2024 10:36:11 PDT","albany, new york, united states",for women,"['albany', 'new york', 'united states']",albany,new york,united states
1217,clean,clean warm cotton 2.14 oz edp perfume for women brand new tester,eau de parfum,22.09,US $22.09,10.0,more than 10 available / 332 sold,332.0,"May 23, 2024 10:33:18 PDT","hackensack, new jersey, united states",for women,"['hackensack', 'new jersey', 'united states']",hackensack,new jersey,united states
1218,juicy couture,viva la juicy noir by juicy couture perfume women 3.4 oz edp 3.3 new in box,eau de parfum,34.38,US $34.38/ea,131.0,"131 available / 2,361 sold",2361.0,"May 24, 2024 07:38:07 PDT","dallas, texas, united states",for women,"['dallas', 'texas', 'united states']",dallas,texas,united states
1219,juicy couture,couture la la juicy couture women perfume edp 3.4 oz 3.3 new in box,eau de parfum,24.24,US $24.24/ea,251.0,"251 available / 3,152 sold",3152.0,"May 23, 2024 09:26:07 PDT","dallas, texas, united states",for women,"['dallas', 'texas', 'united states']",dallas,texas,united states
1220,giorgio armani,giorgio armani my way parfum for women 15ml/0.5fl.oz. new in box & sealed,eau de parfum,21.95,US $21.95/ea,10.0,more than 10 available / 8 sold,8.0,"May 15, 2024 17:11:57 PDT","pompano beach, florida, united states",for women,"['pompano beach', 'florida', 'united states']",pompano beach,florida,united states
1221,afnan,"mystique bouquet by afnan, 2.7 oz edp spray for women",eau de parfum,39.89,US $39.89/ea,10.0,more than 10 available / 8 sold,8.0,"May 09, 2024 16:00:11 PDT","dallas, texas, united states",for women,"['dallas', 'texas', 'united states']",dallas,texas,united states
1222,britney spears,fantasy britney spears women perfume edp 3.3 oz 3.4 new tester,eau de parfum,18.94,US $18.94/ea,235.0,"235 available / 1,804 sold",1804.0,"May 23, 2024 06:45:25 PDT","dallas, texas, united states",for women,"['dallas', 'texas', 'united states']",dallas,texas,united states
1223,jimmy choo,jimmy choo by jimmy choo 3.3 / 3.4 oz spray edt perfume for women tester,oil,24.51,US $24.51,1.0,last one / 601 sold,601.0,"May 24, 2024 07:33:35 PDT","dallas, texas, united states",for women,"['dallas', 'texas', 'united states']",dallas,texas,united states
1224,lancôme,miracle perfume by lancome 3.4 oz l'eau de parfum spray for women new & sealed,eau de parfum,32.99,US $32.99/ea,8.0,8 available / 238 sold,238.0,"May 24, 2024 05:13:26 PDT","hamtramck, michigan, united states",for women,"['hamtramck', 'michigan', 'united states']",hamtramck,michigan,united states
1225,coach,coach dreams sunset edp 7.5ml mini with pouch,eau de parfum,16.95,US $16.95,10.0,more than 10 available / 15 sold,15.0,"May 06, 2024 00:02:14 PDT","tallman, new york, united states",for women,"['tallman', 'new york', 'united states']",tallman,new york,united states
1226,victoria's secret,"victoria's secret bombshell - enticing 3.4oz perfume, sealed in box",eau de parfum,33.99,US $33.99/ea,7.0,7 available / 149 sold,149.0,"May 22, 2024 08:28:50 PDT","dearborn heights, michigan, united states",for women,"['dearborn heights', 'michigan', 'united states']",dearborn heights,michigan,united states
1227,burberry,burberry brit by burberry 3.3 / 3.4 oz edt perfume for women new in box,oil,35.73,US $35.73/ea,557.0,"557 available / 2,590 sold",2590.0,"May 23, 2024 00:24:59 PDT","dallas, texas, united states",for women,"['dallas', 'texas', 'united states']",dallas,texas,united states
1228,estee lauder,"sensuous by estee lauder, 1.7 oz edp spray for women",eau de parfum,34.98,US $34.98/ea,10.0,more than 10 available / 131 sold,131.0,"May 24, 2024 06:41:52 PDT","edison, new jersey, united states",for women,"['edison', 'new jersey', 'united states']",edison,new jersey,united states
1229,yves saint laurent,libre by yves saint laurent for women edt 3 oz / 90 ml *new in sealed box*,eau de parfum,59.96,US $59.96,4.0,4 available / 19 sold,19.0,"May 19, 2024 00:50:26 PDT","ca.san francisco, hong kong",for women,"['ca.san francisco', 'hong kong']",ca.san francisco,,china
1230,kilian,angels' share by kilian 1.7 oz eau de parfum spray refillable 50ml new with box,eau de parfum,64.88,US $64.88/ea,5.0,5 available / 42 sold,42.0,"May 24, 2024 02:15:36 PDT","san francisco, ca, usa, hong kong",for women,"['san francisco', 'ca', 'usa', 'hong kong']",san francisco,,china
1231,lancôme,la vie est belle by lancome 3.4 oz 100 ml l'eau de parfum brand new sealed box,eau de parfum,69.99,US $69.99/ea,9.0,9 available / 25 sold,25.0,"May 09, 2024 03:18:01 PDT","houston, texas, united states",for women,"['houston', 'texas', 'united states']",houston,texas,united states
1232,calvin klein,ck sheer beauty calvin klein women edt 3.4 oz 3.3 new in box,oil,25.69,US $25.69/ea,11.0,11 available / 169 sold,169.0,"May 22, 2024 22:59:20 PDT","dallas, texas, united states",for women,"['dallas', 'texas', 'united states']",dallas,texas,united states
1233,yves saint laurent,yves saint laurent libre eau de parfum edp spray for women 3.0 oz 90 ml new seal,eau de parfum,49.68,US $49.68,10.0,more than 10 available / 21 sold,21.0,"May 22, 2024 06:46:03 PDT","houston, texas, united states",for women,"['houston', 'texas', 'united states']",houston,texas,united states
1234,giorgio armani,my way by giorgio armani 3 oz edp perfume for women new in box fast shipping,eau de parfum,33.92,US $33.92,10.0,10 available / 3 sold,3.0,"May 24, 2024 07:38:32 PDT","ca, china",for women,"['ca', 'china']",ca,,china
1235,donna karan,be delicious perfume dkny donna karan 1.0 oz 30 ml edp spray women without box,eau de parfum,24.99,US $24.99/ea,10.0,more than 10 available / 370 sold,370.0,"May 15, 2024 06:49:47 PDT","piscataway, new jersey, united states",for women,"['piscataway', 'new jersey', 'united states']",piscataway,new jersey,united states
1236,givenchy,amarige by givenchy edt for women 3.3oz  / 100ml *new in sealed box*,oil,49.99,US $49.99,10.0,more than 10 available / 174 sold,174.0,"Apr 15, 2024 10:19:25 PDT","miami, florida, united states",for women,"['miami', 'florida', 'united states']",miami,florida,united states
1237,narciso rodriguez,narciso rodriguez for her edp 3.3oz - new sealed sophistication,oil,34.99,US $34.99/ea,6.0,6 available / 5 sold,5.0,"May 23, 2024 10:31:01 PDT","flat lick, kentucky, united states",for women,"['flat lick', 'kentucky', 'united states']",flat lick,kentucky,united states
1238,escada,magnetism by escada perfume for women edp 2.5 oz new in box,eau de parfum,30.45,US $30.45/ea,8.0,8 available / 738 sold,738.0,"May 24, 2024 11:04:11 PDT","dallas, texas, united states",for women,"['dallas', 'texas', 'united states']",dallas,texas,united states
1239,lancôme,new & sealed! lancome tresor in love for women l'eau de parfum spray 2.5 oz 5d,eau de parfum,67.5,US $67.50,10.0,more than 10 available / 12 sold,12.0,,"mesa, arizona, united states",for women,"['mesa', 'arizona', 'united states']",mesa,arizona,united states
1240,dolce & gabbana,d&g dolce gabbana 3 l'imperatrice edt 1.5ml tester,oil,5.99,US $5.99,5.0,5 available / 3 sold,3.0,"May 24, 2024 10:22:12 PDT","san francisco, california, united states",for women,"['san francisco', 'california', 'united states']",san francisco,california,united states
1241,dossier,dossier fruity orange eau de parfum 1.7 fl oz / 50 ml perfume new in box,eau de parfum,15.0,US $15.00/ea,10.0,more than 10 available / 65 sold,65.0,"May 19, 2024 23:29:11 PDT","los angeles, california, united states",for women,"['los angeles', 'california', 'united states']",los angeles,california,united states
1242,ariana grande,ariana grande god is a woman eau de parfum,eau de parfum,15.99,US $15.99,9.0,9 available / 35 sold,35.0,"Apr 29, 2024 14:08:37 PDT","bogota, new jersey, united states",for women,"['bogota', 'new jersey', 'united states']",bogota,new jersey,united states
1243,viktor & rolf,viktor & rolf flowerbomb ruby orchid 3.4 oz. eau de parfum spray,eau de parfum,79.72,US $79.72/ea,10.0,10 available / 334 sold,334.0,"May 24, 2024 05:44:34 PDT","katy, texas, united states",for women,"['katy', 'texas', 'united states']",katy,texas,united states
1244,marc jacobs,marc jacobs daisy eau so fresh 4.2oz women's eau de toilette brand new & sealed,oil,33.99,US $33.99/ea,3.0,3 available / 43 sold,43.0,"May 21, 2024 22:58:35 PDT","brooklyn, new york, united states",for women,"['brooklyn', 'new york', 'united states']",brooklyn,new york,united states
1245,dolce & gabbana,l'imperatrice by dolce & gabbana d&g 3.3 / 3.4 oz edt perfume for women nib,oil,39.98,US $39.98,2.0,"limited quantity available / 3,379 sold",3379.0,"May 23, 2024 18:40:58 PDT","hackensack, new jersey, united states",for women,"['hackensack', 'new jersey', 'united states']",hackensack,new jersey,united states
1246,michael kors,michael kors sexy amber by michael kors 3.4 oz edp for women perfume new in box,eau de parfum,44.99,US $44.99/ea,10.0,"10 available / 1,647 sold",1647.0,"May 21, 2024 07:09:03 PDT","hackensack, new jersey, united states",for women,"['hackensack', 'new jersey', 'united states']",hackensack,new jersey,united states
1247,lancôme,idole by lancome eau de parfum edp perfume for women 2.5 oz new in box,eau de parfum,44.95,US $44.95,1.0,last one / 14 sold,14.0,"May 23, 2024 00:21:14 PDT","troy, new york, united states",for women,"['troy', 'new york', 'united states']",troy,new york,united states
1248,le labo,"santal 33 by le labo, 3.4 oz edp spray for unisex",eau de parfum,60.37,US $60.37,10.0,10 available / 9 sold,9.0,"May 11, 2024 01:35:56 PDT","san francisco, ca, usa, hong kong",for women,"['san francisco', 'ca', 'usa', 'hong kong']",san francisco,,china
1249,burberry,burberry her blossom by burberry 3.3 oz edp perfume for women new in box,oil,53.99,US $53.99/ea,2.0,2 available / 10 sold,10.0,"May 22, 2024 09:37:26 PDT","new york, new york, taiwan",for women,"['new york', 'new york', 'taiwan']",new york,new york,taiwan
1250,victoria's secret,victoria's secret tease women's edp spray 3.4 oz 100ml new in box,eau de parfum,30.99,US $30.99/ea,4.0,4 available / 89 sold,89.0,"May 18, 2024 09:56:53 PDT","detroit, michigan, united states",for women,"['detroit', 'michigan', 'united states']",detroit,michigan,united states
1251,maison alhambra,delilah perfumes edp 3.4oz by maison alhambra lattafa for woman  free shipping,eau de parfum,23.9,US $23.90,10.0,more than 10 available / 2 sold,2.0,"May 21, 2024 12:44:02 PDT","north brunswick, new jersey, united states",for women,"['north brunswick', 'new jersey', 'united states']",north brunswick,new jersey,united states
1252,kilian,good girl gone bad by kilian 1.7 oz edp refillable spray. new sealed box,eau de parfum,99.99,US $99.99,1.0,last one / 20 sold,20.0,"May 17, 2024 04:42:34 PDT","amigo, west virginia, united states",for women,"['amigo', 'west virginia', 'united states']",amigo,west virginia,united states
1253,calvin klein,contradiction by calvin klein 3.4 oz edp perfume for women new in box sealed,eau de parfum,26.43,US $26.43/ea,96.0,"96 available / 5,314 sold",5314.0,"May 24, 2024 10:14:07 PDT","dallas, texas, united states",for women,"['dallas', 'texas', 'united states']",dallas,texas,united states
1254,dossier,dossier woody oakmoss eau de parfum 1.7 fl oz / 50 ml perfume new in box,eau de parfum,20.0,US $20.00/ea,2.0,2 available / 41 sold,41.0,"May 05, 2024 23:15:34 PDT","los angeles, california, united states",for women,"['los angeles', 'california', 'united states']",los angeles,california,united states
1255,dolce & gabbana,light blue by dolce & gabbana 3.3 oz / 3.4 oz 100ml edt spray brand new sealed,oil,29.95,US $29.95/ea,10.0,more than 10 available / 296 sold,296.0,"May 24, 2024 10:55:00 PDT","west orange, new jersey, united states",for women,"['west orange', 'new jersey', 'united states']",west orange,new jersey,united states
1256,hollister,wave by hollister california perfum for women 3.3 / 3.4 oz edp new tester,eau de perfume,15.52,US $15.52/ea,26.0,26 available / 129 sold,129.0,"May 20, 2024 07:35:20 PDT","dallas, texas, united states",for women,"['dallas', 'texas', 'united states']",dallas,texas,united states
1257,ralph lauren,ralph by ralph lauren edt for women 3.4 oz - 100 ml *new in sealed box*,oil,45.99,US $45.99,10.0,more than 10 available / 201 sold,201.0,"May 08, 2024 11:22:02 PDT","miami, florida, united states",for women,"['miami', 'florida', 'united states']",miami,florida,united states
1258,ariana grande,cloud by ariana grande 3.4oz edp perfume spray fragrance for women new in box,eau de parfum,29.99,US $29.99/ea,9.0,9 available / 14 sold,14.0,"May 23, 2024 12:18:02 PDT","sayreville, new jersey, united states",for women,"['sayreville', 'new jersey', 'united states']",sayreville,new jersey,united states
1259,glossier,glossier you eau de parfum rollerball (0.27oz /8ml) new,eau de parfum,27.31,US $27.31,10.0,more than 10 available / 5 sold,5.0,,"giddings, texas, united states",for women,"['giddings', 'texas', 'united states']",giddings,texas,united states
1260,dolce & gabbana,dolce gabbana queen edp perfume for women 3.4 oz eau de parfum spray new box,eau de parfum,38.99,US $38.99/ea,3.0,3 available / 122 sold,122.0,"May 21, 2024 22:55:56 PDT","california usa hongkong, hong kong",for women,"['california usa hongkong', 'hong kong']",california usa hongkong,,china
1261,ralph lauren,romance by ralph lauren 3.4 oz edp perfume for women new in box,eau de parfum,45.92,US $45.92/ea,2.0,"limited quantity available / 3,009 sold",3009.0,"May 24, 2024 11:02:02 PDT","hackensack, new jersey, united states",for women,"['hackensack', 'new jersey', 'united states']",hackensack,new jersey,united states
1262,chloe,chloe perfume eau de parfum edp splash mini 0.16oz 5 ml new with box,eau de parfum,12.99,US $12.99,15.0,15 available / 36 sold,36.0,"May 19, 2024 11:40:36 PDT","laguna niguel, california, united states",for women,"['laguna niguel', 'california', 'united states']",laguna niguel,california,united states
1263,lancome,lancome idole le parfum  spray  25ml/0.8 fl oz new in box,eau de parfum,26.99,US $26.99,10.0,more than 10 available / 44 sold,44.0,"May 17, 2024 19:59:50 PDT","villa rica, georgia, united states",for women,"['villa rica', 'georgia', 'united states']",villa rica,georgia,united states
1264,jimmy choo,i want choo forever by jimmy choo 3.3 oz edp perfume for women new in box,eau de parfum,58.61,US $58.61/ea,2.0,limited quantity available / 770 sold,770.0,"May 21, 2024 03:16:40 PDT","hackensack, new jersey, united states",for women,"['hackensack', 'new jersey', 'united states']",hackensack,new jersey,united states
1265,lancome,poeme by lancome 3.4 oz./ 100 ml. l'eau de parfum spray for women in sealed box,eau de parfum,86.99,US $86.99/ea,10.0,"10 available / 1,385 sold",1385.0,"May 23, 2024 18:19:08 PDT","katy, texas, united states",for women,"['katy', 'texas', 'united states']",katy,texas,united states
1266,victoria's secret,victoria secret tease 3.4 oz 100 ml eau de parfum women's spray,eau de parfum,54.0,US $54.00,4.0,4 available / 26 sold,26.0,"May 20, 2024 21:25:03 PDT","houston, texas, united states",for women,"['houston', 'texas', 'united states']",houston,texas,united states
1267,natalie,natalie wood signature fragrance spray purse travel eau de parfum bottle .34 oz,eau de parfum,5.99,US $5.99/ea,196.0,196 available / 32 sold,32.0,"May 21, 2024 06:32:29 PDT","florence, south carolina, united states",for women,"['florence', 'south carolina', 'united states']",florence,south carolina,united states
1268,paris hilton,paris hilton 3.4 / 3.3 oz edp perfume for women new in box,eau de parfum,24.39,US $24.39/ea,123.0,"123 available / 5,558 sold",5558.0,"May 22, 2024 10:12:18 PDT","dallas, texas, united states",for women,"['dallas', 'texas', 'united states']",dallas,texas,united states
1269,calvin klein,"calvin klein euphoria eau de parfum, 1.6 oz new open box scuffed",eau de parfum,22.99,US $22.99,10.0,more than 10 available / 347 sold,347.0,"May 23, 2024 13:35:36 PDT","brooklyn, new york, united states",for women,"['brooklyn', 'new york', 'united states']",brooklyn,new york,united states
1270,lattafa,fakhar lattafa 3.4 edp parfum perfume for women new in box,eau de parfum,21.98,US $21.98,10.0,more than 10 available / 278 sold,278.0,"May 24, 2024 05:18:15 PDT","hackensack, new jersey, united states",for women,"['hackensack', 'new jersey', 'united states']",hackensack,new jersey,united states
1271,parfums de marly,"parfums de marly delina la rosee by parfums de marly, 2.5oz edp spray  for women",eau de parfum,76.99,US $76.99/ea,2.0,2 available / 13 sold,13.0,"May 23, 2024 23:59:28 PDT","hk, hong kong",for women,"['hk', 'hong kong']",hk,,china
1272,coach,coach poppy flower 3.4 oz  100 ml eau de parfum spray brand new in box sealed,eau de parfum,28.99,US $28.99/ea,8.0,8 available / 152 sold,152.0,"May 24, 2024 06:27:25 PDT","las vegas, nevada, united states",for women,"['las vegas', 'nevada', 'united states']",las vegas,nevada,united states
1273,victoria's secret,victoria's secret bombshell women's 3.4 fl oz eau de parfum new in box & sealed,eau de parfum,33.89,US $33.89/ea,9.0,9 available / 216 sold,216.0,"May 24, 2024 06:12:22 PDT","las vegas, nevada, united states",for women,"['las vegas', 'nevada', 'united states']",las vegas,nevada,united states
1274,viktor & rolf,flowerbomb by viktor & rolf 3.4 oz l'eau de parfum spray brand new sealed in box,eau de parfum,59.99,US $59.99/ea,10.0,more than 10 available / 150 sold,150.0,"May 20, 2024 08:35:38 PDT","ecorse, michigan, united states",for women,"['ecorse', 'michigan', 'united states']",ecorse,michigan,united states
1275,kilian,"*you pick!* kilian love don't be shy, good girl gone bad 1.5ml official samples",eau de parfum,8.99,US $8.99,10.0,more than 10 available / 344 sold,344.0,"May 07, 2024 20:15:06 PDT","ashburnham, massachusetts, united states",for women,"['ashburnham', 'massachusetts', 'united states']",ashburnham,massachusetts,united states
1276,dolce & gabbana,dolce & gabbana dolce violet women perfume 5ml edt splash mini travel size (c61,eau de parfum,18.95,US $18.95/ea,8.0,8 available / 9 sold,9.0,"May 20, 2024 13:18:54 PDT","los angeles, california, united states",for women,"['los angeles', 'california', 'united states']",los angeles,california,united states
1277,clinique,new aromatics elixir by clinique for women. body smoother 6.7 oz/200 ml,skin_moisturizer,20.79,US $20.79,7.0,7 available / 33 sold,33.0,"May 19, 2024 13:44:31 PDT","plainfield, illinois, united states",for women,"['plainfield', 'illinois', 'united states']",plainfield,illinois,united states
1278,parfums de marly,delina by parfums de marly 2.5 oz edp perfume for women new in box!,eau de perfume,89.99,US $89.99/ea,6.0,6 available / 7 sold,7.0,"May 20, 2024 23:52:18 PDT","san diego, california, united states",for women,"['san diego', 'california', 'united states']",san diego,california,united states
1279,ralph lauren,big pony 2 fruity sensual by ralph lauren for women edt 3.3 / 3.4 oz,oil,20.31,US $20.31/ea,8.0,8 available / 84 sold,84.0,"May 15, 2024 09:11:16 PDT","dallas, texas, united states",for women,"['dallas', 'texas', 'united states']",dallas,texas,united states
1280,juicy couture,viva la juicy rose couture by juicy couture 3.4 oz edp for women new in box,eau de parfum,34.6,US $34.60/ea,89.0,"89 available / 1,833 sold",1833.0,"May 24, 2024 10:13:07 PDT","dallas, texas, united states",for women,"['dallas', 'texas', 'united states']",dallas,texas,united states
1281,burberry,burberry classic by burberry perfume for women edp 3.3 / 3.4 oz new in box,eau de parfum,38.14,US $38.14/ea,2.0,limited quantity available / 725 sold,725.0,"May 24, 2024 08:55:13 PDT","dallas, texas, united states",for women,"['dallas', 'texas', 'united states']",dallas,texas,united states
1282,avon,avon far away eau de parfum perfume spray 1.7 oz~free travel spray,eau de parfum,16.89,US $16.89/ea,10.0,more than 10 available / 551 sold,551.0,"May 07, 2024 09:26:07 PDT","west palm beach, florida, united states",for women,"['west palm beach', 'florida', 'united states']",west palm beach,florida,united states
1283,elizabeth arden,green tea cucumber by elizabeth arden for women 3.3 oz 100 ml eau toilette spray,oil,12.95,US $12.95/ea,5.0,5 available / 24 sold,24.0,"May 21, 2024 11:33:00 PDT","tx, united states",for women,"['tx', 'united states']",tx,,united states
1284,jimmy choo,jimmy choo ladies i want choo forever edp spray 3.38 oz (tester) fragrances,eau de parfum,49.81,US $49.81,3.0,3 available / 30 sold,30.0,"May 23, 2024 10:45:18 PDT","brooklyn, new york, united states",for women,"['brooklyn', 'new york', 'united states']",brooklyn,new york,united states
1285,narciso rodriguez,narciso rodriguez for her 3.3 fl oz eau de parfum spray for women new in box,eau de parfum,34.99,US $34.99/ea,10.0,more than 10 available / 36 sold,36.0,"May 23, 2024 07:54:33 PDT","saint clair shores, michigan, united states",for women,"['saint clair shores', 'michigan', 'united states']",saint clair shores,michigan,united states
1286,chaka by chaka khan,chaka by chaka khan energizing 3.4 oz. edp-open box,eau de parfum,29.95,US $29.95,6.0,6 available / 19 sold,19.0,"May 14, 2024 09:00:18 PDT","clearwater, florida, united states",for women,"['clearwater', 'florida', 'united states']",clearwater,florida,united states
1287,thierry mugler,alien by thierry mugler 3 oz edp perfume for women new in box,eau de parfum,85.56,US $85.56/ea,2.0,limited quantity available / 953 sold,953.0,"May 23, 2024 06:32:37 PDT","hackensack, new jersey, united states",for women,"['hackensack', 'new jersey', 'united states']",hackensack,new jersey,united states
1288,chanel,chanel chance eau fraiche eau de parfum 3.4 oz new & sealed 100% authentic,eau de parfum,119.0,US $119.00,2.0,2 available / 7 sold,7.0,"May 23, 2024 13:17:54 PDT","woodruff, south carolina, united states",for women,"['woodruff', 'south carolina', 'united states']",woodruff,south carolina,united states
1289,hugo boss,deep red by hugo boss perfume for women 3.0 oz edp new in box,eau de parfum,27.26,US $27.26/ea,32.0,"32 available / 4,977 sold",4977.0,"May 24, 2024 10:39:07 PDT","dallas, texas, united states",for women,"['dallas', 'texas', 'united states']",dallas,texas,united states
1290,thierry mugler,angel by thierry mugler 3.4 oz eau de parfum spray refillable star new & sealed,eau de parfum,69.99,US $69.99/ea,2.0,2 available / 27 sold,27.0,"May 20, 2024 08:22:23 PDT","reinholds, pennsylvania, united states",for women,"['reinholds', 'pennsylvania', 'united states']",reinholds,pennsylvania,united states
1291,valentino,valentino donna by valentino for women 3.4 oz.eau de parfum spray in sealed box,eau de parfum,99.99,US $99.99,10.0,more than 10 available / 5 sold,5.0,"Apr 23, 2024 19:32:59 PDT","katy, texas, hong kong",for women,"['katy', 'texas', 'hong kong']",katy,texas,china
1292,maison margiela,maison margiela replica lazy sunday morning eau de toilette 3.4 oz new in box us,oil,48.88,US $48.88,9.0,9 available / 51 sold,51.0,"May 09, 2024 00:45:39 PDT","college point, new york, united states",for women,"['college point', 'new york', 'united states']",college point,new york,united states
1293,prada,prada candy by prada 2.7oz / 80ml eau de parfum brand new sealed in box,eau de parfum,48.99,US $48.99/ea,8.0,8 available / 37 sold,37.0,"May 22, 2024 03:44:34 PDT","warren, michigan, united states",for women,"['warren', 'michigan', 'united states']",warren,michigan,united states
1294,marc jacobs,marc jacobs daisy wild eau de parfum edp miniature splash for women 4 ml-nib,eau de parfum,28.99,US $28.99,7.0,7 available / 3 sold,3.0,,"miami, florida, united states",for women,"['miami', 'florida', 'united states']",miami,florida,united states
1295,maison alhambra,glacier bold edp perfume by maison alhambra lattafa 100 ml new release,eau de parfum,37.99,US $37.99,10.0,more than 10 available / 16 sold,16.0,"May 16, 2024 12:18:47 PDT","north brunswick, new jersey, united states",for women,"['north brunswick', 'new jersey', 'united states']",north brunswick,new jersey,united states
1296,davidoff,cool water by davidoff edt for women 3.4 oz / 100 ml *new*,oil,20.99,US $20.99,4.0,4 available / 20 sold,20.0,"Apr 30, 2024 11:44:27 PDT","miami, florida, united states",for women,"['miami', 'florida', 'united states']",miami,florida,united states
1297,jo malone,jo malone velvet rose & oud cologne intense women's eau de 3.4 fl oz/100ml,cologne,86.99,US $86.99,4.0,4 available / 6 sold,6.0,"May 08, 2024 16:32:50 PDT","las vegas, nevada, united states",for women,"['las vegas', 'nevada', 'united states']",las vegas,nevada,united states
1298,juicy couture,viva la juicy by juicy couture perfume for women edp 3.3 / 3.4 oz new tester,eau de perfume,29.55,US $29.55/ea,408.0,408 available / 886 sold,886.0,"May 24, 2024 07:22:10 PDT","dallas, texas, united states",for women,"['dallas', 'texas', 'united states']",dallas,texas,united states
1299,lancôme,set 2 lancome perfume la vie est belle eau de parfum edp travel size 4ml ea =8ml,eau de parfum,9.99,US $9.99,10.0,more than 10 available / 65 sold,65.0,"May 22, 2024 22:50:24 PDT","newark, delaware, united states",for women,"['newark', 'delaware', 'united states']",newark,delaware,united states
1300,thierry mugler,aura mugler by thierry mugler eau de parfum miniature splash perfume for women,eau de parfum,12.99,US $12.99,10.0,more than 10 available / 89 sold,89.0,"May 22, 2024 11:13:32 PDT","tallman, new york, united states",for women,"['tallman', 'new york', 'united states']",tallman,new york,united states
1301,dossier,dossier floral marshmallow eau de parfum 1.7 fl oz / 50 ml perfume new in box,eau de parfum,26.9,US $26.90/ea,10.0,more than 10 available / 150 sold,150.0,"May 06, 2024 12:18:45 PDT","los angeles, california, united states",for women,"['los angeles', 'california', 'united states']",los angeles,california,united states
1302,giorgio armani,sì passione by giorgio armani for women 3.4 oz eau de parfum spray new in box,eau de parfum,44.78,US $44.78,2.0,2 available / 11 sold,11.0,"May 22, 2024 00:02:51 PDT","syracuse, new york, united states",for women,"['syracuse', 'new york', 'united states']",syracuse,new york,united states
1303,victoria's secret,victoria's secret heavenly perfume spray eau de parfum 3.4 oz 100 ml new sealed,eau de parfum,34.99,US $34.99/ea,9.0,9 available / 110 sold,110.0,"May 23, 2024 09:39:14 PDT","laughlin, nevada, united states",for women,"['laughlin', 'nevada', 'united states']",laughlin,nevada,united states
1304,victoria's secret,bombshell victoria's secret perfume 2.5 oz 75 ml fine fragrance mist spray women,fine fragrance mist,14.5,US $14.50,5.0,5 available / 17 sold,17.0,"May 22, 2024 14:54:49 PDT","lisle, illinois, united states",for women,"['lisle', 'illinois', 'united states']",lisle,illinois,united states
1305,huda beauty,kayali vanilla candy rock sugar | 42 huda beauty sample 1.5ml on card new,eau de parfum,14.95,US $14.95,1.0,last one / 17 sold,17.0,"May 23, 2024 13:54:40 PDT","port orange, florida, united states",for women,"['port orange', 'florida', 'united states']",port orange,florida,united states
1306,lancôme,idole by lancome eau de parfum edp perfume for women 2.5 oz new in box,eau de parfum,42.99,US $42.99,2.0,2 available / 4 sold,4.0,"May 24, 2024 02:59:43 PDT","kew gardens, new york, united states",for women,"['kew gardens', 'new york', 'united states']",kew gardens,new york,united states
1307,parfums de marly,parfums demarly delina by parfums de marly 2.5 ozeau de parfum spray for women,lotion,100.99,US $100.99,1.0,last one / 15 sold,15.0,"May 22, 2024 19:00:39 PDT","jefferson, texas, united states",for women,"['jefferson', 'texas', 'united states']",jefferson,texas,united states
1308,bellie eilish,eilish by bellie eilish 3.4 oz / 100 ml edp perfume spray for women new in box,eau de parfum,49.99,US $49.99/ea,4.0,4 available / 38 sold,38.0,"May 22, 2024 19:14:47 PDT","usa,california, hong kong",for women,"['usa', 'california', 'hong kong']",usa,california,china
1309,viktor & rolf,viktor & rolf flowerbomb eau de parfum travel size spray vail 0.1fl.oz/3ml,eau de parfum,9.99,US $9.99,10.0,more than 10 available / 10 sold,10.0,,"hicksville, new york, united states",for women,"['hicksville', 'new york', 'united states']",hicksville,new york,united states
1310,estée lauder,estee lauder beautiful 2.5 fl oz eau de parfum factory sealed new,eau de parfum,28.15,US $28.15,1.0,last one / 123 sold,123.0,"May 24, 2024 01:26:16 PDT","grafton, wisconsin, united states",for women,"['grafton', 'wisconsin', 'united states']",grafton,wisconsin,united states
1311,lucky,lucky you by lucky brand 3.3 oz / 3.4 oz for women edt perfume tester,oil,14.74,US $14.74/ea,117.0,117 available / 889 sold,889.0,"May 09, 2024 21:29:42 PDT","dallas, texas, united states",for women,"['dallas', 'texas', 'united states']",dallas,texas,united states
1312,ariana grande,ariana grande cloud pink 3.4oz authentic pink perfume spray sealed,eau de parfum,29.99,US $29.99/ea,10.0,more than 10 available / 29 sold,29.0,"May 24, 2024 10:25:41 PDT","detroit, michigan, united states",for women,"['detroit', 'michigan', 'united states']",detroit,michigan,united states
1313,lancome,miracle by lancome perfume for women 3.4 oz edp new in box,eau de parfum,35.99,US $35.99/ea,10.0,more than 10 available / 161 sold,161.0,"May 19, 2024 08:02:19 PDT","detroit, michigan, united states",for women,"['detroit', 'michigan', 'united states']",detroit,michigan,united states
1314,givenchy,hot couture by givenchy for women edp 3.3 oz - 100 ml *new in sealed box*,eau de parfum,49.99,US $49.99,10.0,more than 10 available / 230 sold,230.0,"May 08, 2024 11:14:20 PDT","miami, florida, united states",for women,"['miami', 'florida', 'united states']",miami,florida,united states
1315,philosophy,pure grace nude rose perfume by philosophy for women edt 2 oz new,oil,19.05,US $19.05,8.0,8 available / 42 sold,42.0,,"joppa, maryland, united states",for women,"['joppa', 'maryland', 'united states']",joppa,maryland,united states
1316,ariana grande,sweet like candy by ariana grande edp perfume for women 3.4 oz brand new tester,eau de parfum,29.54,US $29.54/ea,10.0,"more than 10 available / 1,372 sold",1372.0,"May 24, 2024 07:30:03 PDT","hackensack, new jersey, united states",for women,"['hackensack', 'new jersey', 'united states']",hackensack,new jersey,united states
1317,carolina herrera,carolina herrera_good girl perfume 2.7 oz black ships in 24 hours sealed mujer,eau de perfume,47.8,US $47.80/ea,10.0,more than 10 available / 38 sold,38.0,"May 08, 2024 13:25:03 PDT","bakersfield, california, united states",for women,"['bakersfield', 'california', 'united states']",bakersfield,california,united states
1318,clinique,roller ball  women aromatics elixir by clinique 0.2 oz / 6 ml edp perfume rare,eau de parfum,13.95,US $13.95/ea,10.0,more than 10 available / 57 sold,57.0,"Mar 31, 2024 08:14:05 PDT","keyport, new jersey, united states",for women,"['keyport', 'new jersey', 'united states']",keyport,new jersey,united states
1319,alt fragrances,"alt fragrances - executive no. 26 edp (inspired by aventus), 3.4 oz / 100 ml",extrait de Parfum,59.99,US $59.99,10.0,more than 10 available / 243 sold,243.0,"May 24, 2024 09:40:02 PDT","van nuys, california, united states",for women,"['van nuys', 'california', 'united states']",van nuys,california,united states
1320,victoria's secret,victoria's secret tease crème cloud eau de parfum 3.4oz 100 ml  women's spray,eau de parfum,43.0,US $43.00,3.0,3 available / 27 sold,27.0,"May 20, 2024 21:24:45 PDT","houston, texas, united states",for women,"['houston', 'texas', 'united states']",houston,texas,united states
1321,giorgio beverly hills,giorgio by giorgio beverly hills 3 / 3.0 oz edt perfume for women new in box,oil,22.51,US $22.51/ea,189.0,"189 available / 3,319 sold",3319.0,"May 24, 2024 07:51:07 PDT","dallas, texas, united states",for women,"['dallas', 'texas', 'united states']",dallas,texas,united states
1322,versace,mini yellow diamond by versace edt perfume for women brand new in box,oil,9.92,US $9.92,10.0,"more than 10 available / 5,971 sold",5971.0,"May 20, 2024 23:10:53 PDT","hackensack, new jersey, united states",for women,"['hackensack', 'new jersey', 'united states']",hackensack,new jersey,united states
1323,givenchy,amarige by givenchy 3.3 / 3.4 oz edt perfume for women new in box,oil,47.65,US $47.65/ea,2.0,"limited quantity available / 5,349 sold",5349.0,"May 24, 2024 00:47:58 PDT","hackensack, new jersey, united states",for women,"['hackensack', 'new jersey', 'united states']",hackensack,new jersey,united states
1324,jo malone,jo malone oud & bergamot cologne intense spray women's eau de 3.4 fl oz/100ml,cologne,86.99,US $86.99,7.0,7 available / 9 sold,9.0,"May 24, 2024 08:55:12 PDT","las vegas, nevada, united states",for women,"['las vegas', 'nevada', 'united states']",las vegas,nevada,united states
1325,coach,coach dreams sunset by coach perfume for women edp 3.0 oz new in box,eau de parfum,41.58,US $41.58/ea,174.0,174 available / 298 sold,298.0,"May 24, 2024 05:11:50 PDT","dallas, texas, united states",for women,"['dallas', 'texas', 'united states']",dallas,texas,united states
1326,britney spears,midnight fantasy by britney spears for women 3.3 / 3.4 oz edp tester,eau de parfum,16.87,US $16.87/ea,36.0,36 available / 626 sold,626.0,"May 24, 2024 10:43:08 PDT","dallas, texas, united states",for women,"['dallas', 'texas', 'united states']",dallas,texas,united states
1327,gucci,gucci guilty pour femme by gucci perfume for women edp 3.0 oz new tester,eau de perfume,59.4,US $59.40/ea,50.0,50 available / 120 sold,120.0,"May 17, 2024 00:06:51 PDT","dallas, texas, united states",for women,"['dallas', 'texas', 'united states']",dallas,texas,united states
1328,prada,prada candy by prada 2.7 fl oz eau de parfum spray brand new sealed in box,eau de parfum,43.99,US $43.99/ea,2.0,2 available / 121 sold,121.0,"May 24, 2024 02:09:13 PDT","houston, texas, united states",for women,"['houston', 'texas', 'united states']",houston,texas,united states
1329,tf,lost cherry eau de parfum 3.4 oz / 100ml for women & men,eau de parfum,69.99,US $69.99/ea,4.0,4 available / 7 sold,7.0,"May 23, 2024 18:24:39 PDT","california,united states, hong kong",for women,"['california', 'united states', 'hong kong']",california,united states,china
1330,chanel,chanel coco mademoiselle eau de parfum sample spray vial 1.5ml/0.05oz,eau de parfum,12.99,US $12.99/ea,10.0,more than 10 available / 32 sold,32.0,"May 14, 2024 15:38:52 PDT","tarzana, california, united states",for women,"['tarzana', 'california', 'united states']",tarzana,california,united states
1331,juliette has a gun,juliette has a gun not a perfume eau de parfum 5 ml .17 fl oz travel size new,eau de parfum,11.66,US $11.66/ea,2.0,2 available / 12 sold,12.0,"May 15, 2024 21:40:55 PDT","matawan, new jersey, united states",for women,"['matawan', 'new jersey', 'united states']",matawan,new jersey,united states
1332,juliette has a gun,"not a perfume by juliette has a gun, 3.3 oz edp spray for women tester",eau de perfume,43.15,US $43.15/ea,10.0,more than 10 available / 561 sold,561.0,"May 23, 2024 21:14:48 PDT","edison, new jersey, united states",for women,"['edison', 'new jersey', 'united states']",edison,new jersey,united states
1333,versace,"versace yellow diamond edt 3.0oz - sealed new, luminous scent",oil,32.99,US $32.99/ea,6.0,6 available / 79 sold,79.0,"May 23, 2024 10:31:19 PDT","flat lick, kentucky, united states",for women,"['flat lick', 'kentucky', 'united states']",flat lick,kentucky,united states
1334,elizabeth taylor,diamonds and rubies by elizabeth taylor 3.3 oz / 3.4 oz edt new in box,oil,15.8,US $15.80/ea,72.0,"72 available / 2,499 sold",2499.0,"May 24, 2024 10:35:06 PDT","dallas, texas, united states",for women,"['dallas', 'texas', 'united states']",dallas,texas,united states
1335,philosophy,philosophy summer grace 4oz eau de toilette spray pre-coty,oil,15.0,US $15.00,5.0,5 available / 5 sold,5.0,"May 23, 2024 07:09:50 PDT","warminster, pennsylvania, united states",for women,"['warminster', 'pennsylvania', 'united states']",warminster,pennsylvania,united states
1336,elizabeth taylor,gardenia by elizabeth taylor perfume for women edp 3.4 oz brand new in box,eau de parfum,17.52,US $17.52/ea,10.0,"more than 10 available / 1,692 sold",1692.0,"May 24, 2024 10:35:02 PDT","hackensack, new jersey, united states",for women,"['hackensack', 'new jersey', 'united states']",hackensack,new jersey,united states
1337,ariana grande,ariana grande cloud pink eau de parfum 3.4 oz 100 ml brand new & sealed box,eau de parfum,38.99,US $38.99/ea,8.0,8 available / 108 sold,108.0,"May 22, 2024 23:15:21 PDT","warren, michigan, united states",for women,"['warren', 'michigan', 'united states']",warren,michigan,united states
1338,oscar de la renta,so de la renta oscar 3.3 / 3.4 oz edt for women new in box,oil,19.83,US $19.83/ea,22.0,"22 available / 1,652 sold",1652.0,"May 24, 2024 10:55:07 PDT","dallas, texas, united states",for women,"['dallas', 'texas', 'united states']",dallas,texas,united states
1339,victoria's secret,victorias secret tease sugar fleur rollerball eau de parfum  .23oz/7ml no box,eau de parfum,17.49,US $17.49/ea,17.0,17 available / 292 sold,292.0,"May 06, 2024 06:19:46 PDT","bethpage, new york, united states",for women,"['bethpage', 'new york', 'united states']",bethpage,new york,united states
1340,elizabeth & james,elizabeth and james nirvana amethyst eau de parfum spray for women 1.7 oz / 50ml,eau de parfum,19.12,US $19.12/ea,3.0,3 available / 42 sold,42.0,"May 23, 2024 20:18:14 PDT","linden, new jersey, united states",for women,"['linden', 'new jersey', 'united states']",linden,new jersey,united states
1341,armaf,"armaf club de nuit eau de parfum spray, perfume for women, 3.6 oz",eau de parfum,30.9,US $30.90,3.0,3 available / 607 sold,607.0,"May 23, 2024 21:59:33 PDT","edison, new jersey, united states",for women,"['edison', 'new jersey', 'united states']",edison,new jersey,united states
1342,le labo,"le labo another 13 eau de parfum edp sample vial .025oz, .75ml new in pouch",eau de parfum,13.89,US $13.89,5.0,5 available / 52 sold,52.0,"May 24, 2024 00:31:53 PDT","phillipsburg, new jersey, united states",for women,"['phillipsburg', 'new jersey', 'united states']",phillipsburg,new jersey,united states
1343,avon,avon haiku reflection eau de parfum spray brand new fresh 1.7 fl oz ea,eau de parfum,12.74,US $12.74,10.0,more than 10 available / 13 sold,13.0,"May 21, 2024 16:39:55 PDT","orlando, united states",for women,"['orlando', 'united states']",orlando,,united states
1344,flower,12 piece woman’s perfume lot: assorted scents in 3.4 oz bottles,eau de perfume,48.0,US $48.00,4.0,4 available / 1 sold,1.0,,"webster, florida, united states",for women,"['webster', 'florida', 'united states']",webster,florida,united states
1345,calvin klein,escape by calvin klein edp perfume for women 3.4 oz new in box,eau de parfum,26.66,US $26.66/ea,2.0,"limited quantity available / 17,854 sold",17854.0,"May 24, 2024 07:32:39 PDT","hackensack, new jersey, united states",for women,"['hackensack', 'new jersey', 'united states']",hackensack,new jersey,united states
1346,oscar de la renta,oscar by oscar de la renta edt perfume for women 3.3 / 3.4 oz new in box,oil,33.34,US $33.34/ea,8.0,"8 available / 3,466 sold",3466.0,"May 23, 2024 10:04:49 PDT","hackensack, new jersey, united states",for women,"['hackensack', 'new jersey', 'united states']",hackensack,new jersey,united states
1347,tom ford,tom ford  electric cherry eau de parfum edp sample spray 2ml nib,eau de parfum,12.0,US $12.00/ea,4.0,4 available / 6 sold,6.0,,"phoenix, arizona, united states",for women,"['phoenix', 'arizona', 'united states']",phoenix,arizona,united states
1348,calvin klein,ck in2u her calvin klein perfume edt 3.4 oz 3.3 new tester,oil,17.57,US $17.57/ea,62.0,62 available / 83 sold,83.0,"May 24, 2024 07:38:15 PDT","dallas, texas, united states",for women,"['dallas', 'texas', 'united states']",dallas,texas,united states
1349,elizabeth arden,white tea by elizabeth arden 3.3 / 3.4 oz edt perfume for women tester,oil,20.0,US $20.00,15.0,15 available / 25 sold,25.0,,"kansas city, missouri, united states",for women,"['kansas city', 'missouri', 'united states']",kansas city,missouri,united states
1350,lanvin,arpege by lanvin 3.3 / 3.4 oz edp perfume for women new in box,eau de parfum,19.99,US $19.99/ea,3.0,3 available / 3 sold,3.0,"May 21, 2024 14:27:59 PDT","miami, florida, united states",for women,"['miami', 'florida', 'united states']",miami,florida,united states
1351,valentino,donna born in roma yellow dream by valentino for her edp 3.3 / 3.4 oz new in box,eau de parfum,55.99,US $55.99/ea,10.0,more than 10 available / 131 sold,131.0,"May 02, 2024 17:32:51 PDT","new york,usa, taiwan",for women,"['new york', 'usa', 'taiwan']",new york,usa,taiwan
1352,yves saint laurent,yves saint laurent black opium eau de parfum 3 oz/ 90 ml for women,eau de parfum,38.68,US $38.68/ea,10.0,more than 10 available / 14 sold,14.0,"May 22, 2024 18:49:31 PDT","sacramento, california, united states",for women,"['sacramento', 'california', 'united states']",sacramento,california,united states
1353,perfume,cabotine gold by parfums gres for women edt 3.3 / 3.4 oz new in box,oil,14.45,US $14.45/ea,9.0,9 available / 349 sold,349.0,"May 24, 2024 07:57:09 PDT","dallas, texas, united states",for women,"['dallas', 'texas', 'united states']",dallas,texas,united states
1354,katy perry,indivisible by katy perry perfume for women edp 3.3 / 3.4 oz new in box,eau de parfum,15.88,US $15.88,1.0,last one / 103 sold,103.0,"May 23, 2024 17:39:08 PDT","dallas, texas, united states",for women,"['dallas', 'texas', 'united states']",dallas,texas,united states
1355,clinique,aromatics elixir by clinique 3.4 oz perfume spray for women new in box,eau de parfum,32.13,US $32.13/ea,2.0,"limited quantity available / 3,215 sold",3215.0,"May 23, 2024 11:15:02 PDT","hackensack, new jersey, united states",for women,"['hackensack', 'new jersey', 'united states']",hackensack,new jersey,united states
1356,vicki tiel,sirene by vicky tiel 3.3 / 3.4 oz edp for women new in box,eau de parfum,18.99,US $18.99/ea,21.0,"21 available / 1,396 sold",1396.0,"May 24, 2024 07:57:06 PDT","dallas, texas, united states",for women,"['dallas', 'texas', 'united states']",dallas,texas,united states
1357,moschino,moschino toy 2 for women mini perfume 0.17 oz 5 ml eau de parfum splash new,eau de parfum,9.95,US $9.95/ea,4.0,4 available / 135 sold,135.0,"May 18, 2024 14:13:41 PDT","tx, united states",for women,"['tx', 'united states']",tx,,united states
1358,dolce & gabbana,10 dolce & gabbana light blue women .02 oz edt spray boxed mini/travel  vial new,oil,20.0,US $20.00,30.0,3 lots available (10 items per lot) / 26 sold,26.0,"May 13, 2024 10:25:17 PDT","california, united states",for women,"['california', 'united states']",california,,united states
1359,vera wang,vera wang perfume 3.3 / 3.4 oz edp for women spray new in box,eau de parfum,25.25,US $25.25/ea,71.0,"71 available / 15,897 sold",15897.0,"May 17, 2024 07:46:20 PDT","dallas, texas, united states",for women,"['dallas', 'texas', 'united states']",dallas,texas,united states
1360,alfred sung,sung perfume by alfred sung for women 3.3 / 3.4 oz edt new in box,oil,22.25,US $22.25/ea,51.0,"51 available / 2,048 sold",2048.0,"May 24, 2024 09:51:06 PDT","dallas, texas, united states",for women,"['dallas', 'texas', 'united states']",dallas,texas,united states
1361,dior,dior miss dior 0.17 fl oz women's eau de parfum,eau de parfum,21.99,US $21.99/ea,3.0,3 available / 83 sold,83.0,"May 12, 2024 15:53:04 PDT","rockville, maryland, united states",for women,"['rockville', 'maryland', 'united states']",rockville,maryland,united states
1362,versace,versace pour femme dylan purple 3.4 oz edp perfume for women new in box,eau de parfum,63.99,US $63.99,2.0,limited quantity available / 152 sold,152.0,"May 24, 2024 09:36:56 PDT","hackensack, new jersey, united states",for women,"['hackensack', 'new jersey', 'united states']",hackensack,new jersey,united states
1363,lancôme,black opium by yves saint laurent 3.0 oz edp perfume for women,eau de parfum,39.95,US $39.95,10.0,more than 10 available / 60 sold,60.0,"May 14, 2024 20:26:45 PDT","houston, texas, united states",for women,"['houston', 'texas', 'united states']",houston,texas,united states
1364,as shown,j'adore eau de parfum edp 3.4oz/100ml spray for women authentic boxed sealed,eau de parfum,49.99,US $49.99,10.0,10 available / 4 sold,4.0,"May 16, 2024 19:32:44 PDT","new york,united states, hong kong",for women,"['new york', 'united states', 'hong kong']",new york,united states,china
1365,unbranded,yara by lattafa perfumes | eau de parfum - 100ml (3.4 fl oz) | - women.,eau de parfum,15.77,US $15.77/ea,300.0,300 available / 67 sold,67.0,"May 24, 2024 09:28:26 PDT","shanghai, china",for women,"['shanghai', 'china']",shanghai,,china
1366,givenchy,ange ou demon le secret by givenchy edp for women 3.3 oz / 100 ml *new*,eau de parfum,41.99,US $41.99,10.0,more than 10 available / 166 sold,166.0,"May 08, 2024 11:08:31 PDT","miami, florida, united states",for women,"['miami', 'florida', 'united states']",miami,florida,united states
1367,jo malone,"jo malone london cologne spray ,travel size 9ml/0.3oz **choose your scent** new",cologne,17.0,US $17.00,5.0,5 available / 968 sold,968.0,"May 21, 2024 08:49:14 PDT","camarillo, california, united states",for women,"['camarillo', 'california', 'united states']",camarillo,california,united states
1368,jessica mcclintock,jessica mcclintock perfume 1.7 oz edp for women new in box,eau de parfum,18.99,US $18.99/ea,73.0,73 available / 886 sold,886.0,"May 22, 2024 22:59:15 PDT","dallas, texas, united states",for women,"['dallas', 'texas', 'united states']",dallas,texas,united states
1369,victoria's secret,victoria's secret tease perfume for women eau de parfum 3.4 oz 100ml new in box,eau de parfum,30.99,US $30.99/ea,10.0,more than 10 available / 91 sold,91.0,"May 24, 2024 09:52:50 PDT","flat lick, kentucky, united states",for women,"['flat lick', 'kentucky', 'united states']",flat lick,kentucky,united states
1370,yves saint laurent,libre by yves saint laurent eau de parfum spray 3 fl oz for women new in box,eau de parfum,49.99,US $49.99/ea,5.0,5 available / 25 sold,25.0,"May 17, 2024 10:03:27 PDT","pomona,california, hong kong",for women,"['pomona', 'california', 'hong kong']",pomona,california,china
1371,fragrance,good girl by carolina herrera 2.7 fl oz spray eau de parfum women's tester,spray,44.99,US $44.99/ea,10.0,more than 10 available / 2 sold,2.0,"May 07, 2024 14:36:26 PDT","27704, united states",for women,"['27704', 'united states']",27704,,united states
1372,carolina herrera,carolina herrera very good girl 2.7 oz edp bold red fruity perfume sealed,eau de parfum,55.99,US $55.99/ea,5.0,5 available / 80 sold,80.0,"May 14, 2024 07:22:22 PDT","novi, michigan, united states",for women,"['novi', 'michigan', 'united states']",novi,michigan,united states
1373,givenchy,l'interdit by givenchy eau de toilette for women 2.6 oz / 80 ml *new*,oil,41.99,US $41.99,10.0,more than 10 available / 39 sold,39.0,"May 08, 2024 10:37:27 PDT","miami, florida, united states",for women,"['miami', 'florida', 'united states']",miami,florida,united states
1374,paris hilton,paris hilton perfume 3.4 oz 100ml eau de parfum spray for women new in box,eau de parfum,24.5,US $24.50,10.0,more than 10 available / 20 sold,20.0,"May 21, 2024 07:48:29 PDT","centralia, washington, united states",for women,"['centralia', 'washington', 'united states']",centralia,washington,united states
1375,philosophy,philosophy pure grace eau de parfum edp spray for women  2 oz new sealed box,eau de parfum,38.99,US $38.99/ea,10.0,more than 10 available / 103 sold,103.0,"Feb 21, 2024 14:24:27 PST","brooklyn, new york, united states",for women,"['brooklyn', 'new york', 'united states']",brooklyn,new york,united states
1376,gucci,gucci bloom for her eau de parfum 0.16 fl oz 5 ml mini edp travel splash nwob,eau de parfum,12.49,US $12.49/ea,10.0,more than 10 available / 28 sold,28.0,"Apr 20, 2024 08:14:53 PDT","potomac, maryland, united states",for women,"['potomac', 'maryland', 'united states']",potomac,maryland,united states
1377,kate spade,in full bloom blush by kate spade for women - 3.4 oz edp spray (tester),does not apply,14.4,US $14.40,5.0,5 available / 73 sold,73.0,"May 22, 2024 21:21:54 PDT","old bethpage, new york, united states",for women,"['old bethpage', 'new york', 'united states']",old bethpage,new york,united states
1378,gucci,gucci bloom eau de parfum 3.4 oz /100ml for women,eau de parfum,69.99,US $69.99,8.0,8 available / 53 sold,53.0,"May 21, 2024 18:29:58 PDT","los angeles,california, united states",for women,"['los angeles', 'california', 'united states']",los angeles,california,united states
1379,narciso rodriguez,narciso rodriguez for her 3.3oz 100 ml eau de parfum brand new sealed in box,eau de parfum,44.99,US $44.99/ea,8.0,8 available / 21 sold,21.0,"May 23, 2024 10:43:58 PDT","warren, michigan, united states",for women,"['warren', 'michigan', 'united states']",warren,michigan,united states
1380,narciso rodriguez,narciso rodriguez narciso poudree 90ml/3.0 fl oz regular size new with box,eau de parfum,63.0,US $63.00,1.0,last one / 4 sold,4.0,"May 22, 2024 03:16:30 PDT","liberty, texas, united states",for women,"['liberty', 'texas', 'united states']",liberty,texas,united states
1381,victoria's secret,victoria's secret very sexy women's edp 3.4 oz 100 ml spray new sealed,eau de parfum,30.99,US $30.99/ea,6.0,6 available / 130 sold,130.0,"May 14, 2024 10:12:33 PDT","detroit, michigan, united states",for women,"['detroit', 'michigan', 'united states']",detroit,michigan,united states
1382,spiritual sky,(2-pack) patchouly musk scented oil - spiritual sky - 1/4 ounce bottle,oil,12.99,US $12.99/ea,10.0,more than 10 available / 49 sold,49.0,"May 24, 2024 04:28:37 PDT","miami, florida, united states",for women,"['miami', 'florida', 'united states']",miami,florida,united states
1383,al hambra,reyna pour femme edp  spray 100ml (3.4 fl.oz)  newest launch sale,eau de parfum,25.99,US $25.99,10.0,more than 10 available / 12 sold,12.0,"May 19, 2024 15:47:40 PDT","windsor mill, maryland, united states",for women,"['windsor mill', 'maryland', 'united states']",windsor mill,maryland,united states
1384,as shown,woman edt spray perfume 3.4oz new,oil,23.99,US $23.99,10.0,10 available / 4 sold,4.0,"May 24, 2024 00:58:26 PDT","ca, china",for women,"['ca', 'china']",ca,,china
1385,tom ford,"tom ford soleil neige sheer body oil, full size 1.5oz/45ml , new & sealed",shimmer,25.0,US $25.00,5.0,5 available / 79 sold,79.0,"May 21, 2024 09:19:12 PDT","camarillo, california, united states",for women,"['camarillo', 'california', 'united states']",camarillo,california,united states
1386,giorgio beverly hills,red by giorgio beverly hills women edt spray perfume 3.0 oz new,oil,15.42,US $15.42/ea,114.0,"114 available / 7,773 sold",7773.0,"May 20, 2024 11:01:02 PDT","dallas, texas, united states",for women,"['dallas', 'texas', 'united states']",dallas,texas,united states
1387,lattafa,yara tous by lattafa 3.4 oz edp perfume women new in box,eau de parfum,28.89,US $28.89/ea,10.0,more than 10 available / 45 sold,45.0,"May 17, 2024 19:40:39 PDT","dallas, texas, united states",for women,"['dallas', 'texas', 'united states']",dallas,texas,united states
1388,ariana grande,cloud by ariana grande 3.4 oz 100/ml edp perfume for women new in box sealed,eau de parfum,33.59,US $33.59/ea,9.0,9 available / 559 sold,559.0,"May 23, 2024 20:56:31 PDT","arlington, virginia, united states",for women,"['arlington', 'virginia', 'united states']",arlington,virginia,united states
1389,fragrance,gucci bloom edp 3.3 oz 3.4 oz | women's perfume spray,spray,64.99,US $64.99,1.0,last one / 5 sold,5.0,"May 17, 2024 04:00:12 PDT","27704, united states",for women,"['27704', 'united states']",27704,,united states
1390,victoria's secret,victoria's secret sol body fragrance mist 250ml/8.4 fl oz,fragrance mist,11.88,US $11.88,10.0,more than 10 available / 47 sold,47.0,"May 17, 2024 19:14:38 PDT","columbus, georgia, united states",for women,"['columbus', 'georgia', 'united states']",columbus,georgia,united states
1391,lancôme,lancome tresor edp 3.4 oz timeless women's perfume spray new in box,eau de parfum,43.99,US $43.99/ea,6.0,6 available / 52 sold,52.0,"May 24, 2024 08:49:27 PDT","detroit, michigan, united states",for women,"['detroit', 'michigan', 'united states']",detroit,michigan,united states
1392,perry ellis,360 by perry ellis perfume 3.3 / 3.4 oz spray for women edt new in box,oil,25.66,US $25.66/ea,33.0,"33 available / 6,077 sold",6077.0,"May 24, 2024 09:20:07 PDT","dallas, texas, united states",for women,"['dallas', 'texas', 'united states']",dallas,texas,united states
1393,as shown,addict by christian edp fragrances for women 3.4 oz / 100 ml new in sealed box,eau de parfum,59.99,US $59.99,10.0,more than 10 available / 20 sold,20.0,"May 24, 2024 00:31:53 PDT","new york, united states, hong kong",for women,"['new york', 'united states', 'hong kong']",new york,united states,china
1394,lancôme,miracle by lancome edp for women 3.4 oz / 100 ml *new in sealed box*,eau de parfum,52.99,US $52.99,10.0,more than 10 available / 287 sold,287.0,"May 08, 2024 11:20:46 PDT","miami, florida, united states",for women,"['miami', 'florida', 'united states']",miami,florida,united states
1395,carolina herrera,good girl blush by carolina herrera 2.7 oz. edp spray for women. new. no box,eau de parfum,89.99,US $89.99/ea,10.0,10 available / 107 sold,107.0,"May 23, 2024 20:32:26 PDT","katy, texas, united states",for women,"['katy', 'texas', 'united states']",katy,texas,united states
1396,j. del pozo,jesus del pozo halloween perfume for women 3.4 oz 3.3 spray new in box sealed,oil,26.35,US $26.35/ea,127.0,127 available / 984 sold,984.0,"May 24, 2024 09:11:08 PDT","dallas, texas, united states",for women,"['dallas', 'texas', 'united states']",dallas,texas,united states
1397,jo malone,jo malone nectarine blossom & honey cologne women's eau de  - 3.4 fl oz/100ml,cologne,79.99,US $79.99,5.0,5 available / 5 sold,5.0,"Apr 30, 2024 01:12:46 PDT","las vegas, nevada, united states",for women,"['las vegas', 'nevada', 'united states']",las vegas,nevada,united states
1398,chanel,chanel chance eau tendre edp eau de parfume spray 3.4 oz 100 ml (sealed box),eau de parfum,118.99,US $118.99,6.0,6 available / 36 sold,36.0,"May 21, 2024 01:46:26 PDT","glendale, california, united states",for women,"['glendale', 'california', 'united states']",glendale,california,united states
1399,fragrance,gucci bloom edp 3.3 oz 3.4 oz | women's perfume spray,spray,64.99,US $64.99,1.0,last one / 5 sold,5.0,"May 13, 2024 04:44:57 PDT","89101, united states",for women,"['89101', 'united states']",89101,,united states
1400,afnan,mystique bouquet by afnan eau de parfum spray for woman 2.7oz new sealed box,eau de parfum,41.5,US $41.50/ea,4.0,4 available / 17 sold,17.0,"May 17, 2024 09:05:48 PDT","dallas, texas, united states",for women,"['dallas', 'texas', 'united states']",dallas,texas,united states
1401,lancôme,lancome la vie est belle eau de parfum edp perfume 4ml splash mini bottle nwob,eau de parfum,7.95,US $7.95/ea,10.0,more than 10 available / 162 sold,162.0,"May 22, 2024 22:50:14 PDT","newark, delaware, united states",for women,"['newark', 'delaware', 'united states']",newark,delaware,united states
1402,true religion,true religion perfume for women 3.4 oz 100 ml edp new in box,eau de parfum,24.98,US $24.98/ea,234.0,234 available / 888 sold,888.0,"May 24, 2024 08:18:09 PDT","dallas, texas, united states",for women,"['dallas', 'texas', 'united states']",dallas,texas,united states
1403,thierry mugler,alien by thierry mugler perfume for women edp 2 / 2.0 oz new in box,eau de perfume,64.54,US $64.54/ea,29.0,29 available / 68 sold,68.0,"May 22, 2024 10:12:21 PDT","dallas, texas, united states",for women,"['dallas', 'texas', 'united states']",dallas,texas,united states
1404,lattafa,lattafa ladies haya edp 3.4 oz fragrances 6291108738504,fragrances,34.77,US $34.77,3.0,3 available / 9 sold,9.0,"May 23, 2024 08:44:45 PDT","brooklyn, new york, united states",for women,"['brooklyn', 'new york', 'united states']",brooklyn,new york,united states
1405,yves saint laurent,yves saint laurent women's opium 1.6 oz  eau de toilette spray brand new sealed,oil,29.99,US $29.99/ea,10.0,more than 10 available / 21 sold,21.0,"May 23, 2024 11:26:56 PDT","fort wayne, indiana, united states",for women,"['fort wayne', 'indiana', 'united states']",fort wayne,indiana,united states
1406,ariana grande,ariana grande cloud pink perfume 3.4oz edp ethereal bliss brand new,eau de parfum,29.99,US $29.99/ea,9.0,9 available / 14 sold,14.0,"May 20, 2024 08:51:25 PDT","detroit, michigan, united states",for women,"['detroit', 'michigan', 'united states']",detroit,michigan,united states
1407,viktor & rolf,viktor & rolf flowerbomb edp 3.4oz | explosive floral perfume | sealed,eau de perfume,52.99,US $52.99/ea,6.0,6 available / 30 sold,30.0,"May 24, 2024 08:50:56 PDT","dearborn heights, michigan, united states",for women,"['dearborn heights', 'michigan', 'united states']",dearborn heights,michigan,united states
1408,lanvin,eclat d'arpege by lanvin 3.3 / 3.4 oz edp perfume for women new tester,eau de perfume,24.79,US $24.79/ea,70.0,70 available / 757 sold,757.0,"May 24, 2024 07:54:09 PDT","dallas, texas, united states",for women,"['dallas', 'texas', 'united states']",dallas,texas,united states
1409,michael kors,michael kors edp 3.4 oz eau de parfum spray women new in box sealed,eau de parfum,269.0,US $269.00,1.0,last one / 59 sold,59.0,"May 22, 2024 06:19:03 PDT","niagara falls, new york, united states",for women,"['niagara falls', 'new york', 'united states']",niagara falls,new york,united states
1410,taylor swift,taylor swift wonderstruck enchanted 0.05 oz eau de parfum spray sample vial,eau de parfum,5.5,US $5.50/ea,10.0,more than 10 available / 540 sold,540.0,"May 17, 2024 06:52:53 PDT","hamptonville, north carolina, united states",for women,"['hamptonville', 'north carolina', 'united states']",hamptonville,north carolina,united states
1411,hermès,jour d'hermes by hermes edp for women 2.87 oz / 85 ml *new in sealed box*,eau de parfum,64.99,US $64.99,10.0,more than 10 available / 123 sold,123.0,"Feb 08, 2024 12:24:00 PST","miami, florida, united states",for women,"['miami', 'florida', 'united states']",miami,florida,united states
1412,gucci,gucci bloom perfumed body lotion 3.3  fl.oz / 100 ml,lotion,29.99,US $29.99,6.0,6 available / 5 sold,5.0,,"rowlett, texas, united states",for women,"['rowlett', 'texas', 'united states']",rowlett,texas,united states
1413,paco rabanne,lady million paco rabanne for women perfume edp 2.7 oz new tester,eau de parfum,50.73,US $50.73/ea,105.0,"105 available / 1,905 sold",1905.0,"May 15, 2024 16:35:07 PDT","dallas, texas, united states",for women,"['dallas', 'texas', 'united states']",dallas,texas,united states
1414,elizabeth arden,white tea by elizabeth arden 3.3 / 3.4 oz edt perfume for women new in box,oil,26.33,US $26.33/ea,10.0,"more than 10 available / 2,250 sold",2250.0,"May 24, 2024 09:17:36 PDT","hackensack, new jersey, united states",for women,"['hackensack', 'new jersey', 'united states']",hackensack,new jersey,united states
1415,versace,versace crystal noir by gianni versace for women edt 3.0 oz new in box,oil,46.44,US $46.44/ea,2.0,"limited quantity available / 2,838 sold",2838.0,"May 23, 2024 10:43:42 PDT","dallas, texas, united states",for women,"['dallas', 'texas', 'united states']",dallas,texas,united states
1416,ralph lauren,ralph by ralph lauren 3.4 oz edt perfume for women tstr,oil,43.98,US $43.98,7.0,7 available / 12 sold,12.0,,"bellaire, texas, united states",for women,"['bellaire', 'texas', 'united states']",bellaire,texas,united states
1417,kenneth cole,reaction for her by kenneth cole 3.3 / 3.4 oz edp perfume for women new in box,eau de parfum,23.97,US $23.97/ea,117.0,117 available / 920 sold,920.0,"May 23, 2024 13:30:08 PDT","dallas, texas, united states",for women,"['dallas', 'texas', 'united states']",dallas,texas,united states
1418,ouai,ouai hair & body mist in st. barts 3.3oz / 97ml full size new release '24,fragrance mist,44.95,US $44.95/ea,2.0,2 available / 4 sold,4.0,"May 23, 2024 19:16:52 PDT","atlantic beach, florida, united states",for women,"['atlantic beach', 'florida', 'united states']",atlantic beach,florida,united states
1419,dolce & gabbana,dolce & gabbana light blue for women 3.3 oz / 3.4 oz refreshing edt new,oil,32.49,US $32.49/ea,6.0,6 available / 88 sold,88.0,"May 23, 2024 09:40:31 PDT","macomb, michigan, united states",for women,"['macomb', 'michigan', 'united states']",macomb,michigan,united states
1420,lancôme,lot 3 x lancome perfume la vie est belle eau de parfum edp travel size 4ml =12ml,eau de parfum,14.99,US $14.99,10.0,more than 10 available / 256 sold,256.0,"May 22, 2024 22:50:00 PDT","newark, delaware, united states",for women,"['newark', 'delaware', 'united states']",newark,delaware,united states
1421,escada,sorbetto rosso by escada for women edt 3.3 / 3.4 oz new in box,oil,29.26,US $29.26/ea,23.0,23 available / 392 sold,392.0,"May 24, 2024 10:19:09 PDT","dallas, texas, united states",for women,"['dallas', 'texas', 'united states']",dallas,texas,united states
1422,thierry mugler,angel by thierry mugler star refillable edp for women 0.8oz / 25ml *new in box*,eau de perfume,36.99,US $36.99,10.0,more than 10 available / 70 sold,70.0,"May 20, 2024 05:20:33 PDT","miami, florida, united states",for women,"['miami', 'florida', 'united states']",miami,florida,united states
1423,armaf,tag - her by armaf perfume edp 3.3 / 3.4 oz new in box,eau de perfume,19.1,US $19.10/ea,44.0,44 available / 373 sold,373.0,"May 16, 2024 00:34:58 PDT","dallas, texas, united states",for women,"['dallas', 'texas', 'united states']",dallas,texas,united states
1424,j. del pozo,halloween by jesus del pozo for women edt 3.3 /3.4 oz new tester,oil,19.39,US $19.39/ea,33.0,33 available / 651 sold,651.0,"May 24, 2024 08:31:11 PDT","dallas, texas, united states",for women,"['dallas', 'texas', 'united states']",dallas,texas,united states
1425,gucci,gucci bamboo eau de parfum spray 2.5 fl oz new factory sealed,eau de parfum,31.0,US $31.00/ea,3.0,3 available / 112 sold,112.0,"May 20, 2024 04:43:37 PDT","bethpage, new york, united states",for women,"['bethpage', 'new york', 'united states']",bethpage,new york,united states
1426,elizabeth arden,5th avenue by elizabeth arden 4.2 oz edp for women new in box sealed,eau de parfum,23.42,US $23.42/ea,110.0,110 available / 536 sold,536.0,"May 22, 2024 23:11:31 PDT","dallas, texas, united states",for women,"['dallas', 'texas', 'united states']",dallas,texas,united states
1427,elizabeth arden,sunflowers by elizabeth arden for women edt 3.3 / 3.4 oz new in box,oil,15.31,US $15.31/ea,331.0,"331 available / 1,927 sold",1927.0,"May 23, 2024 18:06:10 PDT","dallas, texas, united states",for women,"['dallas', 'texas', 'united states']",dallas,texas,united states
1428,as shown,flora gorgeous gardenia by-gucci eau de parfum edp 3.3 oz perfume for women nib,eau de parfum,52.99,US $52.99,8.0,8 available / 8 sold,8.0,"May 20, 2024 18:31:24 PDT","townsend, massachusetts, united states",for women,"['townsend', 'massachusetts', 'united states']",townsend,massachusetts,united states
1429,creed,creed spring flower 2.5 oz / 75 ml eau de parfum spray new in box,eau de parfum,174.99,US $174.99,9.0,9 available / 14 sold,14.0,"May 20, 2024 16:42:57 PDT","oceanside, new york, united states",for women,"['oceanside', 'new york', 'united states']",oceanside,new york,united states
1430,byredo,byredo mojave ghost eau de parfum edp spray 3.4 oz / 100 ml perfume for unisex,eau de parfum,69.99,US $69.99,3.0,3 available / 34 sold,34.0,"May 19, 2024 05:56:43 PDT","california, hong kong",for women,"['california', 'hong kong']",california,,china
1431,kilian,good girl gone bad by kilian 1.7 oz. edp refillable spray women. new sealed box,eau de parfum,99.99,US $99.99,1.0,last one / 20 sold,20.0,"May 17, 2024 04:48:52 PDT","amigo, west virginia, united states",for women,"['amigo', 'west virginia', 'united states']",amigo,west virginia,united states
1432,maison alhambra,delilah perfume edp 3.4 oz by maison alhambra lattafa for women -free shiping,eau de parfum,23.99,US $23.99,10.0,more than 10 available,0.0,,"new york, new york, united states",for women,"['new york', 'new york', 'united states']",new york,new york,united states
1433,acqua di parma,acqua di parma blu mediterraneo mandorlo di sicilia 2.5 oz / 2.5 oz 75 ml,oil,50.0,US $50.00/ea,2.0,2 available / 14 sold,14.0,"May 19, 2024 19:22:03 PDT","los angeles,california, united states",for women,"['los angeles', 'california', 'united states']",los angeles,california,united states
1434,dana,tabu by dana 2.3 oz/68 ml eau de cologne spary for women sealed pack new in box,cologne,15.25,US $15.25/ea,10.0,more than 10 available / 104 sold,104.0,"Mar 01, 2024 11:53:15 PST","brooklyn, new york, united states",for women,"['brooklyn', 'new york', 'united states']",brooklyn,new york,united states
1435,lancôme,lancome tresor women eau de parfum 3.4 oz 100 ml new sealed in box,eau de parfum,43.99,US $43.99/ea,10.0,more than 10 available / 40 sold,40.0,"May 17, 2024 10:16:14 PDT","miles city, montana, united states",for women,"['miles city', 'montana', 'united states']",miles city,montana,united states
1436,jimmy choo,jimmy choo illicit flower by jimmy choo perfume edt 3.3 / 3.4 oz new in box,oil,34.43,US $34.43/ea,16.0,16 available / 563 sold,563.0,"May 24, 2024 07:50:09 PDT","dallas, texas, united states",for women,"['dallas', 'texas', 'united states']",dallas,texas,united states
1437,moschino,new in box women's perfume toy 2 by moschino eau de parfum edp spray 3.4oz/100ml,eau de parfum,37.88,US $37.88/ea,8.0,8 available / 8 sold,8.0,"May 22, 2024 21:36:03 PDT","houston, texas, united states",for women,"['houston', 'texas', 'united states']",houston,texas,united states
1438,hermès,un jardin sur le nil by hermes edt for women 1.6 oz / 50 ml *new in sealed box*,oil,49.99,US $49.99,10.0,more than 10 available / 35 sold,35.0,"Feb 08, 2024 10:50:02 PST","miami, florida, united states",for women,"['miami', 'florida', 'united states']",miami,florida,united states
1439,estée lauder,pleasures intense by estee lauder 3.4 oz edp perfume for women new in box,eau de parfum,42.04,US $42.04/ea,413.0,413 available / 413 sold,413.0,"May 24, 2024 01:00:37 PDT","dallas, texas, united states",for women,"['dallas', 'texas', 'united states']",dallas,texas,united states
1440,dolce & gabbana,dolce and gabbana womens light blue fragrance carded sample 1.5ml lot of 5,oil,10.0,US $10.00/ea,10.0,more than 10 available / 110 sold,110.0,"Apr 02, 2024 12:31:20 PDT","layton, utah, united states",for women,"['layton', 'utah', 'united states']",layton,utah,united states
1441,cacharel,noa by cacharel perfume 3.4 oz spray 3.3 edt new 100 ml,oil,27.06,US $27.06/ea,18.0,18 available / 21 sold,21.0,"May 17, 2024 21:58:16 PDT","dallas, texas, united states",for women,"['dallas', 'texas', 'united states']",dallas,texas,united states
1442,burberry,burberry her blossom eau de toilette edt perfume spray for women 100 ml / 3.3 oz,oil,55.99,US $55.99,3.0,3 available / 14 sold,14.0,"May 24, 2024 02:29:05 PDT","toronto,ontario, canada",for women,"['toronto', 'ontario', 'canada']",toronto,ontario,canada
1443,giorgio armani,acqua di gioia by giorgio armani 3.4 oz edp perfume for women new in box,oil,69.98,US $69.98/ea,2.0,"limited quantity available / 2,663 sold",2663.0,"May 24, 2024 11:16:29 PDT","hackensack, new jersey, united states",for women,"['hackensack', 'new jersey', 'united states']",hackensack,new jersey,united states
1444,liz claiborne,bora bora by liz claiborne perfume for women edp 3.4 oz new in box,eau de parfum,17.25,US $17.25/ea,165.0,"165 available / 2,156 sold",2156.0,"May 24, 2024 10:44:07 PDT","dallas, texas, united states",for women,"['dallas', 'texas', 'united states']",dallas,texas,united states
1445,dolce & gabbana,garden by dolce & gabbana for women 1.6oz eau de parfum spray new in box,eau de parfum,29.95,US $29.95,6.0,6 available / 13 sold,13.0,"May 23, 2024 15:19:13 PDT","california, united states",for women,"['california', 'united states']",california,,united states
1446,m·a·c,mac turquatic fragrance  perfume .68oz/20ml - nib - free shipping,eau de perfume,29.99,US $29.99/ea,7.0,7 available / 45 sold,45.0,"May 15, 2024 16:48:12 PDT","farmington, michigan, united states",for women,"['farmington', 'michigan', 'united states']",farmington,michigan,united states
1447,yves saint laurent,libre by yves saint laurent ysl eau de parfum edp perfume 3 oz/90ml for women,eau de parfum,49.99,US $49.99,5.0,5 available / 6 sold,6.0,,"college point, new york, united states",for women,"['college point', 'new york', 'united states']",college point,new york,united states
1448,as shown,new with box for her eau de toilette narciso_rodriguez edt spray 3.3 oz sealed,oil,43.82,US $43.82/ea,5.0,5 available / 20 sold,20.0,"May 15, 2024 03:11:00 PDT","houston, texas, hongkong, china",for women,"['houston', 'texas', 'hongkong', 'china']",houston,,china
1449,dossier,woody peony womans dossier fragrance for ex nihilo's fleur narcotique 90%  full,eau de parfum,38.0,US $38.00,2.0,2 available / 8 sold,8.0,,"saint clair, michigan, united states",for women,"['saint clair', 'michigan', 'united states']",saint clair,michigan,united states
1450,cacharel,anais anais l'original by cacharel 3.4 oz edt perfume for women new in box,oil,29.97,US $29.97/ea,93.0,"93 available / 2,311 sold",2311.0,"May 21, 2024 02:44:04 PDT","dallas, texas, united states",for women,"['dallas', 'texas', 'united states']",dallas,texas,united states
1451,dolce & gabbana,"light blue summer vibes by dolce & gabbana, 3.3 oz edt spray for women",oil,52.39,US $52.39/ea,10.0,more than 10 available / 145 sold,145.0,"May 24, 2024 11:00:49 PDT","edison, new jersey, united states",for women,"['edison', 'new jersey', 'united states']",edison,new jersey,united states
1452,sol de janeiro,"sol de janeiro brazilian crush 68 perfume mist 90ml/3oz, factory sealed, no box",perfume fragrance mist,21.95,US $21.95/ea,9.0,9 available / 85 sold,85.0,"May 05, 2024 20:53:05 PDT","new york, new york, united states",for women,"['new york', 'new york', 'united states']",new york,new york,united states
1453,dana,chantilly for women by dana * big size 3.5 oz (104 ml) edt spray * new & sealed,oil,24.95,US $24.95,7.0,7 available / 171 sold,171.0,"May 24, 2024 00:01:34 PDT","englewood, new jersey, united states",for women,"['englewood', 'new jersey', 'united states']",englewood,new jersey,united states
1454,dossier,dossier fruity almond eau de parfum 1.7 oz fragrance perfume new in box,eau de parfum,18.75,US $18.75,10.0,more than 10 available / 29 sold,29.0,"May 17, 2024 20:15:49 PDT","glendora, california, united states",for women,"['glendora', 'california', 'united states']",glendora,california,united states
1455,robert piguet,fracas by robert piguet eau de parfum 1.7 oz/50ml spray new no box,eau de perfume,72.0,US $72.00/ea,8.0,8 available / 41 sold,41.0,"Apr 06, 2024 09:39:08 PDT","congers, new york, united states",for women,"['congers', 'new york', 'united states']",congers,new york,united states
1456,giorgio armani,my way intense by giorgio armani edp for women 1.7 oz / 50ml *new in box*,eau de parfum,54.99,US $54.99,10.0,more than 10 available / 40 sold,40.0,"Feb 15, 2024 09:02:36 PST","miami, florida, united states",for women,"['miami', 'florida', 'united states']",miami,florida,united states
1457,hollister,hollister wave by hollister 3.4 oz edp perfume for women brand new in box,eau de parfum,18.14,US $18.14/ea,10.0,"more than 10 available / 1,966 sold",1966.0,"May 19, 2024 10:45:03 PDT","hackensack, new jersey, united states",for women,"['hackensack', 'new jersey', 'united states']",hackensack,new jersey,united states
1458,halston,halston cologne spray perfume for women 3.4 oz brand new tester with cap,cologne,14.7,US $14.70,2.0,2 available / 169 sold,169.0,"May 24, 2024 10:19:03 PDT","hackensack, new jersey, united states",for women,"['hackensack', 'new jersey', 'united states']",hackensack,new jersey,united states
1459,lancôme,tresor midnight rose by lancome 2.5 oz. l'eau de parfum spray for women. new box,eau de parfum,44.99,US $44.99,10.0,more than 10 available / 12 sold,12.0,"May 15, 2024 19:11:57 PDT","college point, new york, united states",for women,"['college point', 'new york', 'united states']",college point,new york,united states
1460,burberry,burberry touch by burberry perfume for women edp 3.3 / 3.4 oz new in box,eau de parfum,34.93,US $34.93,1.0,"last one / 1,947 sold",1947.0,"May 24, 2024 06:57:08 PDT","dallas, texas, united states",for women,"['dallas', 'texas', 'united states']",dallas,texas,united states
1461,gloss moderne,gloss moderne clean luxury roll-on perfume oil - universelle - .5oz/15ml,oil,28.9,US $28.90,1.0,last one / 1 sold,1.0,,"citrus heights, california, united states",for women,"['citrus heights', 'california', 'united states']",citrus heights,california,united states
1462,lancôme,"lancome la vie est belle little luxuries set parfum,lotion,gloss,blush $55 value","parfum, lotion, gloss and blush",15.0,US $15.00/ea,10.0,more than 10 available / 7 sold,7.0,,"mcadenville, north carolina, united states",for women,"['mcadenville', 'north carolina', 'united states']",mcadenville,north carolina,united states
1463,as shown,carmina by creed edp 75ml 2.5 oz spray for women gifts new in sealed box,y,128.88,US $128.88,10.0,10 available / 21 sold,21.0,"May 24, 2024 00:32:16 PDT","new jersey, united states, hong kong",for women,"['new jersey', 'united states', 'hong kong']",new jersey,united states,china
1464,versace,mini versace crystal noir by versace 0.17 oz edt perfume for women new in box,oil,9.94,US $9.94/ea,10.0,"more than 10 available / 4,775 sold",4775.0,"May 18, 2024 11:04:01 PDT","hackensack, new jersey, united states",for women,"['hackensack', 'new jersey', 'united states']",hackensack,new jersey,united states
1465,jimmy choo,jimmy choo by jimmy choo 3.3 / 3.4 oz edp women new in box,eau de parfum,38.89,US $38.89/ea,25.0,"25 available / 1,832 sold",1832.0,"May 16, 2024 21:23:33 PDT","dallas, texas, united states",for women,"['dallas', 'texas', 'united states']",dallas,texas,united states
1466,as shown,blooming bouquet bydior 3.4oz/ 100ml  edt perfume for women spray sealed in box,oil,74.99,US $74.99,1.0,last one / 6 sold,6.0,"May 23, 2024 00:27:12 PDT","staten island, new york, united states",for women,"['staten island', 'new york', 'united states']",staten island,new york,united states
1467,oscar de la renta,volupte by oscar de la renta 3.3 / 3.4 oz edt perfume for women new in box,oil,19.41,US $19.41/ea,15.0,"15 available / 2,436 sold",2436.0,"May 20, 2024 08:35:53 PDT","dallas, texas, united states",for women,"['dallas', 'texas', 'united states']",dallas,texas,united states
1468,versace,"versace by versace, 5 piece variety mini gift set for women new",gift sets,43.15,US $43.15/ea,10.0,more than 10 available / 66 sold,66.0,"May 23, 2024 12:37:45 PDT","edison, new jersey, united states",for women,"['edison', 'new jersey', 'united states']",edison,new jersey,united states
1469,juicy couture,viva la juicy la fleur by juicy couture 5 oz edt perfume women brand new tester,oil,27.98,US $27.98,3.0,3 available / 204 sold,204.0,"May 24, 2024 10:37:14 PDT","hackensack, new jersey, united states",for women,"['hackensack', 'new jersey', 'united states']",hackensack,new jersey,united states
1470,calvin klein,ck one shock for her by calvin klein 6.7/6.8 oz edt perfume for women new in box,oil,26.15,US $26.15/ea,112.0,"112 available / 1,954 sold",1954.0,"May 23, 2024 12:01:33 PDT","dallas, texas, united states",for women,"['dallas', 'texas', 'united states']",dallas,texas,united states
1471,coach,coach poppy women's eau de parfum spray 3.4 oz fragrance new sealed,eau de parfum,26.0,US $26.00,1.0,last one / 2 sold,2.0,"May 22, 2024 09:46:21 PDT","hamtramck, michigan, united states",for women,"['hamtramck', 'michigan', 'united states']",hamtramck,michigan,united states
1472,lancôme,tresor by lancome 3.4 oz / 100 ml l'eau de parfum spray women's new & sealed,eau de parfum,40.99,US $40.99,1.0,last one / 7 sold,7.0,"May 24, 2024 03:25:11 PDT","dunedin, florida, united states",for women,"['dunedin', 'florida', 'united states']",dunedin,florida,united states
1473,justin bieber,the key by justin bieber 3.4 oz / 100 ml edp spy perfume for women femme vintage,eau de parfum,76.5,US $76.50/ea,10.0,more than 10 available / 2 sold,2.0,"May 23, 2024 13:01:38 PDT","lynwood, california, united states",for women,"['lynwood', 'california', 'united states']",lynwood,california,united states
1474,revlon,charlie white by revlon eau de toilette perfume for women 3.4 oz new in box,oil,7.99,US $7.99,8.0,8 available / 131 sold,131.0,"May 21, 2024 10:24:12 PDT","highland park, michigan, united states",for women,"['highland park', 'michigan', 'united states']",highland park,michigan,united states
1475,as shown,j'adore 3.4 oz/100 ml eau de parfum edp women spray gift for her new & sealed,eau de parfum,78.99,US $78.99/ea,10.0,10 available / 7 sold,7.0,"May 22, 2024 05:41:23 PDT","warren, michigan, united states",for women,"['warren', 'michigan', 'united states']",warren,michigan,united states
1476,estée lauder,youth dew by estee lauder for women bath oil 2.0 oz / 60 ml new in box,oil,40.0,US $40.00,10.0,more than 10 available / 10 sold,10.0,,"boiling springs, pennsylvania, united states",for women,"['boiling springs', 'pennsylvania', 'united states']",boiling springs,pennsylvania,united states
1477,robert piguet,rollerball fracas by robert piguet eau de parfum 0.25 oz / 7.5 ml new,eau de parfum,29.95,US $29.95/ea,10.0,more than 10 available / 14 sold,14.0,,"keyport, new jersey, united states",for women,"['keyport', 'new jersey', 'united states']",keyport,new jersey,united states
1478,maison alhambra,tascano leather by maison alhambra for women 2.7 oz brand new in box,eau de parfum,21.69,US $21.69,7.0,7 available / 3 sold,3.0,,"maryville, tennessee, united states",for women,"['maryville', 'tennessee', 'united states']",maryville,tennessee,united states
1479,marc jacobs,daisy by marc jacobs for women edt 3.3 / 3.4 oz new in box,oil,57.63,US $57.63/ea,2.0,limited quantity available / 430 sold,430.0,"May 22, 2024 12:01:39 PDT","dallas, texas, united states",for women,"['dallas', 'texas', 'united states']",dallas,texas,united states
1480,sarah jessica parker,sarah jessica parker ladies lovely edp spray 6.7 oz fragrances 5060426150678,fragrances,27.25,US $27.25,3.0,3 available / 9 sold,9.0,"May 23, 2024 17:56:48 PDT","brooklyn, new york, united states",for women,"['brooklyn', 'new york', 'united states']",brooklyn,new york,united states
1481,jennifer lopez,miami glow by j.lo jennifer lopez edt perfume for women 3.4 oz new in box,oil,23.68,US $23.68/ea,10.0,"more than 10 available / 1,576 sold",1576.0,"May 22, 2024 21:41:05 PDT","hackensack, new jersey, united states",for women,"['hackensack', 'new jersey', 'united states']",hackensack,new jersey,united states
1482,thierry mugler,thierry mugler angel womens edp 3.4 oz iconic luxurious scent new sealed,eau de parfum,49.99,US $49.99/ea,6.0,6 available / 75 sold,75.0,"May 19, 2024 10:18:05 PDT","detroit, michigan, united states",for women,"['detroit', 'michigan', 'united states']",detroit,michigan,united states
1483,lancôme,lancome tresor 3.4 oz edp | classic women's perfume spray | new in box,eau de parfum,42.99,US $42.99/ea,10.0,more than 10 available / 20 sold,20.0,"May 21, 2024 10:57:12 PDT","ecorse, michigan, united states",for women,"['ecorse', 'michigan', 'united states']",ecorse,michigan,united states
1484,robert piguet,fracas de robert piguet  edp spray 3.4oz/100ml new & unbox authentic,eau de parfum,99.0,US $99.00,5.0,5 available / 7 sold,7.0,"May 20, 2024 03:26:06 PDT","congers, new york, united states",for women,"['congers', 'new york', 'united states']",congers,new york,united states
1485,ouai,ouai melrose place eau de parfum 1.5ml new in bag,eau de perfume,7.99,US $7.99,10.0,more than 10 available / 73 sold,73.0,,"hicksville, new york, united states",for women,"['hicksville', 'new york', 'united states']",hicksville,new york,united states
1486,clinique,aromatics elixir by clinique for women. body smoother 6.7-ounces,skin_moisturizer,23.0,US $23.00,1.0,last one / 102 sold,102.0,"May 23, 2024 09:53:48 PDT","edison, new jersey, united states",for women,"['edison', 'new jersey', 'united states']",edison,new jersey,united states
1487,xerjoff,xerjoff casamorati bouquet ideale eau de parfum 3.4 oz spray regular size no box,eau de parfum,99.0,US $99.00,1.0,last one / 11 sold,11.0,"May 17, 2024 08:03:39 PDT","gobles, michigan, united states",for women,"['gobles', 'michigan', 'united states']",gobles,michigan,united states
1488,kate spade,"bloom by kate spade, 3.3 oz edt spray for women",oil,34.36,US $34.36/ea,10.0,more than 10 available / 28 sold,28.0,"May 23, 2024 18:06:09 PDT","edison, new jersey, united states",for women,"['edison', 'new jersey', 'united states']",edison,new jersey,united states
1489,lancôme,idole by lancome eau de parfum edp perfume for women 2.5 oz new in box,eau de parfum,44.98,US $44.98,10.0,more than 10 available / 23 sold,23.0,"May 21, 2024 00:07:46 PDT","houston, texas, united states",for women,"['houston', 'texas', 'united states']",houston,texas,united states
1490,unbranded,100ml marc jacobs daisy by marc jacobs 3.4 oz edt perfume for women new in box,oil,42.88,US $42.88,10.0,more than 10 available / 34 sold,34.0,"May 23, 2024 09:11:02 PDT","college point, new york, united states",for women,"['college point', 'new york', 'united states']",college point,new york,united states
1491,kenzo,kenzo jungle elephant by kenzo edp for women 3.4 oz / 100 ml *new in box*,eau de parfum,38.99,US $38.99,10.0,more than 10 available / 57 sold,57.0,"May 08, 2024 10:46:42 PDT","miami, florida, united states",for women,"['miami', 'florida', 'united states']",miami,florida,united states
1492,dolce & gabbana,dolce & gabbana light blue 3.3 /3.4 oz women’s eau de toilette edt spray new!!,oil,28.6,US $28.60/ea,10.0,10 available / 145 sold,145.0,"May 23, 2024 09:38:33 PDT","hamtramck, michigan, united states",for women,"['hamtramck', 'michigan', 'united states']",hamtramck,michigan,united states
1493,jimmy choo,jimmy choo mini set gift set fragrances 3386460140898,fragrances,45.11,US $45.11,3.0,3 available / 15 sold,15.0,"May 23, 2024 05:10:19 PDT","brooklyn, new york, united states",for women,"['brooklyn', 'new york', 'united states']",brooklyn,new york,united states
1494,gianni versace,versace eros pour femme 3.3 / 3.4 oz edp perfume for women new tester,eau de perfume,50.07,US $50.07/ea,62.0,"62 available / 1,522 sold",1522.0,"May 16, 2024 23:26:08 PDT","dallas, texas, united states",for women,"['dallas', 'texas', 'united states']",dallas,texas,united states
1495,zara,zara hello kitty eau de toilette 1.69 fl oz/50ml perfume fragrance spray,oil,24.99,US $24.99/ea,7.0,7 available / 3 sold,3.0,"May 21, 2024 05:41:29 PDT","nashua, new hampshire, united states",for women,"['nashua', 'new hampshire', 'united states']",nashua,new hampshire,united states
1496,victoria's secret,victoria's secret bombshell sundrenched eau de parfum 3.4 fl oz edp perfume new,eau de parfum,59.99,US $59.99/ea,4.0,4 available,0.0,,"colorado springs, colorado, united states",for women,"['colorado springs', 'colorado', 'united states']",colorado springs,colorado,united states
1497,al wataniah,nadine edp perfume by al wataniah 100 ml:🥇hot new super rich fragrance🥇,eau de parfum,34.95,US $34.95/ea,2.0,2 available / 16 sold,16.0,"Jul 22, 2023 17:43:51 PDT","san diego, california, united states",for women,"['san diego', 'california', 'united states']",san diego,california,united states
1498,ralph lauren,romance by ralph lauren 3.4 oz edp perfume for women new in box,eau de parfum,46.94,US $46.94,10.0,more than 10 available / 32 sold,32.0,"May 21, 2024 07:49:00 PDT","centralia, washington, united states",for women,"['centralia', 'washington', 'united states']",centralia,washington,united states
1499,j lo,live luxe by jlo jennifer lopez 3.3 oz / 3.4 oz perfume new unboxed,eau de perfume,17.99,US $17.99/ea,38.0,38 available / 549 sold,549.0,"May 08, 2024 22:56:12 PDT","dallas, texas, united states",for women,"['dallas', 'texas', 'united states']",dallas,texas,united states
1500,calvin klein,"eternity summer daze by calvin klein, 3.3 oz edp spray for women",eau de parfum,29.0,US $29.00/ea,5.0,5 available / 126 sold,126.0,"May 24, 2024 07:55:35 PDT","edison, new jersey, united states",for women,"['edison', 'new jersey', 'united states']",edison,new jersey,united states
1501,juliette has a gun,2x juliette has a gun not a perfume sample vial 1.7ml/0.057floz each,eau de perfume,11.99,US $11.99/ea,2.0,2 available / 8 sold,8.0,,"frederick, maryland, united states",for women,"['frederick', 'maryland', 'united states']",frederick,maryland,united states
1502,jo malone,jo malone tuberose angelica cologne intense women's eau de 3.4 fl oz/100ml,cologne,86.99,US $86.99,3.0,3 available / 7 sold,7.0,"May 08, 2024 16:32:50 PDT","las vegas, nevada, united states",for women,"['las vegas', 'nevada', 'united states']",las vegas,nevada,united states
1503,yardley london,lily of the valley by yardley london perfume for women edt 4.2 oz new in box,oil,14.45,US $14.45/ea,22.0,22 available / 47 sold,47.0,"May 17, 2024 17:51:46 PDT","branford, connecticut, united states",for women,"['branford', 'connecticut', 'united states']",branford,connecticut,united states
1504,narciso rodriguez,narciso rodriguez for her 3.3 fl. oz. / 100 ml eau de parfum women's fragrances,eau de parfum,50.0,US $50.00,2.0,2 available / 4 sold,4.0,"May 23, 2024 07:21:14 PDT","huntsville, texas, united states",for women,"['huntsville', 'texas', 'united states']",huntsville,texas,united states
1505,pure romance,pure romance- dirty french perfume infused with pheromones- new and sealed!,eau de perfume,50.0,US $50.00,8.0,8 available / 271 sold,271.0,"Apr 08, 2024 18:05:53 PDT","elberton, georgia, united states",for women,"['elberton', 'georgia', 'united states']",elberton,georgia,united states
1506,jo malone,jo malone amber & patchouli cologne intense spray women's eau de 3.4 fl oz/100ml,cologne,86.99,US $86.99,6.0,6 available / 4 sold,4.0,"May 08, 2024 16:32:50 PDT","las vegas, nevada, united states",for women,"['las vegas', 'nevada', 'united states']",las vegas,nevada,united states
1507,guess,guess girl by guess 3.4 oz edt perfume for women new in box,oil,20.67,US $20.67/ea,2.0,"limited quantity available / 5,628 sold",5628.0,"May 21, 2024 07:25:02 PDT","hackensack, new jersey, united states",for women,"['hackensack', 'new jersey', 'united states']",hackensack,new jersey,united states
1508,tous,tous touch by tous for women edt 3.3 / 3.4 oz tester with cap,oil,21.64,US $21.64/ea,31.0,31 available / 337 sold,337.0,"May 24, 2024 08:39:07 PDT","dallas, texas, united states",for women,"['dallas', 'texas', 'united states']",dallas,texas,united states
1509,as shown,j'adore eau de parfum 3.4 oz / 100 ml spray for women new in box,eau de parfum,59.99,US $59.99/ea,10.0,more than 10 available / 8 sold,8.0,"Apr 21, 2024 23:26:21 PDT","hongkong, hong kong",for women,"['hongkong', 'hong kong']",hongkong,,china
1510,coach,coach love 3 oz edp perfume for women new in box,eau de parfum,56.97,US $56.97,10.0,more than 10 available / 254 sold,254.0,"May 24, 2024 08:16:13 PDT","hackensack, new jersey, united states",for women,"['hackensack', 'new jersey', 'united states']",hackensack,new jersey,united states
1511,donna karan,cashmere mist by donna karan 3.4 oz / 100ml women eau de parfum brand new sealed,eau de parfum,29.89,US $29.89/ea,10.0,more than 10 available / 339 sold,339.0,"May 22, 2024 08:57:12 PDT","miles city, montana, united states",for women,"['miles city', 'montana', 'united states']",miles city,montana,united states
1512,perfumer's workshop,tea rose by perfumer's workshop 4.0 / 4 oz edt for women new in box,oil,13.76,US $13.76/ea,86.0,"86 available / 4,492 sold",4492.0,"May 23, 2024 08:44:07 PDT","dallas, texas, united states",for women,"['dallas', 'texas', 'united states']",dallas,texas,united states
1513,as shown,floroa gorgeous gardenia 3.3 oz / 100ml eau de perfume edp for women new in box,eau de parfum,49.99,US $49.99/ea,5.0,5 available / 69 sold,69.0,"May 23, 2024 18:39:24 PDT","new jersey,united stated, hong kong",for women,"['new jersey', 'united stated', 'hong kong']",new jersey,united stated,china
1514,burberry,"burberry goddess eau de parfum edp sample spray .05oz, 1.5ml new in card",eau de parfum,9.89,US $9.89,4.0,4 available / 103 sold,103.0,"May 24, 2024 00:32:58 PDT","phillipsburg, new jersey, united states",for women,"['phillipsburg', 'new jersey', 'united states']",phillipsburg,new jersey,united states
1515,lattafa,yara rollon perfume oil by lattafa 10 ml:🥇hot new oil top tier bestseller🥇,oil,11.99,US $11.99,1.0,last one / 423 sold,423.0,"May 01, 2024 22:06:13 PDT","san diego, california, united states",for women,"['san diego', 'california', 'united states']",san diego,california,united states
1516,boucheron,boucheron by boucheron 3.3 3.4 oz edt perfume for women new in box,oil,24.74,US $24.74/ea,10.0,"more than 10 available / 2,761 sold",2761.0,"May 24, 2024 08:00:03 PDT","hackensack, new jersey, united states",for women,"['hackensack', 'new jersey', 'united states']",hackensack,new jersey,united states
1517,as shown,j'adore eau de parfum  3.4 oz edp spray gift for women new sealed 100 ml,eau de parfum,71.41,US $71.41/ea,5.0,5 available / 27 sold,27.0,"May 20, 2024 07:43:07 PDT","california,united states, hong kong",for women,"['california', 'united states', 'hong kong']",california,united states,china
1518,yves saint laurent,yves saint laurent libre ysl eau de parfum spray 3 fl oz for women new with box,eau de parfum,59.99,US $59.99,4.0,4 available / 26 sold,26.0,"May 15, 2024 01:45:08 PDT","california or hong kong, hong kong",for women,"['california or hong kong', 'hong kong']",california or hong kong,,china
1519,perfume,for j'adore d'eau 3.4 oz eau de parfums edp women spray new in sealed,eau de parfum,80.99,US $80.99,10.0,10 available / 4 sold,4.0,"May 21, 2024 18:00:06 PDT","new york,united states, hong kong",for women,"['new york', 'united states', 'hong kong']",new york,united states,china
1520,cacharel,anais anais l'original by cacharel 3.4 oz edt perfume for women brand new,oil,24.04,US $24.04/ea,2.0,limited quantity available / 221 sold,221.0,"May 22, 2024 10:12:03 PDT","hackensack, new jersey, united states",for women,"['hackensack', 'new jersey', 'united states']",hackensack,new jersey,united states
1521,juicy couture,couture couture by juicy couture perfume for women edp 3.3 / 3.4 oz new in box,eau de parfum,28.68,US $28.68/ea,145.0,"145 available / 2,188 sold",2188.0,"May 18, 2024 21:20:10 PDT","dallas, texas, united states",for women,"['dallas', 'texas', 'united states']",dallas,texas,united states
1522,jo malone,jo malone wood sage & sea salt 1 fl oz no box eau de cologne spray regular size,cologne,34.99,US $34.99,3.0,3 available / 12 sold,12.0,"May 24, 2024 03:51:06 PDT","minneapolis, minnesota, united states",for women,"['minneapolis', 'minnesota', 'united states']",minneapolis,minnesota,united states
1523,versace,versace ladies versace woman edp spray 1.7 oz (tester) fragrances 8018365250277,eau de parfum,15.99,US $15.99,3.0,3 available / 3 sold,3.0,"May 23, 2024 17:56:35 PDT","brooklyn, new york, united states",for women,"['brooklyn', 'new york', 'united states']",brooklyn,new york,united states
1524,burberry,her by burberry elixir de parfum 0.33oz/10ml spray new with box,elixer de parfum,27.99,US $27.99,10.0,more than 10 available / 21 sold,21.0,"May 23, 2024 13:11:51 PDT","long island city, new york, united states",for women,"['long island city', 'new york', 'united states']",long island city,new york,united states
1525,ariana grande,ariana grande cloud pink 3.4oz edp women's perfume new sealed,eau de parfum,29.99,US $29.99/ea,6.0,6 available / 11 sold,11.0,"May 24, 2024 09:47:02 PDT","dearborn heights, michigan, united states",for women,"['dearborn heights', 'michigan', 'united states']",dearborn heights,michigan,united states
1526,christian audigier,ed hardy love & luck by christian audigier 3.3 / 3.4 oz edp for women new in box,eau de parfum,20.25,US $20.25/ea,120.0,"120 available / 2,996 sold",2996.0,"May 22, 2024 23:48:45 PDT","dallas, texas, united states",for women,"['dallas', 'texas', 'united states']",dallas,texas,united states
1527,clinique,"clinique calyx exhilerating fragrance eau de parfum spray 1.7oz 50ml, new in box",eau de parfum,42.0,US $42.00,1.0,last one / 11 sold,11.0,"May 24, 2024 09:48:59 PDT","camarillo, california, united states",for women,"['camarillo', 'california', 'united states']",camarillo,california,united states
1528,sean john,sean john unforgivable women's body mist 8 oz - irresistibly fresh perfume spray,body mist,6.99,US $6.99,1.0,last one / 6 sold,6.0,"May 14, 2024 10:01:30 PDT","lincoln park, michigan, united states",for women,"['lincoln park', 'michigan', 'united states']",lincoln park,michigan,united states
1529,jo malone,jo malone red roses cologne intense spray women's eau de  - 3.4 fl oz/100ml,cologne,79.99,US $79.99,4.0,4 available / 6 sold,6.0,,"las vegas, nevada, united states",for women,"['las vegas', 'nevada', 'united states']",las vegas,nevada,united states
1530,bvlgari,omnia coral by bvlgari omnia coral 2.2 oz edt perfume for women new in box,oil,32.88,US $32.88/ea,7.0,7 available / 36 sold,36.0,"May 19, 2024 18:40:40 PDT","california or hong kong, hong kong",for women,"['california or hong kong', 'hong kong']",california or hong kong,,china
1531,versace,versace pour femme dylan blue 3.4 oz edp perfume for women new in box,eau de parfum,55.73,US $55.73/ea,10.0,10 available / 742 sold,742.0,"May 22, 2024 18:12:32 PDT","hackensack, new jersey, united states",for women,"['hackensack', 'new jersey', 'united states']",hackensack,new jersey,united states
1532,elizabeth arden,5th avenue nyc by elizabeth arden perfume women 4.2 oz edp new in box,eau de perfume,16.82,US $16.82/ea,38.0,38 available / 263 sold,263.0,"May 24, 2024 08:30:08 PDT","dallas, texas, united states",for women,"['dallas', 'texas', 'united states']",dallas,texas,united states
1533,viktor & rolf,viktor & rolf flowerbomb tiger lily edp 0.34oz/10ml. new in box.,eau de parfum,26.99,US $26.99/ea,10.0,more than 10 available / 65 sold,65.0,"May 19, 2024 20:14:26 PDT","princeton, new jersey, united states",for women,"['princeton', 'new jersey', 'united states']",princeton,new jersey,united states
1534,liz claiborne,curve by liz claiborne 3.4 / 3.3 oz edt perfume for women new in can,oil,18.35,US $18.35/ea,67.0,"67 available / 1,926 sold",1926.0,"May 22, 2024 22:59:22 PDT","dallas, texas, united states",for women,"['dallas', 'texas', 'united states']",dallas,texas,united states
1535,jo malone,jo malone perfume sample vials 1.5ml - choose your scent combined shipping,cologne,4.95,US $4.95/ea,10.0,"more than 10 available / 3,954 sold",3954.0,"May 16, 2024 02:57:23 PDT","pearland, texas, united states",for women,"['pearland', 'texas', 'united states']",pearland,texas,united states
1536,taylor swift,wonderstruck enchanted bytaylor swift .17oz/5ml edp splash mini  same as picture,eau de parfum,19.9,US $19.90,1.0,last one / 41 sold,41.0,"Apr 23, 2024 19:45:31 PDT","new york, new york, united states",for women,"['new york', 'new york', 'united states']",new york,new york,united states
1537,adam levine,adam levine by adam levine 3.4 oz edp perfume for women new in box,eau de parfum,9.99,US $9.99/ea,10.0,more than 10 available / 44 sold,44.0,"Apr 29, 2024 12:26:17 PDT","detroit, michigan, united states",for women,"['detroit', 'michigan', 'united states']",detroit,michigan,united states
1538,dolce & gabbana,dolce & gabbana devotion eau de parfum miniature perfume in box  .17 oz mini,eau de parfum,19.95,US $19.95,1.0,last one / 5 sold,5.0,,"chatsworth, california, united states",for women,"['chatsworth', 'california', 'united states']",chatsworth,california,united states
1539,hermès,un jardin sur le toit by hermes 3.3 oz edt spray for women eau de toilette new,oil,49.99,US $49.99/ea,2.0,2 available / 25 sold,25.0,"May 21, 2024 04:13:49 PDT","hongkong, hong kong",for women,"['hongkong', 'hong kong']",hongkong,,china
1540,alfred sung,forever by alfred sung for women perfume 4.2 oz new in box,eau de parfum,16.93,US $16.93/ea,52.0,"52 available / 1,516 sold",1516.0,"May 21, 2024 22:29:07 PDT","dallas, texas, united states",for women,"['dallas', 'texas', 'united states']",dallas,texas,united states
1541,versace,versace dylan turquoise eau de toilette travel spray nib 0.33 oz / 10 ml,oil,19.99,US $19.99/ea,10.0,more than 10 available / 37 sold,37.0,"May 24, 2024 05:14:27 PDT","chantilly, virginia, united states",for women,"['chantilly', 'virginia', 'united states']",chantilly,virginia,united states
1542,dolce & gabbana,dolce & gabbana light blue  3.3 oz / 3.4 oz edt spray for women brand new sealed,oil,29.95,US $29.95/ea,9.0,9 available / 9 sold,9.0,"May 24, 2024 05:54:50 PDT","warren, michigan, united states",for women,"['warren', 'michigan', 'united states']",warren,michigan,united states
1543,dolce & gabbana,dolce & gabbana light blue summer vibes eau de toilette sample spray 1.5ml new,oil,11.95,US $11.95/ea,10.0,more than 10 available / 73 sold,73.0,"May 17, 2024 03:46:05 PDT","pearland, texas, united states",for women,"['pearland', 'texas', 'united states']",pearland,texas,united states
1544,zara,2 zara red temptation spray  they maybe expired strong alcohol smell no returns!,eau de parfum,15.0,US $15.00,5.0,5 available / 10 sold,10.0,"May 16, 2024 04:41:02 PDT","somerset, pennsylvania, united states",for women,"['somerset', 'pennsylvania', 'united states']",somerset,pennsylvania,united states
1545,vera wang,flower princess by vera wang for women edt 3.3 / 3.4 oz new tester,oil,19.54,US $19.54/ea,19.0,19 available / 288 sold,288.0,"May 11, 2024 09:46:06 PDT","dallas, texas, united states",for women,"['dallas', 'texas', 'united states']",dallas,texas,united states
1546,parfums de marly,parfums de marly delina for women 2.5 oz (75ml) edp spray new in box & sealed,eau de parfum,150.0,US $150.00,3.0,3 available / 1 sold,1.0,,"rock rapids, iowa, united states",for women,"['rock rapids', 'iowa', 'united states']",rock rapids,iowa,united states
1547,carolina herrera,good girl by carolina herrera 2.7 oz eau de parfum spray women's new & sealed,eau de parfum,44.49,US $44.49/ea,9.0,9 available / 5 sold,5.0,"May 24, 2024 05:48:45 PDT","warren, michigan, united states",for women,"['warren', 'michigan', 'united states']",warren,michigan,united states
1548,as shown,y*s*l libre 3 oz / 90 ml edp perfume spray for women gift for her new in box,eau de parfum,59.99,US $59.99/ea,5.0,5 available / 30 sold,30.0,"May 18, 2024 21:29:18 PDT","usa,california, hong kong",for women,"['usa', 'california', 'hong kong']",usa,california,china
1549,dolce & gabbana,light blue by dolce & gabbana 3.3 oz women's eau de toilette spray new & sealed,oil,32.49,US $32.49/ea,10.0,more than 10 available / 226 sold,226.0,"May 24, 2024 08:10:07 PDT","detroit, michigan, united states",for women,"['detroit', 'michigan', 'united states']",detroit,michigan,united states
1550,al rehab,choco musk - al-rehab eau de spray perfume (50 ml/1.65 fl. oz)-  pack of 2,eau de perfume,14.9,US $14.90/ea,5.0,5 available / 5 sold,5.0,,"katy, texas, united states",for women,"['katy', 'texas', 'united states']",katy,texas,united states
1551,jean couturier,coriandre by jean couturier for women 30ml-1oz eau de toilette spray (bq22,oil,21.95,US $21.95/ea,5.0,5 available,0.0,,"los angeles, california, united states",for women,"['los angeles', 'california', 'united states']",los angeles,california,united states
1552,victoria's secret,"bombshell by victoria's secret 3.4 oz – eau de parfum spray, fresh & sealed",eau de parfum,33.99,US $33.99/ea,10.0,more than 10 available / 80 sold,80.0,"May 24, 2024 08:35:35 PDT","dearborn, michigan, united states",for women,"['dearborn', 'michigan', 'united states']",dearborn,michigan,united states
1553,estée lauder,beautiful by estee lauder 2.5 oz edp perfume for women new in box,eau de parfum,29.49,US $29.49/ea,10.0,more than 10 available / 458 sold,458.0,"May 24, 2024 06:47:33 PDT","lincoln park, michigan, united states",for women,"['lincoln park', 'michigan', 'united states']",lincoln park,michigan,united states
1554,chopard,casmir by chopard for women - 3.4 oz edp spray,eau de parfum,31.23,US $31.23,50.0,50 available / 101 sold,101.0,"May 20, 2024 13:19:38 PDT","ronkonkoma, new york, united states",for women,"['ronkonkoma', 'new york', 'united states']",ronkonkoma,new york,united states
1555,versace,mini versace eros pour femme 0.17 oz edt perfume for women new in box,oil,8.98,US $8.98,6.0,6 available / 64 sold,64.0,"May 15, 2024 23:04:21 PDT","hackensack, new jersey, united states",for women,"['hackensack', 'new jersey', 'united states']",hackensack,new jersey,united states
1556,versace,versace yellow diamond perfume for women edt 3.0 oz 90 ml new in box,oil,37.99,US $37.99/ea,10.0,more than 10 available / 147 sold,147.0,"May 20, 2024 11:17:49 PDT","flat lick, kentucky, united states",for women,"['flat lick', 'kentucky', 'united states']",flat lick,kentucky,united states
1557,givenchy,givenchy irresistible rose velvet 2.7 oz. eau de parfum spray new in sealed box,eau de parfum,43.99,US $43.99/ea,10.0,more than 10 available / 24 sold,24.0,"May 21, 2024 18:00:57 PDT","new york, new york, taiwan",for women,"['new york', 'new york', 'taiwan']",new york,new york,taiwan
1558,chanel,chance eau de perfume natural spray for women 3.4 oz/ 100 ml,eau de perfume,18.99,US $18.99,1.0,last one / 2 sold,2.0,,"miami, florida, united states",for women,"['miami', 'florida', 'united states']",miami,florida,united states
1559,le labo,le labo santal 33 eau de parfum sample spray vial .05 oz /1.5 ml  new authentic,eau de parfum,14.75,US $14.75,10.0,more than 10 available / 119 sold,119.0,"Apr 26, 2024 15:10:49 PDT","los angeles, california, united states",for women,"['los angeles', 'california', 'united states']",los angeles,california,united states
1560,juicy couture,viva la juicy sucre by juicy couture 3.4 oz edp perfume for women new in box,eau de parfum,59.32,US $59.32,2.0,limited quantity available / 119 sold,119.0,"May 23, 2024 20:23:26 PDT","hackensack, new jersey, united states",for women,"['hackensack', 'new jersey', 'united states']",hackensack,new jersey,united states
1561,creed,creed queen of silk eau de parfum edp 2.5oz / 75ml new 2024,eau de parfum,285.0,US $285.00,8.0,8 available / 5 sold,5.0,"May 16, 2024 12:32:50 PDT","brooklyn, new york, united states",for women,"['brooklyn', 'new york', 'united states']",brooklyn,new york,united states
1562,asst,mother's day sale dg ysl guess kenzo  burberry armani lacoste cacheral moschino+,asst,13.37,US $13.37,92.0,92 available / 7 sold,7.0,,"henderson, nevada, united states",for women,"['henderson', 'nevada', 'united states']",henderson,nevada,united states
1563,versace,versace bright crystal 3.0 fl oz/90ml eau de toilette spray for women new in box,oil,38.49,US $38.49/ea,10.0,more than 10 available / 81 sold,81.0,"May 11, 2024 10:02:14 PDT","detroit, michigan, united states",for women,"['detroit', 'michigan', 'united states']",detroit,michigan,united states
1564,calvin klein,ck beauty by calvin klein 3.3 / 3.4 oz edp perfume for women new in box,eau de parfum,25.98,US $25.98/ea,10.0,"more than 10 available / 5,255 sold",5255.0,"May 23, 2024 17:00:31 PDT","hackensack, new jersey, united states",for women,"['hackensack', 'new jersey', 'united states']",hackensack,new jersey,united states
1565,al-rehab,soft - al-rehab eau de natural perfume spray - 35 ml (1.15 fl. oz),beauty,9.25,US $9.25,10.0,more than 10 available / 30 sold,30.0,"Apr 23, 2024 22:21:10 PDT","princeton, new jersey, united states",for women,"['princeton', 'new jersey', 'united states']",princeton,new jersey,united states
1566,estée lauder,estee lauder bronze goddess skinscent perfume sample spray 0.05 oz. / 1.5 ml new,eau de perfume,11.95,US $11.95/ea,3.0,3 available / 7 sold,7.0,"Apr 23, 2024 10:16:37 PDT","louisville, kentucky, united states",for women,"['louisville', 'kentucky', 'united states']",louisville,kentucky,united states
1567,tiziana terenzi,atlantide by tiziana terenzi 1.5ml vial spray new factory sealed,extract parfum,13.0,US $13.00,1.0,last one / 5 sold,5.0,"May 16, 2024 18:26:10 PDT","fort walton beach, florida, united states",for women,"['fort walton beach', 'florida', 'united states']",fort walton beach,florida,united states
1568,juliette has a gun,not a perfume by juliette has a gun eau de parfum spray 3.3 oz 100ml for women,eau de parfum,42.99,US $42.99,10.0,more than 10 available / 32 sold,32.0,"May 01, 2024 13:23:39 PDT","brooklyn, new york, united states",for women,"['brooklyn', 'new york', 'united states']",brooklyn,new york,united states
1569,hermès,un jardin sur la lagune by hermes edt for women 3.3 oz / 100 ml *new in box*,oil,67.99,US $67.99,10.0,more than 10 available / 110 sold,110.0,"Feb 15, 2024 10:19:30 PST","miami, florida, united states",for women,"['miami', 'florida', 'united states']",miami,florida,united states
1570,prada,prada candy by prada 2.7 fl oz eau de parfum spray new & sealed,eau de parfum,44.99,US $44.99/ea,2.0,2 available / 114 sold,114.0,"May 14, 2024 05:39:26 PDT","reinholds, pennsylvania, united states",for women,"['reinholds', 'pennsylvania', 'united states']",reinholds,pennsylvania,united states
1571,alfred sung,tester sung * alfred sung * perfume for women * 3.4 oz * brand new,oil,16.2,US $16.20/ea,10.0,"more than 10 available / 2,472 sold",2472.0,"May 24, 2024 10:11:44 PDT","orlando, florida, united states",for women,"['orlando', 'florida', 'united states']",orlando,florida,united states
1572,lanvin,eclat d'arpege by lanvin 3.3 / 3.4 oz edp perfume for women new in box,eau de parfum,31.41,US $31.41/ea,2.0,"limited quantity available / 5,107 sold",5107.0,"May 24, 2024 09:31:02 PDT","hackensack, new jersey, united states",for women,"['hackensack', 'new jersey', 'united states']",hackensack,new jersey,united states
1573,ariana grande,ariana grande cloud pink edp - dreamy vanilla scent 3.4oz sealed,eau de parfum,29.99,US $29.99/ea,6.0,6 available / 9 sold,9.0,"May 22, 2024 10:58:18 PDT","hamtramck, michigan, united states",for women,"['hamtramck', 'michigan', 'united states']",hamtramck,michigan,united states
1574,cacharel,noa by cacharel for women eau de toilette spray - 1 fl oz - spring sale !,does not apply,20.0,US $20.00/ea,10.0,more than 10 available / 79 sold,79.0,"Apr 28, 2024 19:08:51 PDT","new york, new york, united states",for women,"['new york', 'new york', 'united states']",new york,new york,united states
1575,tory burch,tory burch signature eau de parfum  0.2oz / 6ml  rollerball  new,eau de parfum,19.95,US $19.95,4.0,4 available / 27 sold,27.0,"May 13, 2024 09:07:13 PDT","fort lauderdale, florida, united states",for women,"['fort lauderdale', 'florida', 'united states']",fort lauderdale,florida,united states
1576,jo malone,jo malone english pear & freesia cologne edc perfume for women with sealed box,cologne,49.99,US $49.99,7.0,7 available / 122 sold,122.0,"May 23, 2024 05:56:00 PDT","united states, canada",for women,"['united states', 'canada']",united states,,canada
1577,jo malone,jo malone peony & blush suede cologne spray women's eau de  - 3.4 fl oz/100ml,cologne,79.99,US $79.99,9.0,9 available / 1 sold,1.0,"Apr 30, 2024 01:12:45 PDT","las vegas, nevada, united states",for women,"['las vegas', 'nevada', 'united states']",las vegas,nevada,united states
1578,ysl,yves saint laurent black opium women's perfume edp 3.0 oz 90 ml sealed new,eau de parfum,45.99,US $45.99,1.0,last one / 27 sold,27.0,"May 24, 2024 00:07:54 PDT","stuyvesant falls, new york, united states",for women,"['stuyvesant falls', 'new york', 'united states']",stuyvesant falls,new york,united states
1579,miraclelayer,miraclelayer cetalox  edp 50ml (a real perfume),eau de parfum,27.0,US $27.00/ea,10.0,more than 10 available / 61 sold,61.0,"Jan 24, 2024 07:11:16 PST","hicksville, new york, united states",for women,"['hicksville', 'new york', 'united states']",hicksville,new york,united states
1580,ouai,ouai north bondi eau de parfume .34 oz/ 10ml - brand new,eau de parfum,22.99,US $22.99/ea,7.0,7 available / 39 sold,39.0,"Mar 02, 2024 18:50:58 PST","beverly hills, california, united states",for women,"['beverly hills', 'california', 'united states']",beverly hills,california,united states
1581,fragrance,"""la vida bella  for women eau de parfum by fragrance couture 3.4",eau de parfum,13.99,US $13.99/ea,10.0,more than 10 available / 34 sold,34.0,"May 10, 2024 16:05:14 PDT","fort lauderdale, florida, united states",for women,"['fort lauderdale', 'florida', 'united states']",fort lauderdale,florida,united states
1582,lancôme,la vie est belle iris absolu by lancome 3.4 oz l'eau de parfum spray new in box,eau de parfum,61.99,US $61.99,4.0,4 available / 49 sold,49.0,"May 19, 2024 01:35:33 PDT","new jersey, hong kong",for women,"['new jersey', 'hong kong']",new jersey,,china
1583,parfums de marly,parfums de marly delina for women 2.5 oz (75ml) edp spray new,eau de parfum,99.99,US $99.99,2.0,2 available / 19 sold,19.0,"May 20, 2024 20:01:31 PDT","jefferson, texas, united states",for women,"['jefferson', 'texas', 'united states']",jefferson,texas,united states
1584,valentino,new valentino donna born in roma intense 3.4 oz edp intense spray for women,eau de parfum,99.99,US $99.99,1.0,last one / 19 sold,19.0,"May 16, 2024 04:11:25 PDT","amigo, west virginia, united states",for women,"['amigo', 'west virginia', 'united states']",amigo,west virginia,united states
1585,coach,"coach new york eau de parfum, perfume for women .15 oz mini, splash",eau de parfum,13.95,US $13.95,10.0,more than 10 available / 24 sold,24.0,"May 14, 2024 06:52:51 PDT","tallman, new york, united states",for women,"['tallman', 'new york', 'united states']",tallman,new york,united states
1586,chanel,chanel coromandel les exclusifs eau de parfum mini splash bottle 4ml nib,eau de parfum,31.95,US $31.95/ea,10.0,10 available / 196 sold,196.0,"Mar 01, 2024 17:52:52 PST","pearland, texas, united states",for women,"['pearland', 'texas', 'united states']",pearland,texas,united states
1587,dolce & gabbana,"light blue by dolce & gabbana, 3.3 oz edt spray for women",oil,49.51,US $49.51/ea,10.0,more than 10 available / 635 sold,635.0,"May 23, 2024 21:14:46 PDT","edison, new jersey, united states",for women,"['edison', 'new jersey', 'united states']",edison,new jersey,united states
1588,one direction,our moment by one direction 3.4 oz / 100 ml edp spy perfume for women femme,eau de parfum,59.5,US $59.50/ea,10.0,more than 10 available / 3 sold,3.0,"May 23, 2024 10:17:11 PDT","lynwood, california, united states",for women,"['lynwood', 'california', 'united states']",lynwood,california,united states
1589,parfums de marly,valaya parfums de marly for women  2.5 oz/75 ml eau de parfum new in box,eau de parfum,99.99,US $99.99,2.0,2 available / 12 sold,12.0,"May 23, 2024 18:32:40 PDT","jefferson, texas, united states",for women,"['jefferson', 'texas', 'united states']",jefferson,texas,united states
1590,gucci,gucci bamboo 2.5 oz edp elegant perfume for women floral fragrance sealed,eau de parfum,54.99,US $54.99/ea,10.0,10 available / 31 sold,31.0,"May 10, 2024 09:52:19 PDT","southgate, michigan, united states",for women,"['southgate', 'michigan', 'united states']",southgate,michigan,united states
1591,mancera,sicily by mancera 4 oz edp perfume for men women unisex brand new in box,eau de parfum,69.58,US $69.58,10.0,more than 10 available / 104 sold,104.0,"May 22, 2024 10:44:46 PDT","hackensack, new jersey, united states",for women,"['hackensack', 'new jersey', 'united states']",hackensack,new jersey,united states
1592,montale,"montale chocolate greedy by montale, 3.4 oz edp spray for unisex",eau de parfum,59.23,US $59.23/ea,10.0,more than 10 available / 51 sold,51.0,"May 22, 2024 20:27:57 PDT","edison, new jersey, united states",for women,"['edison', 'new jersey', 'united states']",edison,new jersey,united states
1593,thierry mugler,thierry mugler angel women's edp 3.4oz scent spray new,eau de parfum,49.99,US $49.99/ea,5.0,5 available / 17 sold,17.0,"May 22, 2024 08:56:37 PDT","detroit, michigan, united states",for women,"['detroit', 'michigan', 'united states']",detroit,michigan,united states
1594,tom ford,tom ford soleil blanc shimmering body oil gold - 1.5 oz - new,oil,34.99,US $34.99/ea,9.0,9 available / 30 sold,30.0,"Apr 01, 2024 16:48:27 PDT","east brunswick, new jersey, united states",for women,"['east brunswick', 'new jersey', 'united states']",east brunswick,new jersey,united states
1595,michael kors,michael kors sexy blossom for women edp spray 3.4 oz / 100 ml new in box,eau de parfum,35.79,US $35.79/ea,3.0,3 available / 110 sold,110.0,"May 22, 2024 21:48:36 PDT","jamaica, new york, united states",for women,"['jamaica', 'new york', 'united states']",jamaica,new york,united states
1596,lattafa,rave now women edp perfume by rave lattafa 100 ml🥇gift rich amazing fragrance🥇,eau de parfum,30.89,US $30.89/ea,8.0,8 available / 8 sold,8.0,"May 23, 2024 13:03:59 PDT","dallas, texas, united states",for women,"['dallas', 'texas', 'united states']",dallas,texas,united states
1597,parfums de marly,valaya parfums de marly for women  2.5 oz/75 ml eau de parfum spray new in box,eau de parfum,99.99,US $99.99,1.0,last one / 10 sold,10.0,"May 11, 2024 01:34:17 PDT","jefferson, texas, united states",for women,"['jefferson', 'texas', 'united states']",jefferson,texas,united states
1598,armaf,armaf ombre oud intense 3.4 fl. oz / 100 ml eau de parfum for men,eau de parfum,99.95,US $99.95,10.0,more than 10 available / 79 sold,79.0,"May 17, 2024 11:37:14 PDT","houston, texas, united states",for women,"['houston', 'texas', 'united states']",houston,texas,united states
1599,prince matchabelli,wind song by prince matchabelli 4 oz dusting powder for women new in box,body powder,14.94,US $14.94/ea,3.0,"3 available / 1,454 sold",1454.0,"May 08, 2024 12:00:09 PDT","hackensack, new jersey, united states",for women,"['hackensack', 'new jersey', 'united states']",hackensack,new jersey,united states
1600,givenchy,ysatis by givenchy eau de toilette for women 3.3 oz / 100 ml *new in sealed box*,oil,49.99,US $49.99,10.0,more than 10 available / 43 sold,43.0,"May 08, 2024 10:42:59 PDT","miami, florida, united states",for women,"['miami', 'florida', 'united states']",miami,florida,united states
1601,lattafa,yara tous by lattafa perfume for women edp 3.4 oz new in box,eau de perfume,29.06,US $29.06/ea,103.0,103 available / 152 sold,152.0,"May 21, 2024 07:02:29 PDT","dallas, texas, united states",for women,"['dallas', 'texas', 'united states']",dallas,texas,united states
1603,assorted,"women designer perfume vials samples choose scents, combined shipping & discount",eau de perfume,1.99,US $1.99/ea,10.0,"more than 10 available / 4,912 sold",4912.0,"May 18, 2024 18:34:58 PDT","flushing, new york, united states",for women,"['flushing', 'new york', 'united states']",flushing,new york,united states
1604,kilian,good girl gone bad by kilian 50 ml/ 1.7oz eau de parfum spray new sealed,eau de parfum,54.99,US $54.99/ea,4.0,4 available / 4 sold,4.0,"May 08, 2024 18:29:03 PDT","pomona,california usa, hong kong",for women,"['pomona', 'california usa', 'hong kong']",pomona,california usa,china
1605,jessica simpson,fancy by jessica simpson 3.4 oz edp perfume for women new in box,eau de parfum,26.14,US $26.14/ea,10.0,"more than 10 available / 2,724 sold",2724.0,"May 23, 2024 09:27:27 PDT","hackensack, new jersey, united states",for women,"['hackensack', 'new jersey', 'united states']",hackensack,new jersey,united states
1606,carolina herrera,carolina herrera good girl edp supreme 1.5ml .05fl oz x 4 perfume spray samples,eau de parfum,13.75,US $13.75,10.0,more than 10 available / 52 sold,52.0,,"payson, utah, united states",for women,"['payson', 'utah', 'united states']",payson,utah,united states
1607,ariana grande,"new ariana grande 4 piece  body spray coffret, 1.7 ounce. free shipping",gift sets,17.99,US $17.99/ea,5.0,5 available / 17 sold,17.0,"May 21, 2024 17:39:38 PDT","multiple locations, united states",for women,"['multiple locations', 'united states']",multiple locations,,united states
1608,juicy couture,juicy couture by juicy couture eau de parfum spray  perfume authentic 1 oz,eau de parfum,14.99,US $14.99,10.0,more than 10 available / 5 sold,5.0,"Apr 12, 2024 12:50:40 PDT","pembroke, north carolina, united states",for women,"['pembroke', 'north carolina', 'united states']",pembroke,north carolina,united states
1609,elizabeth arden,blue grass by elizabeth arden 3.3 oz edp new in box sealed,eau de parfum,16.3,US $16.30/ea,159.0,"159 available / 1,053 sold",1053.0,"May 14, 2024 16:07:07 PDT","dallas, texas, united states",for women,"['dallas', 'texas', 'united states']",dallas,texas,united states
1610,victoria's secret,victoria secret bombshell fragrance mist 250ml-free shipping,fragrance mist,18.04,US $18.04,10.0,more than 10 available / 3 sold,3.0,"May 20, 2024 17:52:50 PDT","columbus, georgia, united states",for women,"['columbus', 'georgia', 'united states']",columbus,georgia,united states
1611,hermès,twilly d'hermes 7.5ml edp mini splash (new with box),eau de parfum,13.88,US $13.88/ea,10.0,more than 10 available / 68 sold,68.0,"May 24, 2024 09:51:27 PDT","new york, new york, united states",for women,"['new york', 'new york', 'united states']",new york,new york,united states
1612,love luxe beauty,kuromi  perfume,eau de perfume,15.0,US $15.00,4.0,4 available / 1 sold,1.0,,"anaheim, california, united states",for women,"['anaheim', 'california', 'united states']",anaheim,california,united states
1613,ariana grande,ariana grande cloud pink eau de parfum 3.4 oz 100 ml brand new & sealed box,eau de parfum,32.99,US $32.99/ea,9.0,9 available / 83 sold,83.0,"May 20, 2024 07:50:48 PDT","las vegas, nevada, united states",for women,"['las vegas', 'nevada', 'united states']",las vegas,nevada,united states
1614,giorgio armani,my way by giorgio armani 3oz 90ml edp perfume for women new in box usa,eau de parfum,49.99,US $49.99/ea,2.0,2 available / 54 sold,54.0,"May 20, 2024 01:43:33 PDT","dayton, new jersey, canada",for women,"['dayton', 'new jersey', 'canada']",dayton,new jersey,canada
1615,thierry mugler,thierry mugler aura mugler eau de toilette refillable spray 30 ml/ 1.0 fl oz,oil,40.0,US $40.00,5.0,5 available / 1 sold,1.0,,"franklin square, new york, united states",for women,"['franklin square', 'new york', 'united states']",franklin square,new york,united states
1616,tru fragrance,tru fragrance strawberry icing perfume edp 3.4 oz free shipping,eau de parfum,29.95,US $29.95,1.0,last one / 1 sold,1.0,,"forest hills, new york, united states",for women,"['forest hills', 'new york', 'united states']",forest hills,new york,united states
1617,dossier,dossier musky musk eau de parfum 1.7 fl oz / 50 ml perfume new in box,eau de parfum,20.0,US $20.00/ea,10.0,more than 10 available,0.0,,"los angeles, california, united states",for women,"['los angeles', 'california', 'united states']",los angeles,california,united states
1618,burberry,burberry weekend by burberry 3.3 / 3.4 oz edp perfume for women new in box,eau de parfum,34.09,US $34.09/ea,252.0,"252 available / 1,429 sold",1429.0,"May 24, 2024 10:50:08 PDT","dallas, texas, united states",for women,"['dallas', 'texas', 'united states']",dallas,texas,united states
1619,givenchy,givenchy irresistible eau de parfume 2.7 oz. 80ml spray for women new in box,eau de parfum,55.63,US $55.63,10.0,10 available / 57 sold,57.0,"May 20, 2024 17:32:39 PDT","united states, hong kong",for women,"['united states', 'hong kong']",united states,,china
1620,hugo boss,deep red by hugo boss edp perfume for women 3.0 oz brand new in box,eau de parfum,27.25,US $27.25/ea,10.0,"more than 10 available / 3,555 sold",3555.0,"May 24, 2024 11:08:02 PDT","hackensack, new jersey, united states",for women,"['hackensack', 'new jersey', 'united states']",hackensack,new jersey,united states
1621,sabrina carpenter,sweet tooth by sabrina carpenter perfume women 2.5 oz new without box & cap,eau de parfum,29.99,US $29.99,10.0,more than 10 available / 17 sold,17.0,"May 17, 2024 11:38:31 PDT","bogota, new jersey, united states",for women,"['bogota', 'new jersey', 'united states']",bogota,new jersey,united states
1622,perry ellis,360 purple perry ellis women 3.4 oz 3.3 edp perfume spray new in box,eau de parfum,25.47,US $25.47/ea,96.0,"96 available / 1,616 sold",1616.0,"May 18, 2024 17:18:46 PDT","dallas, texas, united states",for women,"['dallas', 'texas', 'united states']",dallas,texas,united states
1623,nest,assorted nest perfume oil .10 fl oz /3ml rollerball each new,eau de perfume,9.99,US $9.99,8.0,8 available / 139 sold,139.0,"Mar 11, 2024 15:26:21 PDT","giddings, texas, united states",for women,"['giddings', 'texas', 'united states']",giddings,texas,united states
1624,guess,guess seductive red by guess for women edt 2.5 oz new in box,oil,22.95,US $22.95/ea,20.0,20 available / 294 sold,294.0,"Mar 27, 2024 12:54:40 PDT","dallas, texas, united states",for women,"['dallas', 'texas', 'united states']",dallas,texas,united states
1625,evyan,white shoulders 4.5 oz perfume for women eau de cologne spray new in box,cologne,18.62,US $18.62/ea,10.0,"more than 10 available / 2,477 sold",2477.0,"May 24, 2024 08:16:13 PDT","hackensack, new jersey, united states",for women,"['hackensack', 'new jersey', 'united states']",hackensack,new jersey,united states
1626,gucci,gucci rush by gucci edt perfume for women 2.5 oz brand new tester,oil,64.94,US $64.94,10.0,"more than 10 available / 1,613 sold",1613.0,"May 24, 2024 07:20:03 PDT","hackensack, new jersey, united states",for women,"['hackensack', 'new jersey', 'united states']",hackensack,new jersey,united states
1627,avon,2 pcs.set avon sweet honesty cologne perfume spray 1.7 oz/with travel spray,cologne,14.89,US $14.89/ea,6.0,6 available / 30 sold,30.0,,"west palm beach, florida, united states",for women,"['west palm beach', 'florida', 'united states']",west palm beach,florida,united states
1628,jo malone,jo malone lime basil & mandarin cologne spray women's eau de  - 3.4 fl oz/100ml,cologne,79.99,US $79.99,8.0,8 available / 2 sold,2.0,"Apr 30, 2024 01:12:46 PDT","las vegas, nevada, united states",for women,"['las vegas', 'nevada', 'united states']",las vegas,nevada,united states
1629,britney spears,hidden fantasy by britney spears 3.3 / 3.4 oz edp for women new in box,eau de parfum,19.24,US $19.24/ea,7.0,"7 available / 1,337 sold",1337.0,"Apr 22, 2024 08:27:42 PDT","dallas, texas, united states",for women,"['dallas', 'texas', 'united states']",dallas,texas,united states
1630,elizabeth taylor,"elizabeth taylor perfume gift set, white diamonds , 2 pieces",perfume gift sets,18.87,US $18.87,1.0,last one / 1 sold,1.0,"May 24, 2024 07:24:18 PDT","ontario, california, united states",for women,"['ontario', 'california', 'united states']",ontario,california,united states
1631,kim kardashian,pure honey by kim kardashian perfume for women edp 3.3 / 3.4 oz new in box,eau de parfum,19.53,US $19.53/ea,47.0,47 available / 537 sold,537.0,"May 08, 2024 12:19:44 PDT","dallas, texas, united states",for women,"['dallas', 'texas', 'united states']",dallas,texas,united states
1632,prada,prada paradoxe by prada edp 3.0oz/90ml spray perfume for women new in box usa,eau de parfum,54.42,US $54.42,1.0,last one / 34 sold,34.0,"May 10, 2024 02:57:19 PDT","california, hong kong",for women,"['california', 'hong kong']",california,,china
1633,sarah jessica parker,lovely jessica parker 2pc gift set 3.4oz perfume + body lotion 6.7oz~damaged box,eau de perfume,25.99,US $25.99/ea,13.0,13 available / 39 sold,39.0,"May 22, 2024 13:54:03 PDT","staten island, new york, united states",for women,"['staten island', 'new york', 'united states']",staten island,new york,united states
1634,dolce & gabbana,dolce & gabbana light blue edt 3.3 oz 3.4 oz crisp refreshing women's scent,oil,32.49,US $32.49/ea,6.0,6 available / 18 sold,18.0,"May 24, 2024 09:31:28 PDT","farmington, michigan, united states",for women,"['farmington', 'michigan', 'united states']",farmington,michigan,united states
1635,lanvin,arpege by lanvin 3.3 / 3.4 oz edp for women new in box sealed,eau de parfum,24.77,US $24.77/ea,200.0,"200 available / 1,585 sold",1585.0,"May 23, 2024 12:54:07 PDT","dallas, texas, united states",for women,"['dallas', 'texas', 'united states']",dallas,texas,united states
1636,chanel,coco mademoiselle eau de parfum perfume sample vial travel 1.5 ml/0.05 oz by par,eau de parfum,18.76,US $18.76,4.0,4 available / 229 sold,229.0,"May 24, 2024 11:12:04 PDT","sarasota, florida, united states",for women,"['sarasota', 'florida', 'united states']",sarasota,florida,united states
1637,valentino,valentino donna born in roma intense edp spray for women 100ml/3.4oz,eau de parfum,100.99,US $100.99,1.0,last one / 10 sold,10.0,"May 16, 2024 03:54:55 PDT","oxnard, california, united states",for women,"['oxnard', 'california', 'united states']",oxnard,california,united states
1638,britney spears,curious britney spears women perfume edp 3.3 oz. 3.4 new in box,eau de parfum,18.9,US $18.90/ea,245.0,"245 available / 3,860 sold",3860.0,"May 21, 2024 12:14:06 PDT","dallas, texas, united states",for women,"['dallas', 'texas', 'united states']",dallas,texas,united states
1639,sarah jessica parker,lovely by sarah jessica parker perfume for women 3.4 oz 100 ml edp spray new,eau de parfum,19.95,US $19.95,1.0,last one / 915 sold,915.0,"Apr 24, 2024 05:24:27 PDT","tx, united states",for women,"['tx', 'united states']",tx,,united states
1640,parfums grès,cabotine rose parfums gres for women 3.3 edt 3.4 oz  spray new in box,oil,14.49,US $14.49/ea,45.0,45 available / 506 sold,506.0,"May 24, 2024 09:46:09 PDT","dallas, texas, united states",for women,"['dallas', 'texas', 'united states']",dallas,texas,united states
1641,multiple brands,men's cologne perfume sampler fragrance designer travel-size 10pcs sampler set,eau de perfume,9.99,US $9.99,6.0,6 available / 4 sold,4.0,"May 22, 2024 22:30:16 PDT","el monte, california, united states",for women,"['el monte', 'california', 'united states']",el monte,california,united states
1642,clinique,"happy by clinique, 3.4 oz perfume spray for women",eau de perfume,26.12,US $26.12/ea,10.0,more than 10 available / 235 sold,235.0,"May 24, 2024 11:16:44 PDT","edison, new jersey, united states",for women,"['edison', 'new jersey', 'united states']",edison,new jersey,united states
1643,elizabeth arden,pretty elizabeth arden women perfume 3.3 / 3.4 oz edp new tester,eau de parfum,15.27,US $15.27/ea,28.0,28 available / 126 sold,126.0,"May 22, 2024 19:10:12 PDT","dallas, texas, united states",for women,"['dallas', 'texas', 'united states']",dallas,texas,united states
1644,thierry mugler,angel for women by thierry mugler eau de parfum spray 0.23 fl oz / 7 ml,eau de parfum,18.0,US $18.00,10.0,more than 10 available / 24 sold,24.0,,"franklin square, new york, united states",for women,"['franklin square', 'new york', 'united states']",franklin square,new york,united states
1645,lanvin,jeanne lanvin by lanvin paris eau de parfum natural spray 3.3 fl oz,eau de parfum,12.99,US $12.99,10.0,more than 10 available / 43 sold,43.0,"Apr 29, 2024 08:20:31 PDT","pembroke, north carolina, united states",for women,"['pembroke', 'north carolina', 'united states']",pembroke,north carolina,united states
1646,designer series,perfumes for women la vida bella  100ml 3.4fl.oz long lasting natural spray,eau de perfume,13.99,US $13.99,10.0,more than 10 available / 10 sold,10.0,"May 22, 2024 08:03:48 PDT","nashville, tennessee, united states",for women,"['nashville', 'tennessee', 'united states']",nashville,tennessee,united states
1647,michael kors,michael kors sparkling blush eau de parfum spray  - 0.34oz/10ml - nib,eau de parfum,19.88,US $19.88/ea,10.0,more than 10 available / 11 sold,11.0,"May 21, 2024 11:58:50 PDT","long island city, new york, united states",for women,"['long island city', 'new york', 'united states']",long island city,new york,united states
1648,clinique,clinique aromatics elixir edp spray 1.5 oz women sealed,eau de parfum,24.02,US $24.02/ea,10.0,10 available / 20 sold,20.0,"May 15, 2024 22:34:45 PDT","san marcos, california, united states",for women,"['san marcos', 'california', 'united states']",san marcos,california,united states
1649,paloma picasso,paloma picasso by paloma picasso for women edt 3.3 / 3.4 oz new in box,oil,32.91,US $32.91/ea,2.0,limited quantity available / 435 sold,435.0,"May 21, 2024 19:50:08 PDT","dallas, texas, united states",for women,"['dallas', 'texas', 'united states']",dallas,texas,united states
1650,lancome,la vie est belle by lancome paris 2.5 fl oz edp perfume for women new in box,eau de parfum,37.99,US $37.99/ea,10.0,more than 10 available / 517 sold,517.0,"May 23, 2024 08:08:10 PDT","detroit, michigan, united states",for women,"['detroit', 'michigan', 'united states']",detroit,michigan,united states
1651,gianni versace,versace crystal noir for women edt 3.0 oz new tester,oil,40.63,US $40.63/ea,159.0,159 available / 847 sold,847.0,"May 24, 2024 09:57:08 PDT","dallas, texas, united states",for women,"['dallas', 'texas', 'united states']",dallas,texas,united states
1652,as shown,carmina eau de parfume edp 75ml 2.5 oz perfume spray for women gifts new in box,eau de parfum,128.88,US $128.88,4.0,4 available / 24 sold,24.0,"May 24, 2024 10:01:33 PDT","hongkong, hong kong",for women,"['hongkong', 'hong kong']",hongkong,,china
1653,aeropostale,"promise me by aeropostale, 3.4 oz edp spray for women",eau de parfum,26.4,US $26.40/ea,10.0,"more than 10 available / 1,338 sold",1338.0,"May 24, 2024 11:01:34 PDT","edison, new jersey, united states",for women,"['edison', 'new jersey', 'united states']",edison,new jersey,united states
1654,lancôme,lancome tresor - romantic 3.4oz eau de parfum spray for women,eau de parfum,43.99,US $43.99/ea,6.0,6 available / 15 sold,15.0,"May 17, 2024 09:27:23 PDT","dearborn heights, michigan, united states",for women,"['dearborn heights', 'michigan', 'united states']",dearborn heights,michigan,united states
1655,lancôme,lancôme tresor 3.4oz women's edp classic fragrance new sealed,eau de parfum,43.99,US $43.99/ea,6.0,6 available / 15 sold,15.0,"May 18, 2024 10:27:17 PDT","ecorse, michigan, united states",for women,"['ecorse', 'michigan', 'united states']",ecorse,michigan,united states
1656,phlur,phlur missing person womens perfume edp spray 0.17 oz mini travel nwob,eau de parfum,15.49,US $15.49/ea,10.0,more than 10 available / 22 sold,22.0,"Apr 22, 2024 09:40:17 PDT","potomac, maryland, united states",for women,"['potomac', 'maryland', 'united states']",potomac,maryland,united states
1657,parfums de marly,parfums de marly delina la rosee 2.5oz women's eau de parfum new sealed,eau de parfum,100.99,US $100.99,1.0,last one / 39 sold,39.0,"May 17, 2024 03:48:01 PDT","buffalo mills, pennsylvania, united states",for women,"['buffalo mills', 'pennsylvania', 'united states']",buffalo mills,pennsylvania,united states
1658,moschino,moschino fresh couture by moschino 3.4 oz edt perfume for women tester,oil,27.54,US $27.54/ea,6.0,6 available / 272 sold,272.0,"May 24, 2024 08:32:03 PDT","hackensack, new jersey, united states",for women,"['hackensack', 'new jersey', 'united states']",hackensack,new jersey,united states
1659,davidoff,cool water womens perfume  1.7 oz / 50 ml edt spray by davidoff  * authentic *,oil,15.99,US $15.99,10.0,10 available / 98 sold,98.0,"May 14, 2024 19:09:17 PDT","new york, new york, united states",for women,"['new york', 'new york', 'united states']",new york,new york,united states
1660,jlo,glow by j.lo jennifer lopez perfume for women 3.4 oz new in box,oil,26.81,US $26.81/ea,2.0,limited quantity available / 478 sold,478.0,"May 24, 2024 09:37:10 PDT","dallas, texas, united states",for women,"['dallas', 'texas', 'united states']",dallas,texas,united states
1661,gianni versace,versace versense edt for women 3.3 / 3.4 oz new tester,oil,38.76,US $38.76/ea,2.0,limited quantity available / 401 sold,401.0,"May 02, 2024 11:02:24 PDT","dallas, texas, united states",for women,"['dallas', 'texas', 'united states']",dallas,texas,united states
1663,ainash perfums,royal noir absolu by ainash 2.5 oz extrait de parfum,extrait de Parfum,58.5,US $58.50,10.0,more than 10 available / 3 sold,3.0,,"miami, florida, united states",for women,"['miami', 'florida', 'united states']",miami,florida,united states
1664,britney spears,curious by britney spears mini edp splash perfume 0.16 oz new no box,eau de parfum,10.99,US $10.99/ea,8.0,8 available / 6 sold,6.0,"May 24, 2024 08:03:46 PDT","point pleasant beach, new jersey, united states",for women,"['point pleasant beach', 'new jersey', 'united states']",point pleasant beach,new jersey,united states
1665,lancôme,la vie est belle by lancome 3.4 oz / 100 ml spray l'eau de parfum new & sealed,eau de parfum,42.99,US $42.99/ea,2.0,2 available / 146 sold,146.0,"May 24, 2024 07:08:11 PDT","reinholds, pennsylvania, united states",for women,"['reinholds', 'pennsylvania', 'united states']",reinholds,pennsylvania,united states
1666,thierry mugler,thierry mugler angel 1.7 oz women's eau de parfum | heavenly scent sealed,eau de parfum,43.99,US $43.99/ea,10.0,more than 10 available / 20 sold,20.0,"May 20, 2024 08:36:14 PDT","ecorse, michigan, united states",for women,"['ecorse', 'michigan', 'united states']",ecorse,michigan,united states
1667,victoria's secret,victoria's secret scandalous eau de parfum spray 1.7 oz **new sealed box**,eau de parfum,29.95,US $29.95,10.0,more than 10 available / 46 sold,46.0,"Mar 25, 2024 05:46:37 PDT","jamaica, new york, united states",for women,"['jamaica', 'new york', 'united states']",jamaica,new york,united states
1668,bvlgari,new perfume omnia amethyste edt bvlgari eau de toilette spray 2.2 oz for women,oil,34.87,US $34.87/ea,10.0,10 available / 27 sold,27.0,"May 15, 2024 03:14:52 PDT","houston, texas, hongkong, china",for women,"['houston', 'texas', 'hongkong', 'china']",houston,,china
1669,jennifer lopez,glow by j.lo jennifer lopez edt perfume for women 1 oz,oil,15.99,US $15.99,22.0,22 available / 18 sold,18.0,"Apr 05, 2024 08:42:47 PDT","highland park, michigan, united states",for women,"['highland park', 'michigan', 'united states']",highland park,michigan,united states
1670,paris hilton,paris hilton heiress for women 3.4 oz eau de parfum spray,eau de parfum,28.0,US $28.00,10.0,more than 10 available / 78 sold,78.0,"May 13, 2024 21:05:36 PDT","brooklyn, new york, united states",for women,"['brooklyn', 'new york', 'united states']",brooklyn,new york,united states
1671,giorgio armani,giorgio armani my way women's eau de parfum edp travel splash mini sample 0.24oz,eau de parfum,16.99,US $16.99,10.0,more than 10 available / 111 sold,111.0,"May 23, 2024 18:50:06 PDT","sammamish, washington, united states",for women,"['sammamish', 'washington', 'united states']",sammamish,washington,united states
1672,marc jacobs,daisy marc jacobs eau so fresh 10ml eau de toilette spray,oil,18.0,US $18.00,5.0,5 available / 75 sold,75.0,"May 06, 2024 10:28:44 PDT","hicksville, new york, united states",for women,"['hicksville', 'new york', 'united states']",hicksville,new york,united states
1673,victoria's secret,very sexy perfume victoria's secret 3.4 oz 100 ml  eau de parfum brand new,eau de parfum,29.99,US $29.99/ea,7.0,7 available / 98 sold,98.0,"May 24, 2024 00:01:44 PDT","warren, michigan, united states",for women,"['warren', 'michigan', 'united states']",warren,michigan,united states
1674,salvatore ferragamo,incanto charms by salvatore ferragamo for women edt 3.3 / 3.4 oz new tester,oil,17.79,US $17.79/ea,15.0,"15 available / 2,177 sold",2177.0,"Feb 20, 2024 08:37:01 PST","dallas, texas, united states",for women,"['dallas', 'texas', 'united states']",dallas,texas,united states
1675,versace,versace bright crystal 3oz women's edt spray new,oil,33.0,US $33.00/ea,6.0,6 available / 36 sold,36.0,"May 20, 2024 10:42:03 PDT","dearborn heights, michigan, united states",for women,"['dearborn heights', 'michigan', 'united states']",dearborn heights,michigan,united states
1676,yardley london,yardley english honeysuckle perfum by yardley london edt spray 4.2oz/125ml women,oil,22.48,US $22.48/ea,10.0,more than 10 available / 30 sold,30.0,"May 24, 2024 09:10:56 PDT","hauppauge, new york, united states",for women,"['hauppauge', 'new york', 'united states']",hauppauge,new york,united states
1677,lancôme,lancome la vie est belle 3.4 oz edp women's fragrance perfume spray sealed,eau de parfum,49.99,US $49.99/ea,8.0,8 available / 53 sold,53.0,"May 10, 2024 09:52:59 PDT","southgate, michigan, united states",for women,"['southgate', 'michigan', 'united states']",southgate,michigan,united states
1678,elizabeth arden,red door by elizabeth arden 3.3 oz / 100 ml edt perfume for women,oil,24.99,US $24.99,10.0,10 available / 62 sold,62.0,"May 11, 2024 17:29:58 PDT","new york, new york, united states",for women,"['new york', 'new york', 'united states']",new york,new york,united states
1679,diptyque,2x authentic diptyque orpheon eau de parfum spray 2ml/.06 fl. oz. each free ship,eau de parfum,27.5,US $27.50,9.0,9 available / 12 sold,12.0,"May 23, 2024 10:38:20 PDT","tulsa, oklahoma, united states",for women,"['tulsa', 'oklahoma', 'united states']",tulsa,oklahoma,united states
1680,ralph lauren,romance by ralph lauren perfume for women edp 3.3 / 3.4 oz new in box,eau de parfum,45.93,US $45.93/ea,153.0,153 available / 417 sold,417.0,"May 24, 2024 10:48:09 PDT","dallas, texas, united states",for women,"['dallas', 'texas', 'united states']",dallas,texas,united states
1681,guerlain,guerlain perfume sample spray vials 1ml - 2ml choose your scent & combined,eau de parfum,4.95,US $4.95,1.0,last one / 287 sold,287.0,"May 23, 2024 17:57:16 PDT","pearland, texas, united states",for women,"['pearland', 'texas', 'united states']",pearland,texas,united states
1682,paco rabanne,paco rabanne olympea intense eau de parfum intense spray 80 ml / 2.7oz sealed,eau de parfum,105.95,US $105.95,2.0,2 available / 22 sold,22.0,"Apr 30, 2024 19:57:31 PDT","brooklyn, new york, united states",for women,"['brooklyn', 'new york', 'united states']",brooklyn,new york,united states
1683,burberry,burberry touch by burberry parfum for women 3.3 fl. oz. / 100 ml,eau de parfum,26.0,US $26.00,5.0,5 available / 5 sold,5.0,"May 24, 2024 00:58:14 PDT","hamtramck, michigan, united states",for women,"['hamtramck', 'michigan', 'united states']",hamtramck,michigan,united states
1684,cacharel,anais anais premier delice by cacharel for her edt 3.3 / 3.4 oz new,oil,22.53,US $22.53/ea,34.0,34 available / 82 sold,82.0,"May 06, 2024 10:32:38 PDT","dallas, texas, united states",for women,"['dallas', 'texas', 'united states']",dallas,texas,united states
1685,jessica simpson,fancy by jessica simpson 3.3 / 3.4 oz edp perfume women new in retail box,eau de parfum,26.15,US $26.15/ea,52.0,"52 available / 1,386 sold",1386.0,"May 12, 2024 17:47:06 PDT","dallas, texas, united states",for women,"['dallas', 'texas', 'united states']",dallas,texas,united states
1686,armaf,armaf club de nuit imperiale 3.6 fl.oz eau de parfum for women | new launch,eau de parfum,39.45,US $39.45/ea,10.0,more than 10 available / 183 sold,183.0,"May 20, 2024 08:47:39 PDT","houston, texas, united states",for women,"['houston', 'texas', 'united states']",houston,texas,united states
1687,lattafa,"yara by lattafa, 3.4 oz eau de perfume spray for women",eau de perfume,29.99,US $29.99/ea,10.0,more than 10 available / 432 sold,432.0,"May 17, 2024 11:24:40 PDT","bridgeview, illinois, united states",for women,"['bridgeview', 'illinois', 'united states']",bridgeview,illinois,united states
1688,gucci,"gucci flora gorgeous magnolia, gucci gorgeous jasmine & gorgeous gardenia vials",eau de parfum,15.99,US $15.99,30.0,more than 10 lots available (3 items per lot) / 154 sold,154.0,"May 19, 2024 16:43:20 PDT","valley stream, new york, united states",for women,"['valley stream', 'new york', 'united states']",valley stream,new york,united states
1689,as shown,woemn avon far away eau de parfum perfume spray 1.7oz~new~sealed | free shipping,eau de parfum,14.99,US $14.99,10.0,more than 10 available / 80 sold,80.0,"May 13, 2024 17:36:16 PDT","new york, hong kong",for women,"['new york', 'hong kong']",new york,,china
1690,armaf,le femme by armaf perfume for women edp 3.3 / 3.4 oz new in box,eau de parfum,20.71,US $20.71/ea,100.0,100 available / 290 sold,290.0,"May 23, 2024 21:14:09 PDT","dallas, texas, united states",for women,"['dallas', 'texas', 'united states']",dallas,texas,united states
1691,maison margiela,replica eau de toilette on a date .34 oz. nib!  memory in a fragrance,oil,21.0,US $21.00/ea,8.0,8 available / 4 sold,4.0,,"nine mile falls, washington, united states",for women,"['nine mile falls', 'washington', 'united states']",nine mile falls,washington,united states
1692,yves saint laurent,libre by yves saint laurent for women edt 1.6 oz / 50 ml *new in sealed box*,oil,53.99,US $53.99,10.0,more than 10 available / 137 sold,137.0,"May 08, 2024 11:04:40 PDT","miami, florida, united states",for women,"['miami', 'florida', 'united states']",miami,florida,united states
1693,t.o.v.a.,tova beverly hills signature 2 pcs set for women 3.4oz eau de parfum+1oz edp,eau de perfume,37.0,US $37.00,10.0,more than 10 available / 12 sold,12.0,"May 16, 2024 09:48:55 PDT","hicksville, new york, united states",for women,"['hicksville', 'new york', 'united states']",hicksville,new york,united states
1694,salvatore ferragamo,incanto charms by salvatore ferragamo edt 3.4 oz perfume for women new in box,oil,23.98,US $23.98/ea,15.0,"15 available / 1,678 sold",1678.0,"May 24, 2024 09:32:06 PDT","dallas, texas, united states",for women,"['dallas', 'texas', 'united states']",dallas,texas,united states
1695,jovan,jovan musk for women cologne 3.25 oz - classic scent spray,cologne,11.99,US $11.99,1.0,last one / 58 sold,58.0,"May 06, 2024 23:34:08 PDT","detroit, michigan, united states",for women,"['detroit', 'michigan', 'united states']",detroit,michigan,united states
1696,donna karan,donna karan cashmere mist 3.4oz women's eau de parfum brand new sealed,eau de parfum,28.99,US $28.99,3.0,3 available / 379 sold,379.0,"May 24, 2024 01:38:38 PDT","hamtramck, michigan, united states",for women,"['hamtramck', 'michigan', 'united states']",hamtramck,michigan,united states
1697,giorgio armani,my way nectar giorgio armani edp 0.33. fl. oz. 10 ml. spray travel size,eau de parfum,25.95,US $25.95,10.0,more than 10 available / 3 sold,3.0,"May 18, 2024 08:35:02 PDT","stafford, texas, united states",for women,"['stafford', 'texas', 'united states']",stafford,texas,united states
1698,thierry mugler,alien musc mysterieux by thierry mugler for women 0.05 oz eau parfum vial spray,eau de parfum,6.99,US $6.99,500.0,500 available / 170 sold,170.0,"May 24, 2024 11:05:12 PDT","fountain valley, california, united states",for women,"['fountain valley', 'california', 'united states']",fountain valley,california,united states
1699,calvin klein,obsession night by calvin klein edp perfume for women 3.3 / 3.4 oz new in box,eau de parfum,25.56,US $25.56,2.0,limited quantity available / 460 sold,460.0,"May 24, 2024 07:47:02 PDT","hackensack, new jersey, united states",for women,"['hackensack', 'new jersey', 'united states']",hackensack,new jersey,united states
1700,as shown,flora gorgeous magnolia by-gucci eau de parfum edp 3.3 oz perfume for women nib,eau de parfum,53.99,US $53.99,6.0,6 available / 12 sold,12.0,"May 14, 2024 05:47:54 PDT","townsend, massachusetts, united states",for women,"['townsend', 'massachusetts', 'united states']",townsend,massachusetts,united states
1701,valentino,valentino donna born in roma intense 3.4 oz edp spray for women new,eau de parfum,103.99,US $103.99,2.0,2 available / 45 sold,45.0,"May 14, 2024 06:28:50 PDT","buffalo mills, pennsylvania, united states",for women,"['buffalo mills', 'pennsylvania', 'united states']",buffalo mills,pennsylvania,united states
1702,giorgio armani,acqua di gioia by giorgio armani women 3.3 edp 3.4 oz new in box,eau de parfum,72.72,US $72.72/ea,5.0,5 available / 27 sold,27.0,"May 23, 2024 08:10:10 PDT","dallas, texas, united states",for women,"['dallas', 'texas', 'united states']",dallas,texas,united states
1703,lancôme,lancome la vie est belle edp - irresistible gourmand 3.4oz sealed,eau de parfum,49.99,US $49.99/ea,6.0,6 available / 10 sold,10.0,"May 23, 2024 09:45:31 PDT","hamtramck, michigan, united states",for women,"['hamtramck', 'michigan', 'united states']",hamtramck,michigan,united states
1704,as shown,bloom blossom 3.3 fl oz / 100 ml eau de parfum spray for women new in sealed box,eau de parfum,59.99,US $59.99/ea,4.0,4 available / 23 sold,23.0,"May 21, 2024 22:39:39 PDT","usa,california, hong kong",for women,"['usa', 'california', 'hong kong']",usa,california,china
1705,creed,aventus for her by creed 2ml vial spray new factory sealed,eau de parfum,12.99,US $12.99,1.0,last one / 52 sold,52.0,"May 16, 2024 20:42:28 PDT","fort walton beach, florida, united states",for women,"['fort walton beach', 'florida', 'united states']",fort walton beach,florida,united states
1706,benetton,color women by benetton 1.7oz edt splash new in box,oil,27.99,US $27.99,10.0,more than 10 available / 57 sold,57.0,"Mar 05, 2024 07:22:19 PST","brooklyn, new york, united states",for women,"['brooklyn', 'new york', 'united states']",brooklyn,new york,united states
1707,tiffany,tiffany sheer by tiffany & co. for women mini bottle,oil,15.89,US $15.89/ea,6.0,6 available / 135 sold,135.0,"May 16, 2024 22:37:11 PDT","west palm beach, florida, united states",for women,"['west palm beach', 'florida', 'united states']",west palm beach,florida,united states
1708,versace,versace bright crystal absolu by versace perfume for her edp 3.0 oz new in box,eau de parfum,54.9,US $54.90/ea,72.0,"72 available / 1,224 sold",1224.0,"May 22, 2024 20:46:19 PDT","dallas, texas, united states",for women,"['dallas', 'texas', 'united states']",dallas,texas,united states
1709,gap,gap so pink fragrance spray body mist 8 fl oz new,fragrance mist,19.98,US $19.98,8.0,8 available / 144 sold,144.0,"May 08, 2024 07:45:18 PDT","hamtramck, michigan, united states",for women,"['hamtramck', 'michigan', 'united states']",hamtramck,michigan,united states
1710,yves saint laurent,ysl yves saint laurent libre edp 1.2ml .04fl oz x 1 perfume spray sample vial,eau de parfum,7.5,US $7.50,10.0,more than 10 available / 171 sold,171.0,"Feb 21, 2024 18:27:42 PST","albany, new york, united states",for women,"['albany', 'new york', 'united states']",albany,new york,united states
1711,yves saint laurent,parisienne by yves saint laurent edp for women 3 oz / 90 ml *new in sealed box*,eau de parfum,67.49,US $67.49,10.0,more than 10 available / 38 sold,38.0,"Feb 29, 2024 08:41:56 PST","miami, florida, united states",for women,"['miami', 'florida', 'united states']",miami,florida,united states
1712,versace,versace dylan purple women 3.4 oz 100 ml *eau de parfum* spray tester,eau de parfum,58.99,US $58.99,10.0,more than 10 available / 32 sold,32.0,"May 24, 2024 11:02:52 PDT","north brunswick, new jersey, united states",for women,"['north brunswick', 'new jersey', 'united states']",north brunswick,new jersey,united states
1713,victoria's secret,victoria's secret very sexy 3.4 fl oz/100 ml edp spray for women new & sealed,eau de parfum,30.99,US $30.99/ea,10.0,more than 10 available / 26 sold,26.0,"May 20, 2024 08:45:27 PDT","saint clair shores, michigan, united states",for women,"['saint clair shores', 'michigan', 'united states']",saint clair shores,michigan,united states
1714,dolce & gabbana,light blue by dolce & gabbana d&g 3.3 / 3.4 oz edt perfume for women new in box,oil,43.3,US $43.30/ea,2.0,"limited quantity available / 4,845 sold",4845.0,"May 21, 2024 07:54:03 PDT","hackensack, new jersey, united states",for women,"['hackensack', 'new jersey', 'united states']",hackensack,new jersey,united states
1715,lancôme,miracle by lancome l'eau de parfum 3.4 oz / 100 ml spray new & sealed in box,eau de parfum,32.99,US $32.99/ea,10.0,more than 10 available / 65 sold,65.0,"May 24, 2024 10:31:44 PDT","running springs, california, united states",for women,"['running springs', 'california', 'united states']",running springs,california,united states
1716,dossier,dossier woody hyacinth eau de parfum 1.7 fl oz / 50 ml perfume new in box,eau de parfum,20.0,US $20.00/ea,6.0,6 available / 24 sold,24.0,,"los angeles, california, united states",for women,"['los angeles', 'california', 'united states']",los angeles,california,united states
1717,fred hayman,273 rodeo drive fred hayman women perfume edp 2.5 oz new in box,eau de perfume,22.97,US $22.97/ea,24.0,24 available / 591 sold,591.0,"May 21, 2024 11:32:09 PDT","dallas, texas, united states",for women,"['dallas', 'texas', 'united states']",dallas,texas,united states
1718,clean,clean reserve skin by clean eau de parfum spray (unisex tester) 3.4 oz for women,eau de parfum,66.69,US $66.69/ea,8.0,8 available / 6 sold,6.0,"May 22, 2024 16:55:52 PDT","new york, new york, united states",for women,"['new york', 'new york', 'united states']",new york,new york,united states
1719,yves saint laurent,ysl black opium edp women - hypnotic coffee & vanilla 3oz sealed,eau de parfum,44.99,US $44.99/ea,6.0,6 available / 5 sold,5.0,"May 17, 2024 10:44:02 PDT","hamtramck, michigan, united states",for women,"['hamtramck', 'michigan', 'united states']",hamtramck,michigan,united states
1720,jimmy choo,jimmy choo blossom 3.3 / 3.4 oz edp perfume women new tester,eau de perfume,31.14,US $31.14/ea,25.0,"25 available / 2,503 sold",2503.0,"May 24, 2024 08:05:06 PDT","dallas, texas, united states",for women,"['dallas', 'texas', 'united states']",dallas,texas,united states
1721,lancôme,hypnose by lancome 2.5 oz edp perfume for women new in box,eau de parfum,67.98,US $67.98/ea,2.0,limited quantity available / 705 sold,705.0,"May 22, 2024 11:42:02 PDT","hackensack, new jersey, united states",for women,"['hackensack', 'new jersey', 'united states']",hackensack,new jersey,united states
1722,estée lauder,estee lauder beautiful edp 2.5 oz classic floral women's perfume,eau de parfum,29.49,US $29.49/ea,6.0,6 available / 27 sold,27.0,"May 24, 2024 09:31:36 PDT","farmington, michigan, united states",for women,"['farmington', 'michigan', 'united states']",farmington,michigan,united states
1723,miim miic,miim miic compound 52 hair & body mist sweet strawberry milk 8 fl oz new!,fragrance mist,26.95,US $26.95,3.0,3 available / 4 sold,4.0,,"pawtucket, rhode island, united states",for women,"['pawtucket', 'rhode island', 'united states']",pawtucket,rhode island,united states
1724,escada,escada summer festival edt 1.2ml .04fl oz x 5 perfume spray sample vials,oil,10.0,US $10.00,10.0,more than 10 available / 50 sold,50.0,,"albany, new york, united states",for women,"['albany', 'new york', 'united states']",albany,new york,united states
1725,coach,"coach signature by coach, 3.3 oz edp spray for women",eau de parfum,37.96,US $37.96/ea,2.0,limited quantity available / 116 sold,116.0,"May 23, 2024 16:55:04 PDT","edison, new jersey, united states",for women,"['edison', 'new jersey', 'united states']",edison,new jersey,united states
1726,jo malone,jo malone basil & neroli cologne spray women's eau de  - 3.4 fl oz/100ml,cologne,79.99,US $79.99,7.0,7 available / 9 sold,9.0,"May 05, 2024 21:55:22 PDT","las vegas, nevada, united states",for women,"['las vegas', 'nevada', 'united states']",las vegas,nevada,united states
1727,aerin,aerin lilac path edp 2.0ml .07fl oz x 1 perfume spray sample,eau de parfum,8.0,US $8.00,10.0,more than 10 available / 34 sold,34.0,"Mar 29, 2024 16:29:26 PDT","albany, new york, united states",for women,"['albany', 'new york', 'united states']",albany,new york,united states
1728,escada,escada miami blossom for women eau de toilette 3.3oz-100ml spray new (br36,oil,42.9,US $42.90/ea,3.0,3 available / 8 sold,8.0,"May 10, 2024 13:04:44 PDT","los angeles, california, united states",for women,"['los angeles', 'california', 'united states']",los angeles,california,united states
1729,burberry,burberry her eau de parfum 3-pcs set  / new with box,eau de parfum,134.5,US $134.50,3.0,3 available / 49 sold,49.0,"May 16, 2024 10:32:54 PDT","hialeah, florida, united states",for women,"['hialeah', 'florida', 'united states']",hialeah,florida,united states
1730,marc jacobs,marc jacobs daisy dream by marc jacobs 3.4 oz edt perfume for women new in box,oil,58.98,US $58.98/ea,10.0,"more than 10 available / 3,088 sold",3088.0,"May 23, 2024 09:27:27 PDT","hackensack, new jersey, united states",for women,"['hackensack', 'new jersey', 'united states']",hackensack,new jersey,united states
1731,burberry,"2x burberry her eau de parfum edp sample spray .05oz, 1.5ml each new in cards",eau de parfum,9.89,US $9.89,5.0,5 available / 258 sold,258.0,"May 22, 2024 01:55:50 PDT","phillipsburg, new jersey, united states",for women,"['phillipsburg', 'new jersey', 'united states']",phillipsburg,new jersey,united states
1733,coach,coach floral by coach edp 3 / 3.0 oz perfume for women brand new tester,eau de parfum,34.33,US $34.33/ea,10.0,more than 10 available / 767 sold,767.0,"May 22, 2024 08:40:07 PDT","hackensack, new jersey, united states",for women,"['hackensack', 'new jersey', 'united states']",hackensack,new jersey,united states
1734,versace,versace ladies dylan turquoise gift set fragrances 8011003873487,fragrances,54.51,US $54.51,3.0,3 available / 20 sold,20.0,"May 23, 2024 21:26:31 PDT","brooklyn, new york, united states",for women,"['brooklyn', 'new york', 'united states']",brooklyn,new york,united states
1735,coach,coach love 1.7 oz edp spray womens perfume 50 ml nib,eau de parfum,48.99,US $48.99/ea,10.0,more than 10 available / 7 sold,7.0,"May 24, 2024 10:53:56 PDT","edison, new jersey, united states",for women,"['edison', 'new jersey', 'united states']",edison,new jersey,united states
1736,ariana grande,ariana grande cloud pink edp 3.4oz women's perfume new sealed,eau de parfum,30.49,US $30.49/ea,6.0,6 available / 18 sold,18.0,"May 23, 2024 09:08:14 PDT","detroit, michigan, united states",for women,"['detroit', 'michigan', 'united states']",detroit,michigan,united states
1737,giorgio armani,new women's my way edp spray 3oz giorgio arm.ani eau de parfum sealed/fast ship!,eau de parfum,38.69,US $38.69/ea,10.0,more than 10 available / 3 sold,3.0,"May 15, 2024 03:12:40 PDT","houston, texas, hongkong, china",for women,"['houston', 'texas', 'hongkong', 'china']",houston,,china
1738,pleasing,pleasing harry styles fragrance rivulets parfum 100ml 3.4fl,eau de perfume,49.99,US $49.99,1.0,last one / 35 sold,35.0,"May 22, 2024 12:37:49 PDT","elgin, illinois, united states",for women,"['elgin', 'illinois', 'united states']",elgin,illinois,united states
1739,calvin klein,obsession by calvin klein women 0.5 oz 15 ml eau de parfum spray mini new,eau de parfum,10.35,US $10.35/ea,10.0,10 available / 182 sold,182.0,"May 07, 2024 20:28:32 PDT","westminster, california, united states",for women,"['westminster', 'california', 'united states']",westminster,california,united states
1740,dossier,dossier fruity brown sugar eau de parfum 1.7 fl oz / 50 ml perfume new in box,eau de parfum,20.0,US $20.00/ea,4.0,4 available / 47 sold,47.0,"Apr 16, 2024 17:19:14 PDT","los angeles, california, united states",for women,"['los angeles', 'california', 'united states']",los angeles,california,united states
1741,givenchy,givenchy irresistible  for women eau de parfum mini bottle 0.27 fl oz new,eau de parfum,21.9,US $21.90/ea,7.0,7 available / 4 sold,4.0,"Apr 23, 2024 13:27:49 PDT","rowlett, texas, united states",for women,"['rowlett', 'texas', 'united states']",rowlett,texas,united states
1742,lancôme,lancome tresor women's edp 3.4 oz spray,eau de parfum,42.99,US $42.99/ea,10.0,more than 10 available / 17 sold,17.0,"May 17, 2024 10:07:21 PDT","allen park, michigan, united states",for women,"['allen park', 'michigan', 'united states']",allen park,michigan,united states
1743,victoria's secret,victoria's secret tease 3.4 fl oz 100 ml eau de parfum brand new sealed box,eau de parfum,29.9,US $29.90/ea,6.0,6 available / 9 sold,9.0,"May 22, 2024 23:41:42 PDT","warren, michigan, united states",for women,"['warren', 'michigan', 'united states']",warren,michigan,united states
1744,pink sugar,rue 21 pink ice perfume spray 1.7 fl oz new (unboxed),eau de perfume,22.45,US $22.45,5.0,5 available / 2 sold,2.0,"May 19, 2024 05:59:04 PDT","brooklyn, new york, united states",for women,"['brooklyn', 'new york', 'united states']",brooklyn,new york,united states
1745,perfume,12 women's perfume fragrance samples vials with organza bag lot,eau de perfume,25.46,US $25.46,10.0,more than 10 available / 58 sold,58.0,"May 23, 2024 18:50:00 PDT","new york, united states",for women,"['new york', 'united states']",new york,,united states
1746,lancôme,la vie est belle by lancôme 2.5 oz l'eau de parfum for women,eau de parfum,37.99,US $37.99/ea,10.0,more than 10 available / 77 sold,77.0,"May 08, 2024 14:25:33 PDT","thomasville, alabama, united states",for women,"['thomasville', 'alabama', 'united states']",thomasville,alabama,united states
1747,parfums de marly,pdm parfums de marly delina exclusif 1.5ml .05fl oz x 3 perfume spray samples,eau de perfume,24.0,US $24.00,10.0,more than 10 available / 9 sold,9.0,,"albany, new york, united states",for women,"['albany', 'new york', 'united states']",albany,new york,united states
1748,ulta,ulta beauty 2024 spring scent wardrobe 19 piece perfume sample set w/ $15 cert,eau de perfume,55.88,US $55.88,1.0,last one / 2 sold,2.0,,"santa ana, california, united states",for women,"['santa ana', 'california', 'united states']",santa ana,california,united states
1749,t.o.v.a.,tova beverly hills signature for women perfume 2 pcs 0.34 oz edp spray + refill,eau de parfum,13.95,US $13.95/ea,7.0,7 available / 22 sold,22.0,"May 23, 2024 15:49:12 PDT","beauty maxima, united states, united states",for women,"['beauty maxima', 'united states', 'united states']",beauty maxima,united states,united states
1750,kilian,kilian paris can't stop loving you 50ml/ 1.7oz edp new & sealed,eau de parfum,100.0,US $100.00,1.0,last one / 12 sold,12.0,"May 20, 2024 18:17:12 PDT","oxnard, california, united states",for women,"['oxnard', 'california', 'united states']",oxnard,california,united states
1751,rihanna,fenty by rihanna eau de parfum 1.5ml sample size travel mini nib. authentic.,eau de parfum,12.49,US $12.49/ea,5.0,5 available / 10 sold,10.0,"May 04, 2024 19:06:40 PDT","portland, oregon, united states",for women,"['portland', 'oregon', 'united states']",portland,oregon,united states
1752,dior,christian dior addict eau fraiche edt for women 3.4 oz / 100 ml *new*,oil,74.99,US $74.99,8.0,8 available / 28 sold,28.0,"Mar 01, 2024 11:41:42 PST","miami, florida, united states",for women,"['miami', 'florida', 'united states']",miami,florida,united states
1753,ellis brooklyn,ellis brooklyn salt edp splash .25oz/7.5ml womens travel perfume - new in box!,eau de parfum,13.44,US $13.44/ea,3.0,3 available / 30 sold,30.0,"May 14, 2024 02:03:14 PDT","manchester, new hampshire, united states",for women,"['manchester', 'new hampshire', 'united states']",manchester,new hampshire,united states
1754,ariana grande,cloud by ariana grande for women edp spray 3.4 oz / 100 ml new sealed in box,eau de parfum,35.99,US $35.99/ea,9.0,9 available / 49 sold,49.0,"May 20, 2024 07:54:54 PDT","laughlin, nevada, united states",for women,"['laughlin', 'nevada', 'united states']",laughlin,nevada,united states
1755,lancôme,lancome tresor 3.4 oz edp romantic & sophisticated for women new,eau de parfum,44.99,US $44.99/ea,5.0,5 available / 14 sold,14.0,"May 08, 2024 07:48:32 PDT","macomb, michigan, united states",for women,"['macomb', 'michigan', 'united states']",macomb,michigan,united states
1756,ralph lauren,ralph lauren romance rose eau de parfum 3.4 oz 100 ml brand new sealed,eau de parfum,44.99,US $44.99/ea,7.0,7 available / 3 sold,3.0,"May 20, 2024 00:26:46 PDT","warren, michigan, united states",for women,"['warren', 'michigan', 'united states']",warren,michigan,united states
1757,jo malone,jo malone london grapefruit cologne 3.4 oz,eau de perfume,73.99,US $73.99,7.0,7 available / 52 sold,52.0,"May 19, 2024 22:29:14 PDT","las vegas, nevada, united states",for women,"['las vegas', 'nevada', 'united states']",las vegas,nevada,united states
1758,one direction,that moment by one direction 3.4 oz / 100 ml edp spy perfume for women femme,eau de parfum,34.85,US $34.85,10.0,more than 10 available / 545 sold,545.0,"May 17, 2024 09:27:23 PDT","lynwood, california, united states",for women,"['lynwood', 'california', 'united states']",lynwood,california,united states
1759,ariana grande,cloud by ariana grande 3.4 oz / 100 ml edp perfume for women new in box,eau de parfum,38.99,US $38.99/ea,9.0,9 available / 23 sold,23.0,"May 22, 2024 08:51:16 PDT","phoenix, arizona, united states",for women,"['phoenix', 'arizona', 'united states']",phoenix,arizona,united states
1760,dana,2.5 loves baby soft body mist for women fragrance/cologne new whisper soft 2.5oz,cologne,25.99,US $25.99/ea,3.0,3 available / 17 sold,17.0,"Apr 06, 2024 17:53:08 PDT","kissimmee, florida, united states",for women,"['kissimmee', 'florida', 'united states']",kissimmee,florida,united states
1761,hermès,twilly d'hermes eau poivree *  2.87 fl oz (85ml) edp spray - new unsealed box,eau de parfum,47.66,US $47.66/ea,2.0,limited quantity available / 119 sold,119.0,"Feb 27, 2024 08:42:32 PST","tucson, arizona, united states",for women,"['tucson', 'arizona', 'united states']",tucson,arizona,united states
1762,hermès,un jardin sur le nil by hermes 3.3 / 3.4 oz perfume for women brand new tester,oil,58.08,US $58.08/ea,10.0,more than 10 available / 278 sold,278.0,"May 21, 2024 20:36:05 PDT","hackensack, new jersey, united states",for women,"['hackensack', 'new jersey', 'united states']",hackensack,new jersey,united states
1763,vilhelm parfumerie,vilhelm parfumerie a lilac a day eau de parfum spray women 3.4 oz / 100ml,eau de parfum,108.99,US $108.99/ea,9.0,9 available / 11 sold,11.0,"May 14, 2024 09:04:49 PDT","feasterville-trevose, pennsylvania, united states",for women,"['feasterville-trevose', 'pennsylvania', 'united states']",feasterville-trevose,pennsylvania,united states
1764,jo malone,wood sage & sea salt by jo malone edc cologne spray for women new in sealed box,cologne,59.99,US $59.99,5.0,5 available / 36 sold,36.0,"May 21, 2024 02:54:27 PDT","hong kong, hong kong",for women,"['hong kong', 'hong kong']",hong kong,,china
1765,donna karan,donna karan cashmere mist edp 3.4oz women's fragrance new sealed,eau de parfum,29.99,US $29.99/ea,6.0,6 available / 26 sold,26.0,"May 22, 2024 08:56:28 PDT","detroit, michigan, united states",for women,"['detroit', 'michigan', 'united states']",detroit,michigan,united states
1766,michael kors,michael kors classic(original formula) eau de parfum 3-pcs set  / new with box,gift sets,299.99,US $299.99,10.0,more than 10 available / 92 sold,92.0,"May 21, 2024 11:08:38 PDT","long island city, new york, united states",for women,"['long island city', 'new york', 'united states']",long island city,new york,united states
1767,versace,versace bright crystal women's edt 6.7 oz spray,oil,52.79,US $52.79/ea,10.0,more than 10 available / 23 sold,23.0,"May 21, 2024 09:29:37 PDT","allen park, michigan, united states",for women,"['allen park', 'michigan', 'united states']",allen park,michigan,united states
1768,versace,versace bright crystal edt 3oz women's scent spray new,oil,33.0,US $33.00/ea,5.0,5 available / 18 sold,18.0,"May 23, 2024 09:07:56 PDT","detroit, michigan, united states",for women,"['detroit', 'michigan', 'united states']",detroit,michigan,united states
1769,ariana grande,ariana grande ladies mod vanilla edp spray 3.4 oz fragrances 810101501227,fragrances,53.57,US $53.57,3.0,3 available / 10 sold,10.0,"May 24, 2024 01:02:24 PDT","brooklyn, new york, united states",for women,"['brooklyn', 'new york', 'united states']",brooklyn,new york,united states
1770,kilian,"kilian paris can't stop loving you full size 1.7oz/50ml, new in sealed box",eau de parfum,100.99,US $100.99,1.0,last one / 15 sold,15.0,"May 16, 2024 03:17:16 PDT","jefferson, texas, united states",for women,"['jefferson', 'texas', 'united states']",jefferson,texas,united states
1771,carolina herrera,carolina herrera good girl 2.7 oz edp bold women's perfume heel bottle design,eau de parfum,49.99,US $49.99/ea,6.0,6 available / 35 sold,35.0,"May 10, 2024 09:54:17 PDT","detroit, michigan, united states",for women,"['detroit', 'michigan', 'united states']",detroit,michigan,united states
1772,dossier,dossier powdery peach eau de parfum 1.7 fl oz / 50 ml perfume new in box,eau de parfum,20.0,US $20.00/ea,8.0,8 available / 22 sold,22.0,,"los angeles, california, united states",for women,"['los angeles', 'california', 'united states']",los angeles,california,united states
1773,preferred fragrance,bright crystal 6.7 oz / 200ml eau de toilette perfume for women brand new sealed,oil,48.9,US $48.90/ea,10.0,more than 10 available / 33 sold,33.0,"May 21, 2024 09:21:47 PDT","running springs, california, united states",for women,"['running springs', 'california', 'united states']",running springs,california,united states
1774,dolce & gabbana,dolce & gabbana devotion 1.7 oz edp perfume for women new in box,eau de parfum,58.69,US $58.69,10.0,more than 10 available / 23 sold,23.0,"May 24, 2024 06:41:04 PDT","hackensack, new jersey, united states",for women,"['hackensack', 'new jersey', 'united states']",hackensack,new jersey,united states
1775,kim kardashian,kim kardashian true reflection eau de parfum spray. perfume for women. 1 fl.oz,eau de parfum,9.49,US $9.49/ea,5.0,5 available / 491 sold,491.0,"May 23, 2024 13:11:55 PDT","miami, florida, united states",for women,"['miami', 'florida', 'united states']",miami,florida,united states
1776,calvin klein,euphoria by calvin klein 6.7 oz sensual skin body lotion for women brand new,body lotion,18.88,US $18.88/ea,10.0,"more than 10 available / 2,002 sold",2002.0,"May 22, 2024 18:31:31 PDT","hackensack, new jersey, united states",for women,"['hackensack', 'new jersey', 'united states']",hackensack,new jersey,united states
1777,sisley,eau de campagne by sisley perfumed deodorant 5 fl oz / 150 ml *new in box*,deodorant,49.99,US $49.99,1.0,last one / 11 sold,11.0,"May 02, 2024 10:15:16 PDT","miami, florida, united states",for women,"['miami', 'florida', 'united states']",miami,florida,united states
1778,valentino,voce viva by valentino 3.4 oz edp perfume for women new in box,eau de parfum,84.97,US $84.97,2.0,limited quantity available / 146 sold,146.0,"May 22, 2024 08:12:04 PDT","hackensack, new jersey, united states",for women,"['hackensack', 'new jersey', 'united states']",hackensack,new jersey,united states
1779,anna sui,"anna sui sundae 3-piece minature set (pretty pink, mellow yellow & violet vibe)",oil,69.89,US $69.89/ea,6.0,6 available / 24 sold,24.0,"Apr 24, 2024 23:54:31 PDT","takamatsu city, japan",for women,"['takamatsu city', 'japan']",takamatsu city,,japan
1780,narciso rodriguez,narciso rodriguez narciso eau de parfum spray 30 ml/1 fl.oz.,eau de parfum,125.0,US $125.00,6.0,6 available / 6 sold,6.0,"May 16, 2024 11:52:34 PDT","new york, new york, united states",for women,"['new york', 'new york', 'united states']",new york,new york,united states
1781,fuller armand dupree,vivir by lucia mendez con feromonas perfume para dama 60ml de fuller mexico,eau de perfume,36.99,US $36.99,10.0,more than 10 available / 31 sold,31.0,"May 23, 2024 12:22:57 PDT","austin, texas, united states",for women,"['austin', 'texas', 'united states']",austin,texas,united states
1782,creed,creed queen of silk eau de parfum 2.5oz 75ml tester with lid,eau de parfum,275.0,US $275.00,1.0,last one / 4 sold,4.0,"May 09, 2024 16:11:53 PDT","saint augustine, florida, united states",for women,"['saint augustine', 'florida', 'united states']",saint augustine,florida,united states
1783,jo malone,jo malone incense & cedrat cologne intense spray women's eau de 3.4 fl oz/100ml,cologne,76.99,US $76.99,9.0,9 available / 1 sold,1.0,"May 15, 2024 07:42:06 PDT","las vegas, nevada, united states",for women,"['las vegas', 'nevada', 'united states']",las vegas,nevada,united states
1784,dossier,dossier floral honeysuckle eau de parfum spray 1.7 oz edp perfume new no box,eau de perfume,22.99,US $22.99,9.0,9 available / 39 sold,39.0,"May 17, 2024 11:34:01 PDT","bogota, new jersey, united states",for women,"['bogota', 'new jersey', 'united states']",bogota,new jersey,united states
1785,victoria's secret,victoria's secret crush fragrance body mist spray 8.4 fl oz,fragrance mist,24.95,US $24.95,10.0,more than 10 available / 54 sold,54.0,"May 10, 2024 16:16:26 PDT","jamaica, new york, united states",for women,"['jamaica', 'new york', 'united states']",jamaica,new york,united states
1786,unbranded,usa perfume bottle spray atomizer pump ball / bulb & tube / hose replacement,eau de perfume,13.5,US $13.50/ea,4.0,4 available / 145 sold,145.0,"May 16, 2024 14:38:14 PDT","weatherford, texas, united states",for women,"['weatherford', 'texas', 'united states']",weatherford,texas,united states
1787,prada,prada paradoxe intense women eau de parfum spray 1.6 oz 50ml new in box,eau de parfum,88.0,US $88.00/ea,2.0,2 available / 13 sold,13.0,"May 21, 2024 17:06:49 PDT","redmond, washington, united states",for women,"['redmond', 'washington', 'united states']",redmond,washington,united states
1788,maison alhambra,maison alhambra ladies pink shimmer secret intense edp spray 3.38 oz fragrances,fragrances,15.97,US $15.97,3.0,3 available / 13 sold,13.0,"May 23, 2024 20:14:32 PDT","brooklyn, new york, united states",for women,"['brooklyn', 'new york', 'united states']",brooklyn,new york,united states
1789,jo malone,"jo malone london cologne spray ,travel size 9ml/0.3oz **choose your scent** new",cologne,16.98,US $16.98/ea,10.0,more than 10 available / 27 sold,27.0,"May 24, 2024 03:58:41 PDT","houston, texas, united states",for women,"['houston', 'texas', 'united states']",houston,texas,united states
1790,calvin klein,eternity for women by calvin klein eau de parfum spray 1 fl oz lot of 2,eau de parfum,22.99,US $22.99/ea,10.0,more than 10 available / 7 sold,7.0,"May 23, 2024 11:25:45 PDT","fort wayne, indiana, united states",for women,"['fort wayne', 'indiana', 'united states']",fort wayne,indiana,united states
1791,juicy couture,viva la juicy by juicy couture eau de parfum spray 1 oz / 30ml,eau de parfum,18.95,US $18.95,10.0,more than 10 available / 34 sold,34.0,"May 18, 2024 05:47:20 PDT","elizabeth, new jersey, united states",for women,"['elizabeth', 'new jersey', 'united states']",elizabeth,new jersey,united states
1792,maison alhambra,maison alhambra ladies reyna pour femme edp 3.4 oz fragrances 6290360590721,fragrances,27.89,US $27.89,3.0,3 available / 8 sold,8.0,"May 24, 2024 09:44:28 PDT","brooklyn, new york, united states",for women,"['brooklyn', 'new york', 'united states']",brooklyn,new york,united states
1793,acqua di parma,acqua di parma blu mediterraneo mirto di panarea eau de toilette  75 ml 2.5 oz,oil,34.99,US $34.99,2.0,2 available / 8 sold,8.0,"May 19, 2024 19:10:15 PDT","california,united states, hong kong",for women,"['california', 'united states', 'hong kong']",california,united states,china
1794,al haramain,l'aventure ciel by al haramain eau de parfum 3.33oz/100ml spray new with box,eau de parfum,33.75,US $33.75,10.0,more than 10 available / 10 sold,10.0,"May 23, 2024 16:06:10 PDT","long island city, new york, united states",for women,"['long island city', 'new york', 'united states']",long island city,new york,united states
1795,gucci,gucci flora gorgeous jasmine 3.3 oz edp perfume for women new in box,eau de parfum,87.52,US $87.52,10.0,more than 10 available / 188 sold,188.0,"May 23, 2024 19:12:32 PDT","hackensack, new jersey, united states",for women,"['hackensack', 'new jersey', 'united states']",hackensack,new jersey,united states
1796,aquolina,"pink sugar creamy sunshine by aquolina, 3.4 oz edt spray for women",oil,19.73,US $19.73/ea,10.0,more than 10 available / 107 sold,107.0,"May 22, 2024 12:00:35 PDT","edison, new jersey, united states",for women,"['edison', 'new jersey', 'united states']",edison,new jersey,united states
1797,burberry,"burberry her eau de parfum for women mini .16oz, 5ml /free travel spray",eau de parfum,17.89,US $17.89,10.0,more than 10 available / 360 sold,360.0,"Jan 18, 2024 18:30:10 PST","west palm beach, florida, united states",for women,"['west palm beach', 'florida', 'united states']",west palm beach,florida,united states
1798,victoria's secret,victoria's secret dream angels desire 4.2 oz eau de parfum spray,eau de parfum,99.99,US $99.99/ea,6.0,6 available / 3 sold,3.0,"May 18, 2024 22:33:17 PDT","la porte, indiana, united states",for women,"['la porte', 'indiana', 'united states']",la porte,indiana,united states
1799,parfums de marly,"parfums de marly oriana by parfums de marly, 2.5 oz edp spray women",eau de parfum,99.99,US $99.99,1.0,last one / 7 sold,7.0,"May 20, 2024 19:06:19 PDT","jefferson, texas, united states",for women,"['jefferson', 'texas', 'united states']",jefferson,texas,united states
1800,as shown,burberry her eau de toilette for women 3.3 oz edt spray new in box sealed,oil,59.99,US $59.99,1.0,last one / 11 sold,11.0,"May 21, 2024 02:46:19 PDT","ottawa,california, canada",for women,"['ottawa', 'california', 'canada']",ottawa,california,canada
1801,jimmy choo,jimmy choo flash by jimmy choo 3.3 / 3.4 oz edp perfume women new in box,eau de perfume,37.02,US $37.02/ea,25.0,"25 available / 1,926 sold",1926.0,"May 24, 2024 08:52:07 PDT","dallas, texas, united states",for women,"['dallas', 'texas', 'united states']",dallas,texas,united states
1802,unbranded,30ml venom pheromone perfume collection floral scent fragrance perfume for women,esprit de parfum,12.95,US $12.95,10.0,more than 10 available / 42 sold,42.0,"Apr 27, 2024 19:05:16 PDT","ca, united states",for women,"['ca', 'united states']",ca,,united states
1803,britney spears,fantasy jungle by britney spears 3.3 oz edt perfume for women new in box,oil,24.99,US $24.99,4.0,4 available / 21 sold,21.0,"May 22, 2024 13:49:05 PDT","hackensack, new jersey, united states",for women,"['hackensack', 'new jersey', 'united states']",hackensack,new jersey,united states
1804,elizabeth arden,classic red door elizabeth arden women 3.3 3.4 oz 100 ml edt spray same as photo,oil,36.94,US $36.94/ea,7.0,7 available / 233 sold,233.0,"Mar 25, 2024 16:16:50 PDT","midway city, california, united states",for women,"['midway city', 'california', 'united states']",midway city,california,united states
1805,yves saint laurent,black opium by yves saint laurent edp for women 3.0 oz / 90 ml new,eau de parfum,39.95,US $39.95/ea,10.0,more than 10 available / 3 sold,3.0,"May 16, 2024 20:06:04 PDT","piscataway, new jersey, united states",for women,"['piscataway', 'new jersey', 'united states']",piscataway,new jersey,united states
1806,parfums de marly,parfums de marly 2.5 oz parfums de marly oriana eau de parfum spray,eau de parfum,89.99,US $89.99,5.0,5 available / 6 sold,6.0,"May 19, 2024 05:30:55 PDT","lubbock, texas, united states",for women,"['lubbock', 'texas', 'united states']",lubbock,texas,united states
1807,dolce & gabbana,dolce shine by dolce & gabbana 2.5 oz edp perfume for women brand new tester,eau de parfum,34.76,US $34.76,1.0,last one / 144 sold,144.0,"May 20, 2024 05:28:09 PDT","hackensack, new jersey, united states",for women,"['hackensack', 'new jersey', 'united states']",hackensack,new jersey,united states
1808,carolina herrera,good girl dazzling garden by carolina herrera 2.7oz eau de parfum spray. new box,eau de parfum,90.0,US $90.00/ea,10.0,10 available / 75 sold,75.0,"May 22, 2024 00:00:27 PDT","katy, texas, united states",for women,"['katy', 'texas', 'united states']",katy,texas,united states
1809,dolce & gabbana,light blue by dolce & gabbana for women edt 3.3 fl oz/ 100ml new sealed packed,oil,27.99,US $27.99,2.0,2 available / 8 sold,8.0,"May 17, 2024 10:08:54 PDT","hamtramck, michigan, united states",for women,"['hamtramck', 'michigan', 'united states']",hamtramck,michigan,united states
1810,maison margiela,maison margiela replica lazy sunday morning eau de toilette 3.4 oz new in box,oil,48.88,US $48.88,10.0,more than 10 available / 4 sold,4.0,,"college point, new york, united states",for women,"['college point', 'new york', 'united states']",college point,new york,united states
1811,sol de janeiro,sol de janeiro sol cheirosa '62 eau de parfum 1.7 oz / 50ml nib factory sealed,eau de parfum,59.98,US $59.98/ea,10.0,more than 10 available / 5 sold,5.0,,"keyport, new jersey, united states",for women,"['keyport', 'new jersey', 'united states']",keyport,new jersey,united states
1812,versace,versace dylan turquoise by gianni versace 3.4 oz edt perfume for women nib,oil,39.55,US $39.55/ea,2.0,"limited quantity available / 1,059 sold",1059.0,"May 23, 2024 15:49:26 PDT","hackensack, new jersey, united states",for women,"['hackensack', 'new jersey', 'united states']",hackensack,new jersey,united states
1813,marc jacobs,marc jacobs perfect intense eau de parfum 3.3 oz 100ml-brand new imperfect box,eau de parfum,65.95,US $65.95,10.0,more than 10 available / 150 sold,150.0,"May 15, 2024 03:54:01 PDT","stanley, wisconsin, united states",for women,"['stanley', 'wisconsin', 'united states']",stanley,wisconsin,united states
1814,givenchy,l'interdit intense rouge by givenchy perfume for women edp 2.7 oz new tester,eau de perfume,63.25,US $63.25/ea,86.0,86 available / 116 sold,116.0,"May 18, 2024 00:20:14 PDT","dallas, texas, united states",for women,"['dallas', 'texas', 'united states']",dallas,texas,united states
1815,giorgio armani,my way  by giorgio armani edp for women 1.7 oz / 50ml *new in box*,eau de parfum,50.99,US $50.99,10.0,more than 10 available / 27 sold,27.0,"Feb 15, 2024 09:04:27 PST","miami, florida, united states",for women,"['miami', 'florida', 'united states']",miami,florida,united states
1816,fragrance,good girl by carolina herrera 2.7 fl oz spray eau de parfum women's,spray,44.99,US $44.99/ea,10.0,more than 10 available / 2 sold,2.0,"May 08, 2024 04:06:30 PDT","44260, united states",for women,"['44260', 'united states']",44260,,united states
1817,versace,red jeans by versus versace 2.5 oz perfume for women new in box,oil,18.81,US $18.81/ea,4.0,"4 available / 1,960 sold",1960.0,"May 22, 2024 18:50:37 PDT","hackensack, new jersey, united states",for women,"['hackensack', 'new jersey', 'united states']",hackensack,new jersey,united states
1818,armaf,armaf ladies the pride of armaf white edp spray 3.4 oz fragrances 6294015138320,fragrances,26.31,US $26.31,3.0,3 available / 20 sold,20.0,"May 24, 2024 09:32:31 PDT","brooklyn, new york, united states",for women,"['brooklyn', 'new york', 'united states']",brooklyn,new york,united states
1819,prada,prada candy perfume 2.7oz edp sweetly luxurious and new enchanting,eau de parfum,35.99,US $35.99/ea,6.0,6 available / 13 sold,13.0,"May 22, 2024 07:44:52 PDT","detroit, michigan, united states",for women,"['detroit', 'michigan', 'united states']",detroit,michigan,united states
1820,jovan,jovan musk by coty perfume 3.25 oz new in box,cologne,11.94,US $11.94/ea,82.0,"82 available / 1,286 sold",1286.0,"May 24, 2024 01:00:38 PDT","dallas, texas, united states",for women,"['dallas', 'texas', 'united states']",dallas,texas,united states
1821,victoria's secret,victoria's secret heavenly parfum eau de parfum 3.4 fl. oz. /  100ml,eau de parfum,28.0,US $28.00,4.0,4 available / 5 sold,5.0,"May 22, 2024 10:05:51 PDT","hamtramck, michigan, united states",for women,"['hamtramck', 'michigan', 'united states']",hamtramck,michigan,united states
1822,jo malone,jo malone peony & blush suede eau de cologne 3.4fl oz / 100 ml perfume,eau de perfume,49.99,US $49.99,9.0,9 available / 13 sold,13.0,"May 21, 2024 20:04:49 PDT","shenzhen, china",for women,"['shenzhen', 'china']",shenzhen,,china
1823,jo malone,jo malone dark amber &ginger lily cologne intense women's eau de 3.4 fl oz/100ml,cologne,79.99,US $79.99,6.0,6 available / 4 sold,4.0,"May 15, 2024 07:44:11 PDT","las vegas, nevada, united states",for women,"['las vegas', 'nevada', 'united states']",las vegas,nevada,united states
1824,atlantic,cry baby perfume 1ml only,eau de perfume,55.0,US $55.00,6.0,6 available / 12 sold,12.0,"May 24, 2024 09:01:26 PDT","round rock, texas, united states",for women,"['round rock', 'texas', 'united states']",round rock,texas,united states
1825,maison alhambra,glacier bold edp perfume by maison alhambra lattafa 100 ml🥇hot new release🥇,eau de parfum,39.99,US $39.99/ea,23.0,23 available / 48 sold,48.0,"May 23, 2024 04:40:34 PDT","north brunswick, new jersey, united states",for women,"['north brunswick', 'new jersey', 'united states']",north brunswick,new jersey,united states
1826,philosophy,philosophy amazing grace lavender eau de toilette edt spray 4oz 120ml not sealed,oil,32.99,US $32.99,4.0,4 available / 9 sold,9.0,"May 12, 2024 09:18:39 PDT","melrose park, illinois, united states",for women,"['melrose park', 'illinois', 'united states']",melrose park,illinois,united states
1828,jo malone,jo malone english pear & freesia 3.4oz women's eau de cologne spray,cologne,66.95,US $66.95,10.0,more than 10 available / 6 sold,6.0,"May 13, 2024 08:12:15 PDT","piscataway, new jersey, united states",for women,"['piscataway', 'new jersey', 'united states']",piscataway,new jersey,united states
1829,carolina herrera,carolina herrera very good girl 2.7o 80 ml eau de partum brand new sealed box,eau de parfum,51.99,US $51.99/ea,8.0,8 available / 12 sold,12.0,"May 21, 2024 22:50:04 PDT","warren, michigan, united states",for women,"['warren', 'michigan', 'united states']",warren,michigan,united states
1830,narciso rodriguez,narciso rodriguez for her 3.3oz edp signature women's perfume spray new,eau de parfum,34.99,US $34.99/ea,10.0,more than 10 available / 26 sold,26.0,"May 20, 2024 10:38:43 PDT","detroit, michigan, united states",for women,"['detroit', 'michigan', 'united states']",detroit,michigan,united states
1831,l'artisan,l'artisan parfumeur 'mon numero 10' eau de parfum 0.7oz/30ml new in box,eau de parfum,48.93,US $48.93,10.0,more than 10 available / 37 sold,37.0,"May 18, 2024 08:18:46 PDT","long island city, new york, united states",for women,"['long island city', 'new york', 'united states']",long island city,new york,united states
1832,chanel,new chanel paris gardenia 4ml .12 oz boxed miniature eau de parfume edp,eau de parfum,27.0,US $27.00,2.0,2 available / 8 sold,8.0,,"mountain top, pennsylvania, united states",for women,"['mountain top', 'pennsylvania', 'united states']",mountain top,pennsylvania,united states
1833,afnan,9 am pour femme by afnan 3.4 oz edp perfume for women new in box,eau de parfum,29.95,US $29.95/ea,4.0,4 available / 40 sold,40.0,"May 23, 2024 19:32:58 PDT","melissa, texas, united states",for women,"['melissa', 'texas', 'united states']",melissa,texas,united states
1834,versace,versace bright crystal absolu by versace 3.0 oz edp perfume for women tester,eau de parfum,45.98,US $45.98/ea,2.0,"limited quantity available / 5,166 sold",5166.0,"May 24, 2024 08:57:27 PDT","hackensack, new jersey, united states",for women,"['hackensack', 'new jersey', 'united states']",hackensack,new jersey,united states
1835,juliette has a gun,juliette has a gun not a perfume womens edp travel size 5.5 ml / 0.17 oz nwob,eau de parfum,11.99,US $11.99/ea,10.0,more than 10 available / 19 sold,19.0,"Apr 11, 2024 12:26:20 PDT","potomac, maryland, united states",for women,"['potomac', 'maryland', 'united states']",potomac,maryland,united states
1836,juicy couture,juicy couture solid perfume stick for women 0.17 oz mini new free ship,solid perfume stick,5.65,US $5.65/ea,6.0,6 available / 178 sold,178.0,"May 19, 2024 21:05:55 PDT","tx, united states",for women,"['tx', 'united states']",tx,,united states
1837,dolce & gabbana,dolce & gabbana light blue 6.7 fl oz eau de toilette spray women's new & sealed,oil,53.99,US $53.99/ea,9.0,9 available / 3 sold,3.0,"May 23, 2024 05:39:20 PDT","warren, michigan, united states",for women,"['warren', 'michigan', 'united states']",warren,michigan,united states
1838,clubman pinaud,blue waltz perfume 0.63 fl oz,eau de perfume,8.34,US $8.34,10.0,more than 10 available / 409 sold,409.0,"May 23, 2024 22:30:43 PDT","palm desert, california, united states",for women,"['palm desert', 'california', 'united states']",palm desert,california,united states
1840,tommy hilfiger,tommy girl by tommy hilfiger for women 0.5 oz eau de toilette spray new in box,oil,11.95,US $11.95/ea,8.0,8 available / 14 sold,14.0,"May 24, 2024 05:45:44 PDT","beauty maxima, united states, united states",for women,"['beauty maxima', 'united states', 'united states']",beauty maxima,united states,united states
1841,dolce & gabbana,dolce&gabbana light blue forever for women 3.38 fl oz eau de parfum spray,eau de parfum,45.11,US $45.11,3.0,3 available / 5 sold,5.0,"May 23, 2024 10:56:57 PDT","brooklyn, new york, united states",for women,"['brooklyn', 'new york', 'united states']",brooklyn,new york,united states
1842,dolce & gabbana,light blue by dolce & gabbana for women edt 3.3 / 3.4 oz sealed new,oil,28.85,US $28.85/ea,7.0,7 available / 82 sold,82.0,"May 22, 2024 10:10:34 PDT","hamtramck, michigan, united states",for women,"['hamtramck', 'michigan', 'united states']",hamtramck,michigan,united states
1843,liz claiborne,curve crush by liz claiborne edt perfume for women 3.3 / 3.4 oz new in box,oil,22.23,US $22.23/ea,10.0,"more than 10 available / 3,584 sold",3584.0,"May 23, 2024 17:00:31 PDT","hackensack, new jersey, united states",for women,"['hackensack', 'new jersey', 'united states']",hackensack,new jersey,united states
1844,lancôme,la vie est belle intensement by lancome edp for women 3.4 oz /100ml *new in box*,eau de parfum,74.99,US $74.99,10.0,more than 10 available / 160 sold,160.0,"Feb 14, 2024 12:25:07 PST","miami, florida, united states",for women,"['miami', 'florida', 'united states']",miami,florida,united states
1845,banana republic,banana republic wildbloom vert 3.4 oz edp perfume for women new in box,eau de parfum,20.3,US $20.30/ea,6.0,6 available / 998 sold,998.0,"May 22, 2024 11:04:55 PDT","hackensack, new jersey, united states",for women,"['hackensack', 'new jersey', 'united states']",hackensack,new jersey,united states
1846,lolita lempicka,lolita lempicka by lolita lempicka 3.4 oz edp perfume for women new in box,eau de parfum,39.82,US $39.82/ea,10.0,"more than 10 available / 2,143 sold",2143.0,"May 23, 2024 22:19:41 PDT","hackensack, new jersey, united states",for women,"['hackensack', 'new jersey', 'united states']",hackensack,new jersey,united states
1847,montale,roses musk by montale perfume for women edp 3.3 / 3.4 oz new in box,eau de parfum,55.66,US $55.66/ea,23.0,23 available / 268 sold,268.0,"May 24, 2024 09:42:09 PDT","dallas, texas, united states",for women,"['dallas', 'texas', 'united states']",dallas,texas,united states
1848,estée lauder,knowing by estee lauder 2.5 oz edp perfume for women new in box,eau de parfum,42.69,US $42.69/ea,10.0,more than 10 available / 868 sold,868.0,"May 23, 2024 08:22:07 PDT","hackensack, new jersey, united states",for women,"['hackensack', 'new jersey', 'united states']",hackensack,new jersey,united states
1849,britney spears,believe by britney spears 3.3 / 3.4 oz edp perfume for women new in box,eau de parfum,22.36,US $22.36/ea,46.0,46 available / 177 sold,177.0,"May 24, 2024 09:07:13 PDT","dallas, texas, united states",for women,"['dallas', 'texas', 'united states']",dallas,texas,united states
1850,dolce & gabbana,dolce & gabbana light blue 1.7 oz./ 50 ml. eau de toilette spray for women new,oil,38.0,US $38.00/ea,10.0,10 available / 11 sold,11.0,"May 23, 2024 13:17:17 PDT","katy, texas, united states",for women,"['katy', 'texas', 'united states']",katy,texas,united states
1851,issey miyake,l'eau d'issey by issey miyake edt perfume for women 1.6 oz new in box,oil,31.87,US $31.87/ea,6.0,6 available / 258 sold,258.0,"May 23, 2024 16:28:06 PDT","hackensack, new jersey, united states",for women,"['hackensack', 'new jersey', 'united states']",hackensack,new jersey,united states
1852,m·a·c,"m.a.c turquatic fragrance blend parfume spray, 0.68 fl oz. / 20 ml, new in box",eau de perfume,29.5,US $29.50,5.0,5 available / 7 sold,7.0,"May 15, 2024 11:05:36 PDT","camarillo, california, united states",for women,"['camarillo', 'california', 'united states']",camarillo,california,united states
1853,parfums de marly,1 vial sedley by parfums de marly for women 0.05 oz 1.5 ml eau de parfum spray,eau de parfum,8.99,US $8.99/ea,5.0,5 available / 126 sold,126.0,"May 21, 2024 05:43:36 PDT","tx, united states",for women,"['tx', 'united states']",tx,,united states
1854,as shown,l'imperatrice 3 by d&g 3.3 oz 100ml eau de toilette perfume for women new in box,oil,32.99,US $32.99/ea,4.0,4 available / 14 sold,14.0,"May 24, 2024 10:01:28 PDT","hongkong, hong kong",for women,"['hongkong', 'hong kong']",hongkong,,china
1855,thierry mugler,alien by thierry mugler 3.4 oz edp refill perfume for women new in box,eau de parfum,76.34,US $76.34/ea,3.0,3 available / 92 sold,92.0,"May 22, 2024 23:22:46 PDT","hackensack, new jersey, united states",for women,"['hackensack', 'new jersey', 'united states']",hackensack,new jersey,united states
1856,versace,bright crystal de versace eau de toilette 3.0 ee. uu. fl. oz. / spray mujer 90 ml-,oil,29.99,US $29.99,2.0,2 disponibles / 3 vendidos,0.0,23 may 2024 02:42:14 EST,"hamtramck, michigan, estados unidos",for women,"['hamtramck', 'michigan', 'estados unidos']",hamtramck,michigan,estados unidos
1857,versace,yellow diamond by gianni versace for women edt 3.0 oz new tester,oil,37.63,US $37.63/ea,12.0,"12 available / 1,909 sold",1909.0,"May 24, 2024 08:46:09 PDT","dallas, texas, united states",for women,"['dallas', 'texas', 'united states']",dallas,texas,united states
1858,salvatore ferragamo,salvatore ferragamo pour femme edp perfume for women 3.4 / 3.3 oz new in box,eau de parfum,29.25,US $29.25/ea,56.0,"56 available / 1,347 sold",1347.0,"May 22, 2024 15:36:00 PDT","dallas, texas, united states",for women,"['dallas', 'texas', 'united states']",dallas,texas,united states
1859,clinique,happy by clinique women's eau de parfum - 100ml,eau de perfume,23.89,US $23.89/ea,10.0,more than 10 available / 1 sold,1.0,"May 23, 2024 09:33:42 PDT","dallas, texas, united states",for women,"['dallas', 'texas', 'united states']",dallas,texas,united states
1860,versace,mini versace dylan blue pour femme 0.17 oz edp perfume for women new in box,esprit de parfum,9.39,US $9.39,10.0,more than 10 available / 336 sold,336.0,"May 23, 2024 08:10:13 PDT","hackensack, new jersey, united states",for women,"['hackensack', 'new jersey', 'united states']",hackensack,new jersey,united states
1861,yves saint laurent,mon paris by yves saint laurent eau de parfum 3oz 90ml perfume new sealed in box,eau de parfum,34.99,US $34.99/ea,6.0,6 available / 18 sold,18.0,"May 20, 2024 23:31:20 PDT","california usa taiwan, taiwan",for women,"['california usa taiwan', 'taiwan']",california usa taiwan,,taiwan
1862,anna sui,anna sui ladies sky edt 2.5 oz (tester) fragrances 085715064172,fragrances,32.39,US $32.39,3.0,3 available / 4 sold,4.0,"May 21, 2024 08:14:37 PDT","brooklyn, new york, united states",for women,"['brooklyn', 'new york', 'united states']",brooklyn,new york,united states
1863,dolce & gabbana,dolce & gabbana light blue 3.3 /3.4 oz women’s eau de toilette spray new sealed,oil,29.75,US $29.75/ea,9.0,9 available / 108 sold,108.0,"May 23, 2024 21:29:23 PDT","detroit, michigan, united states",for women,"['detroit', 'michigan', 'united states']",detroit,michigan,united states
1864,jimmy choo,jimmy choo rose passion by jimmy choo for her edp 3.3 / 3.4 oz new tester,eau de perfume,36.94,US $36.94/ea,214.0,214 available / 30 sold,30.0,"May 15, 2024 01:11:01 PDT","dallas, texas, united states",for women,"['dallas', 'texas', 'united states']",dallas,texas,united states
1865,givenchy,givenchy l'interdit nocturnal jasmine 50ml / 1.7 oz edp spray edition millesime,oil,94.99,US $94.99/ea,2.0,2 available / 4 sold,4.0,"May 23, 2024 21:47:38 PDT","sanborn, new york, united states",for women,"['sanborn', 'new york', 'united states']",sanborn,new york,united states
1866,yves saint laurent,yves saint laurent mon paris eau de parfum 3 oz/90 ml for women,eau de parfum,36.68,US $36.68/ea,10.0,more than 10 available / 5 sold,5.0,"May 22, 2024 18:49:50 PDT","sacramento, california, united states",for women,"['sacramento', 'california', 'united states']",sacramento,california,united states
1867,giorgio armani,armani si by giorgio armani eau de parfum 3.4 fl oz spray women's new & sealed,eau de parfum,41.99,US $41.99/ea,2.0,2 available / 3 sold,3.0,"May 20, 2024 08:28:15 PDT","huntsville, alabama, united states",for women,"['huntsville', 'alabama', 'united states']",huntsville,alabama,united states
1868,lattafa,yara by lattafa perfumes femme concentrated oil fragrance roll-on (10ml),eau de perfume,7.2,US $7.20/ea,10.0,more than 10 available / 128 sold,128.0,"May 22, 2024 19:26:12 PDT","addison, illinois, united states",for women,"['addison', 'illinois', 'united states']",addison,illinois,united states
1869,carolina herrera,good girl new york by carolina herrera dot drama black edp  2.7 fl oz/80ml,eau de parfum,139.99,US $139.99,3.0,3 available / 43 sold,43.0,"May 23, 2024 05:37:11 PDT","delhi, delhi, india",for women,"['delhi', 'delhi', 'india']",delhi,delhi,india
1870,baby phat,baby phat goddess by kimora lee simmons 1.7oz  edp spray perfume  (pink) rare,eau de parfum,79.95,US $79.95,3.0,3 available / 1 sold,1.0,"May 23, 2024 20:10:08 PDT","new hyde park, new york, united states",for women,"['new hyde park', 'new york', 'united states']",new hyde park,new york,united states
1871,lancôme,lancome idole now 3.4oz / 100ml eau de parfum spray for women new in box,eau de parfum,69.99,US $69.99,4.0,4 available / 23 sold,23.0,"May 09, 2024 00:05:00 PDT","california or hong kong, hong kong",for women,"['california or hong kong', 'hong kong']",california or hong kong,,china
1872,jo malone,"jo malone london english pear & sweet pea cologne, large size 3.4oz/100ml,new",cologne,99.0,US $99.00,2.0,2 available / 2 sold,2.0,"May 01, 2024 07:26:19 PDT","novi, michigan, united states",for women,"['novi', 'michigan', 'united states']",novi,michigan,united states
1873,lancôme,lancome tresor 3.4 oz edp romantic women's perfume spray timeless fragrance,eau de parfum,44.99,US $44.99/ea,10.0,more than 10 available / 9 sold,9.0,"May 23, 2024 08:27:40 PDT","southgate, michigan, united states",for women,"['southgate', 'michigan', 'united states']",southgate,michigan,united states
1874,ariana grande,cloud by ariana grande 3.4 oz edp perfume for women new in box 2-5 days delivery,eau de parfum,29.6,US $29.60/ea,6.0,6 available / 20 sold,20.0,"May 22, 2024 09:18:37 PDT","sayreville, new jersey, pakistan",for women,"['sayreville', 'new jersey', 'pakistan']",sayreville,new jersey,pakistan
1875,mem,complete set of 7 love's baby soft by mem  unboxed original 90s pl read below,cologne,28.0,US $28.00/ea,10.0,more than 10 available / 6 sold,6.0,"Apr 23, 2024 02:10:14 PDT","hicksville, new york, united states",for women,"['hicksville', 'new york', 'united states']",hicksville,new york,united states
1876,maison margiela,maison margiela replica sailing day eau de toilette 3.4 oz new in box us,oil,48.88,US $48.88,10.0,more than 10 available / 48 sold,48.0,"May 13, 2024 18:29:35 PDT","college point, new york, united states",for women,"['college point', 'new york', 'united states']",college point,new york,united states
1877,escada,escada santorini sunrise by escada eau de toilette spray 3.4oz/100ml for women,oil,38.01,US $38.01/ea,10.0,more than 10 available / 32 sold,32.0,"May 23, 2024 01:33:13 PDT","hauppauge, new york, united states",for women,"['hauppauge', 'new york', 'united states']",hauppauge,new york,united states
1878,khadlaj,shiyaaka khadlaj 100ml 3.4.oz eau de parfum spray,eau de parfum,38.0,US $38.00,1.0,last one / 8 sold,8.0,"Apr 27, 2024 08:14:50 PDT","hicksville, new york, united states",for women,"['hicksville', 'new york', 'united states']",hicksville,new york,united states
1879,ariana grande,cloud by ariana grande perfume 3.4 oz eau de parfum edp for women brand new!!,eau de parfum,32.0,US $32.00/ea,9.0,9 available / 10 sold,10.0,"May 22, 2024 10:10:13 PDT","hamtramck, michigan, united states",for women,"['hamtramck', 'michigan', 'united states']",hamtramck,michigan,united states
1881,gwen stefani,l lamb by gwen stefani perfume women 3.4 oz 100ml edp spray (t) very rare!,eau de parfum,150.0,US $150.00,1.0,last one / 62 sold,62.0,"May 11, 2024 01:54:01 PDT","jamaica, new york, united states",for women,"['jamaica', 'new york', 'united states']",jamaica,new york,united states
1882,jimmy choo,"i want choo forever by jimmy choo, 3.3 oz edp spray for women",eau de parfum,58.62,US $58.62/ea,10.0,more than 10 available / 48 sold,48.0,"May 21, 2024 19:32:40 PDT","edison, new jersey, united states",for women,"['edison', 'new jersey', 'united states']",edison,new jersey,united states
1883,kate spade,live colorfully sunset by kate spade women perfume 3.4 oz 3.3 edp new tester,eau de perfume,20.93,US $20.93,1.0,last one / 243 sold,243.0,"May 14, 2024 10:16:11 PDT","dallas, texas, united states",for women,"['dallas', 'texas', 'united states']",dallas,texas,united states
1884,dior,miss dior rose n'roses by christian dior for women edt 3.3 / 3.4 oz new in box,oil,85.67,US $85.67,1.0,last one / 85 sold,85.0,"May 16, 2024 21:23:44 PDT","dallas, texas, united states",for women,"['dallas', 'texas', 'united states']",dallas,texas,united states
1885,marc jacobs,daisy marc jacobs eau so fresh pop 2.5 oz/ 75 ml edt spray for women. new in box,oil,74.99,US $74.99/ea,10.0,10 available / 13 sold,13.0,"May 20, 2024 15:45:05 PDT","katy, texas, united states",for women,"['katy', 'texas', 'united states']",katy,texas,united states
1886,unbranded,50ml pheromone perfume spray for women lady attractant men long lasting gifts,eau de perfume,8.99,US $8.99,10.0,more than 10 available / 120 sold,120.0,"Apr 21, 2024 19:06:57 PDT","temecula, california, united states",for women,"['temecula', 'california', 'united states']",temecula,california,united states
1887,burberry,burberry her 3.3 oz edt eau de toilette spray womens perfume 100 ml new in box,oil,49.99,US $49.99/ea,10.0,more than 10 available / 22 sold,22.0,"May 21, 2024 18:01:34 PDT","new york, new york, taiwan",for women,"['new york', 'new york', 'taiwan']",new york,new york,taiwan
1888,jo malone,jo malone orris & sandalwood cologne intense women's eau de 3.4 fl oz/100ml,cologne,86.99,US $86.99,4.0,4 available / 6 sold,6.0,"May 08, 2024 16:32:50 PDT","las vegas, nevada, united states",for women,"['las vegas', 'nevada', 'united states']",las vegas,nevada,united states
1889,chloé,nomade by chloe perfume for women edp 2.5 oz new in box,eau de parfum,67.14,US $67.14/ea,4.0,4 available / 124 sold,124.0,"May 23, 2024 10:32:22 PDT","dallas, texas, united states",for women,"['dallas', 'texas', 'united states']",dallas,texas,united states
1890,dolce & gabbana,light blue summer vibes by dolce & gabbana 3.3 oz edt perfume women new in box,oil,52.38,US $52.38,10.0,more than 10 available / 27 sold,27.0,"May 24, 2024 03:21:02 PDT","hackensack, new jersey, united states",for women,"['hackensack', 'new jersey', 'united states']",hackensack,new jersey,united states
1891,dossier,dossier citrus peony eau de parfum. size: 50ml / 1.7oz,eau de parfum,22.0,US $22.00/ea,10.0,more than 10 available / 18 sold,18.0,,"los angeles, california, united states",for women,"['los angeles', 'california', 'united states']",los angeles,california,united states
1892,jo malone,jo malone saffron cologne intense spray women's eau de 3.4 fl oz/100ml,cologne,86.99,US $86.99,5.0,5 available / 5 sold,5.0,"May 08, 2024 16:32:50 PDT","las vegas, nevada, united states",for women,"['las vegas', 'nevada', 'united states']",las vegas,nevada,united states
1893,juliette has a gun,"juliette has a gun pear inc. 1.7 oz. eau de parfum spray, new in sealed box",eau de parfum,54.95,US $54.95/ea,10.0,10 available / 18 sold,18.0,"May 23, 2024 13:41:41 PDT","katy, texas, united states",for women,"['katy', 'texas', 'united states']",katy,texas,united states
1894,chanel,chanel chance eau fraiche edt eau de toilette spray 3.4 oz 100 ml (sealed box),oil,115.22,US $115.22,8.0,8 available / 5 sold,5.0,"May 17, 2024 01:58:47 PDT","glendale, california, united states",for women,"['glendale', 'california', 'united states']",glendale,california,united states
1895,jeanne arthes,jeanne arthes boum candy land eau de parfum women vanille sa pomme d'amour 100ml,eau de parfum,29.66,US $29.66,10.0,more than 10 available / 163 sold,163.0,"May 13, 2024 04:10:57 PDT","sevlievo, bulgaria",for women,"['sevlievo', 'bulgaria']",sevlievo,,bulgaria
1896,burberry,burberry london women *classic* 0.15 oz / 4.5 ml eau de parfum miniature in box,eau de parfum,11.49,US $11.49,10.0,more than 10 available / 20 sold,20.0,"May 13, 2024 11:28:03 PDT","spring valley, new york, united states",for women,"['spring valley', 'new york', 'united states']",spring valley,new york,united states
1897,britney spears,circus fantasy by britney spears 3.3 oz edp perfume for women new in box,eau de parfum,19.75,US $19.75/ea,4.0,4 available / 194 sold,194.0,"May 22, 2024 08:31:17 PDT","hackensack, new jersey, united states",for women,"['hackensack', 'new jersey', 'united states']",hackensack,new jersey,united states
1898,avon,sweet honesty by avon | discontinued 1.7 oz cologne spray  free fast shipping,cologne,16.95,US $16.95,10.0,more than 10 available / 90 sold,90.0,"May 19, 2024 12:16:40 PDT","humacao, puerto rico, united states",for women,"['humacao', 'puerto rico', 'united states']",humacao,puerto rico,united states
1899,clean,clean reserve six piece spray travel layering collection perfume 6 x 5ml/0.17oz,eau de parfum,23.89,US $23.89/ea,7.0,7 available / 82 sold,82.0,"Dec 12, 2023 14:38:58 PST","new york, new york, united states",for women,"['new york', 'new york', 'united states']",new york,new york,united states
1900,gucci,gucci flora eau de parfum 3 pcs set  / new with box,eau de parfum,52.99,US $52.99,10.0,more than 10 available / 4 sold,4.0,"May 23, 2024 00:00:03 PDT","long island city, new york, united states",for women,"['long island city', 'new york', 'united states']",long island city,new york,united states
1901,dolce & gabbana,"light blue by dolce & gabbana, 6.7 oz edt spray for women",oil,65.55,US $65.55/ea,10.0,"more than 10 available / 1,355 sold",1355.0,"May 24, 2024 07:59:22 PDT","edison, new jersey, united states",for women,"['edison', 'new jersey', 'united states']",edison,new jersey,united states
1902,juliette has a gun,vanilla vibes by juliette has a gun-edp-spray-3.3 oz-100 ml-authentic-u/b-france,eau de parfum,56.99,US $56.99/ea,2.0,2 available / 2 sold,2.0,"May 24, 2024 09:07:35 PDT","myrtle beach, south carolina, united states",for women,"['myrtle beach', 'south carolina', 'united states']",myrtle beach,south carolina,united states
1903,lancôme,idole by lancome eau de parfum edp perfume for women 2.5 oz new in box,eau de parfum,49.99,US $49.99,10.0,more than 10 available / 22 sold,22.0,"May 13, 2024 07:38:03 PDT","houston, texas, united states",for women,"['houston', 'texas', 'united states']",houston,texas,united states
1904,ralph lauren,ralph lauren romance women 6.7 oz 200 ml sensuous body moisturizer lotion sealed,sensuous body moisturizer,28.4,US $28.40/ea,10.0,more than 10 available / 65 sold,65.0,"Feb 22, 2024 16:27:17 PST","midway city, california, united states",for women,"['midway city', 'california', 'united states']",midway city,california,united states
1905,elizabeth arden,arden beauty by elizabeth arden 3.3 / 3.4 oz edp for women new in box sealed,eau de parfum,16.82,US $16.82/ea,111.0,111 available / 662 sold,662.0,"May 24, 2024 09:47:08 PDT","dallas, texas, united states",for women,"['dallas', 'texas', 'united states']",dallas,texas,united states
1906,jean paul gaultier,jean paul gaultier classique edt perfume spray 3.3 oz 3.4 women new tester,oil,58.94,US $58.94/ea,95.0,95 available / 129 sold,129.0,"May 23, 2024 08:46:38 PDT","dallas, texas, united states",for women,"['dallas', 'texas', 'united states']",dallas,texas,united states
1907,carolina herrera,carolina herrera good girl blush womens perfume edp mini 0.24 oz nwob,eau de parfum,24.99,US $24.99,6.0,6 available / 55 sold,55.0,"May 23, 2024 10:32:13 PDT","eden prairie, minnesota, united states",for women,"['eden prairie', 'minnesota', 'united states']",eden prairie,minnesota,united states
1908,givenchy,amarige by givenchy edt perfume for women 3.3 / 3.4 oz brand new tester,oil,45.98,US $45.98,1.0,last one / 425 sold,425.0,"May 22, 2024 09:47:15 PDT","hackensack, new jersey, united states",for women,"['hackensack', 'new jersey', 'united states']",hackensack,new jersey,united states
1909,victoria's secret,victoria's secret bombshell fine body lotion fragrance perfume 250ml,lotion,18.5,US $18.50,5.0,5 available / 2 sold,2.0,"May 22, 2024 06:01:13 PDT","lisle, illinois, united states",for women,"['lisle', 'illinois', 'united states']",lisle,illinois,united states
1910,daddy yankee,dyamante by daddy yankee 3.4 oz eau de parfum spray for women new in box,eau de parfum,12.15,US $12.15/ea,6.0,6 available / 533 sold,533.0,"May 21, 2024 11:35:08 PDT","dallas, texas, united states",for women,"['dallas', 'texas', 'united states']",dallas,texas,united states
1911,carolina herrera,good girl perfume by carolina herrera 5.1 oz. eau de parfum spray. new. no box,eau de parfum,89.99,US $89.99/ea,10.0,10 available / 285 sold,285.0,"May 23, 2024 22:31:13 PDT","katy, texas, united states",for women,"['katy', 'texas', 'united states']",katy,texas,united states
1912,classic erotica,pure instinct pheromone oil for her .5oz,oil,13.12,US $13.12/ea,10.0,more than 10 available / 96 sold,96.0,"May 11, 2024 13:10:48 PDT","carlton, georgia, united states",for women,"['carlton', 'georgia', 'united states']",carlton,georgia,united states
1913,avon,avon women fragrance perfume spray haiku 1.7oz  new in box| free travel spray,eau de perfume,16.89,US $16.89,10.0,more than 10 available / 177 sold,177.0,"May 05, 2024 00:29:28 PDT","west palm beach, florida, united states",for women,"['west palm beach', 'florida', 'united states']",west palm beach,florida,united states
1914,pacifica,pacifica tahitian gardenia perfume - purse travel rollerball .33oz/10ml,eau de perfume,14.9,US $14.90/ea,10.0,more than 10 available / 56 sold,56.0,"May 20, 2024 04:04:15 PDT","citrus heights, california, united states",for women,"['citrus heights', 'california', 'united states']",citrus heights,california,united states
1915,dior,nib {dior} miss dior rose n roses women's eau de toilette miniature 0.17 fl oz,oil,19.48,US $19.48,10.0,more than 10 available / 4 sold,4.0,"May 10, 2024 17:24:59 PDT","irvine, california, united states",for women,"['irvine', 'california', 'united states']",irvine,california,united states
1916,bvlgari,new women's edt perfume bvlgari omnia paraiba eau de toilette spray 2.2 oz,oil,33.86,US $33.86/ea,8.0,8 available / 18 sold,18.0,"May 15, 2024 03:09:55 PDT","houston, texas, hongkong, china",for women,"['houston', 'texas', 'hongkong', 'china']",houston,,china
1917,jo malone,jo malone london english pear & sweet pea cologne travel size 9ml/0.3fl.oz new!!,cologne,16.99,US $16.99,10.0,10 available / 39 sold,39.0,"May 19, 2024 11:41:14 PDT","laguna niguel, california, united states",for women,"['laguna niguel', 'california', 'united states']",laguna niguel,california,united states
1918,bvlgari,bvlgari rose goldea blossom delight eau de parfum 0.5oz 15ml vaporisateur  spray,eau de parfum,24.5,US $24.50/ea,10.0,more than 10 available / 18 sold,18.0,"May 24, 2024 06:42:45 PDT","brooklyn, new york, united states",for women,"['brooklyn', 'new york', 'united states']",brooklyn,new york,united states
1919,versace,versense by versace edt for women 3.4 oz / 100 ml *new*,oil,38.99,US $38.99,10.0,more than 10 available / 19 sold,19.0,"May 08, 2024 09:28:53 PDT","miami, florida, united states",for women,"['miami', 'florida', 'united states']",miami,florida,united states
1920,montale,montale intense cafe by montale  eau de parfum spray 3.4 oz new in box,eau de parfum,65.5,US $65.50,1.0,last one / 46 sold,46.0,"May 24, 2024 04:59:52 PDT","edison, new jersey, united states",for women,"['edison', 'new jersey', 'united states']",edison,new jersey,united states
1921,hugo boss,boss ma vie pour femme by hugo boss 2.5 oz edp perfume for women new in box,eau de parfum,29.79,US $29.79/ea,10.0,more than 10 available / 541 sold,541.0,"May 21, 2024 20:36:05 PDT","hackensack, new jersey, united states",for women,"['hackensack', 'new jersey', 'united states']",hackensack,new jersey,united states
1922,dolce & gabbana,the only one by dolce & gabbana perfume for women edp 3.3 / 3.4 oz new tester,eau de parfum,50.22,US $50.22/ea,8.0,8 available / 380 sold,380.0,"May 23, 2024 13:02:11 PDT","dallas, texas, united states",for women,"['dallas', 'texas', 'united states']",dallas,texas,united states
1923,montblanc,montblanc - signature eau de parfum spray  50ml/1.7oz,fragrances,31.01,US $31.01,3.0,3 available / 6 sold,6.0,"May 18, 2024 08:38:26 PDT","brooklyn, new york, united states",for women,"['brooklyn', 'new york', 'united states']",brooklyn,new york,united states
1924,dossier,dossier gourmand white flowers 1.7 oz cologne spray new no box,cologne,22.99,US $22.99,10.0,more than 10 available / 23 sold,23.0,"May 17, 2024 11:37:53 PDT","bogota, new jersey, united states",for women,"['bogota', 'new jersey', 'united states']",bogota,new jersey,united states
1925,christian audigier,ed hardy by christian audigier perfume for women edp 3.4 oz brand new in box,eau de parfum,22.9,US $22.90/ea,2.0,"limited quantity available / 3,510 sold",3510.0,"May 24, 2024 10:58:03 PDT","hackensack, new jersey, united states",for women,"['hackensack', 'new jersey', 'united states']",hackensack,new jersey,united states
1926,mancera,red tobacco by mancera 4 oz edp perfume for men new in box,eau de parfum,55.99,US $55.99/ea,10.0,more than 10 available / 25 sold,25.0,"May 20, 2024 03:00:46 PDT","new york, new york, taiwan",for women,"['new york', 'new york', 'taiwan']",new york,new york,taiwan
1928,estée lauder,estee lauder beautiful perfume eau de parfum spray 1 oz 30ml (sealed authentic!),eau de parfum,23.99,US $23.99,8.0,8 available / 26 sold,26.0,"May 06, 2024 03:22:42 PDT","hemet, california, united states",for women,"['hemet', 'california', 'united states']",hemet,california,united states
1929,marc jacobs,"daisy eau so fresh by marc jacobs 4.25 oz / 125 ml – edp spray, sealed",oil,39.99,US $39.99/ea,5.0,5 available / 32 sold,32.0,"May 09, 2024 05:43:46 PDT","dearborn, michigan, united states",for women,"['dearborn', 'michigan', 'united states']",dearborn,michigan,united states
1930,jessica simpson,fancy love by jessica simpson 8 oz body mist for women brand new,fragrance mist,10.98,US $10.98,10.0,10 available / 279 sold,279.0,"May 22, 2024 11:23:48 PDT","hackensack, new jersey, united states",for women,"['hackensack', 'new jersey', 'united states']",hackensack,new jersey,united states
1931,dolce & gabbana,dolce & gabbana pour femme 3.3 / 3.4 oz edp perfume for women brand new tester,eau de parfum,41.34,US $41.34/ea,2.0,2 available / 171 sold,171.0,"May 16, 2024 20:05:20 PDT","hackensack, new jersey, united states",for women,"['hackensack', 'new jersey', 'united states']",hackensack,new jersey,united states
1932,bath & body works,bath and body works nib black amethyst perfumes,eau de perfume,50.0,US $50.00,3.0,3 available / 3 sold,3.0,,"paige, texas, united states",for women,"['paige', 'texas', 'united states']",paige,texas,united states
1933,kilian,2 kilian good girl gone bad eau de parfum mini 1.5ml + le rouge lip travel set,eau de parfum,9.9,US $9.90,6.0,6 available / 2 sold,2.0,,"houston, texas, united states",for women,"['houston', 'texas', 'united states']",houston,texas,united states
1934,donna karan,donna karan cashmere mist 3.4 oz / 100ml women eau de parfum brand new sealed,eau de parfum,29.95,US $29.95/ea,8.0,"8 available / 1,239 sold",1239.0,"May 22, 2024 08:24:55 PDT","warren, michigan, united states",for women,"['warren', 'michigan', 'united states']",warren,michigan,united states
1935,escada,escada island kiss 3.4oz (100 ml) eau de toilette spray - new,eau de perfume,54.9,US $54.90,1.0,last one / 10 sold,10.0,"May 20, 2024 13:27:42 PDT","brooklyn, new york, united states",for women,"['brooklyn', 'new york', 'united states']",brooklyn,new york,united states
1936,rasasi,rasasi ladies daarej edp spray 3.4 oz fragrances 614514177013,fragrances,18.79,US $18.79,3.0,3 available / 5 sold,5.0,"May 22, 2024 14:38:40 PDT","brooklyn, new york, united states",for women,"['brooklyn', 'new york', 'united states']",brooklyn,new york,united states
1937,issey miyake,new! l'eau d'issey by issey miyake 0.84 oz edt perfume for women 5b,oil,21.0,US $21.00,3.0,3 available / 2 sold,2.0,"May 20, 2024 12:02:06 PDT","mesa, arizona, united states",for women,"['mesa', 'arizona', 'united states']",mesa,arizona,united states
1938,clinique,"aromatics elixir by clinique, 3.4 oz perfume spray for women",eau de perfume,34.17,US $34.17/ea,2.0,limited quantity available / 349 sold,349.0,"May 24, 2024 08:51:59 PDT","edison, new jersey, united states",for women,"['edison', 'new jersey', 'united states']",edison,new jersey,united states
1939,the body shop,the body shop 'white musk libertine' eau de toilette 2oz/60ml new,oil,19.3,US $19.30,10.0,more than 10 available / 10 sold,10.0,"May 23, 2024 02:12:12 PDT","long island city, new york, united states",for women,"['long island city', 'new york', 'united states']",long island city,new york,united states
1940,givenchy,givenchy dahlia divin for women eau de parfum spray 2.5 fl oz / 75ml edp,eau de parfum,70.0,US $70.00,6.0,6 available / 6 sold,6.0,"Apr 12, 2024 16:06:00 PDT","franklin square, new york, united states",for women,"['franklin square', 'new york', 'united states']",franklin square,new york,united states
1941,five star fragrance,light blue 6.7 oz / 200ml women's eau de toilette spray perfume brand new sealed,oil,40.99,US $40.99/ea,10.0,more than 10 available / 14 sold,14.0,"May 21, 2024 09:18:50 PDT","bainbridge island, washington, united states",for women,"['bainbridge island', 'washington', 'united states']",bainbridge island,washington,united states
1942,pink sugar,premium fragrance body oil pink sugar for women 16 oz,pink sugar,33.5,US $33.50,10.0,more than 10 available / 11 sold,11.0,"Mar 19, 2024 15:56:37 PDT","new york, new york, united states",for women,"['new york', 'new york', 'united states']",new york,new york,united states
1943,jimmy choo,jimmy choo illicit 2 oz edp perfume for women new in box,eau de parfum,28.18,US $28.18/ea,10.0,more than 10 available / 131 sold,131.0,"May 22, 2024 15:03:19 PDT","hackensack, new jersey, united states",for women,"['hackensack', 'new jersey', 'united states']",hackensack,new jersey,united states
1944,robert piguet,fracas by robert piguet parfum mini women splash 0.14 oz. no box  new & rare(p44,eau de perfume,23.99,US $23.99/ea,10.0,more than 10 available / 95 sold,95.0,"Apr 20, 2024 08:52:02 PDT","edison, new jersey, united states",for women,"['edison', 'new jersey', 'united states']",edison,new jersey,united states
1945,khadlaj,khadlaj hareem al sultan gold concentrated oil perfume 35 ml women spray,oil,25.99,US $25.99/ea,10.0,more than 10 available / 49 sold,49.0,"May 22, 2024 20:08:27 PDT","new york, new york, united states",for women,"['new york', 'new york', 'united states']",new york,new york,united states
1946,lattafa,lattafa yara women's floral perfume 5ml samples long lasting sweet,eau de perfume,9.99,US $9.99,7.0,7 available / 13 sold,13.0,,"sunnyside, new york, united states",for women,"['sunnyside', 'new york', 'united states']",sunnyside,new york,united states
1947,michael kors,michael kors silky body lotion 2.5 oz / 75 ml new,lotion,29.99,US $29.99/ea,10.0,more than 10 available / 283 sold,283.0,"Mar 28, 2024 08:46:41 PDT","lake hiawatha, new jersey, united states",for women,"['lake hiawatha', 'new jersey', 'united states']",lake hiawatha,new jersey,united states
1948,elizabeth & james,elizabeth & james nirvana rose 0.34 oz eau de parfum rollerball nib,eau de parfum,10.99,US $10.99/ea,10.0,more than 10 available / 104 sold,104.0,"May 16, 2024 14:41:54 PDT","edison, new jersey, united states",for women,"['edison', 'new jersey', 'united states']",edison,new jersey,united states
1949,oscar de la renta,oscar by oscar de la renta for women edt 6.7 oz new in box,oil,43.39,US $43.39,1.0,last one / 678 sold,678.0,"May 22, 2024 05:09:56 PDT","dallas, texas, united states",for women,"['dallas', 'texas', 'united states']",dallas,texas,united states
1950,gucci,gucci flora gorgeous gardenia 3.3 oz edp perfume for women new in box,eau de parfum,84.98,US $84.98/ea,2.0,limited quantity available / 272 sold,272.0,"May 23, 2024 20:04:13 PDT","hackensack, new jersey, united states",for women,"['hackensack', 'new jersey', 'united states']",hackensack,new jersey,united states
1951,coach,coach poppy women's eau de parfum spray 3.4 oz fragrance new sealed,eau de parfum,30.99,US $30.99/ea,5.0,5 available / 68 sold,68.0,"May 13, 2024 10:27:00 PDT","detroit, michigan, united states",for women,"['detroit', 'michigan', 'united states']",detroit,michigan,united states
1952,victoria's secret,victoria's secret bombshell escape eau de parfum 3.4oz,eau de parfum,55.0,US $55.00,2.0,2 available / 8 sold,8.0,"May 24, 2024 03:02:22 PDT","lincoln, nebraska, united states",for women,"['lincoln', 'nebraska', 'united states']",lincoln,nebraska,united states
1953,liz claiborne,discontinued realities by liz claiborne 3.4oz eau de parfum (true photo),eau de parfum,54.0,US $54.00/ea,10.0,more than 10 available / 163 sold,163.0,"May 18, 2024 04:53:14 PDT","sunnyside, new york, united states",for women,"['sunnyside', 'new york', 'united states']",sunnyside,new york,united states
1954,moschino,i love love cheap and chic by moschino edt for women 100 ml *new*,oil,24.99,US $24.99,3.0,3 available / 25 sold,25.0,"May 08, 2024 09:28:03 PDT","miami, florida, united states",for women,"['miami', 'florida', 'united states']",miami,florida,united states
1955,al wataniah,attar al wesal edp perfume by al wataniah 100 ml🥇hot new super rich fragrance🥇,eau de parfum,39.99,US $39.99/ea,10.0,more than 10 available / 79 sold,79.0,"May 20, 2024 17:40:51 PDT","san diego, california, united states",for women,"['san diego', 'california', 'united states']",san diego,california,united states
1956,burberry,burberry body edp 2.0ml .06fl oz x 5 perfume spray sample vials,eau de parfum,10.0,US $10.00,10.0,more than 10 available / 150 sold,150.0,"Feb 18, 2024 14:09:45 PST","albany, new york, united states",for women,"['albany', 'new york', 'united states']",albany,new york,united states
1957,elie saab,elie saab girl of now shine edp 1.0 oz fragrances 7640233340233,fragrances,34.77,US $34.77,3.0,3 available / 4 sold,4.0,"May 22, 2024 17:20:38 PDT","brooklyn, new york, united states",for women,"['brooklyn', 'new york', 'united states']",brooklyn,new york,united states
1958,valentino,valentino perfume travel spray 10ml (choose your scent) combined shipping,eau de perfume,20.95,US $20.95,7.0,7 available / 238 sold,238.0,"May 17, 2024 14:03:09 PDT","roseville, california, united states",for women,"['roseville', 'california', 'united states']",roseville,california,united states
1959,sol de janeiro,"sol de janeiro rio perfume mist 1fl.oz./30ml travel size, individual sprays",eau de perfume,16.99,US $16.99/ea,10.0,more than 10 available / 14 sold,14.0,"May 13, 2024 13:23:03 PDT","katy, texas, united states",for women,"['katy', 'texas', 'united states']",katy,texas,united states
1960,gwen stefani,l.a.m.b by gwen stefani lamb perfume 0.17 oz / 5 ml edp for women,eau de parfum,28.99,US $28.99,6.0,6 available / 42 sold,42.0,"May 14, 2024 19:07:16 PDT","new york, new york, united states",for women,"['new york', 'new york', 'united states']",new york,new york,united states
1961,avon,two pcs set avon classic odyssey cologne perfume spray 1.7 oz/free travel spray,cologne,16.89,US $16.89,10.0,more than 10 available / 179 sold,179.0,"May 21, 2024 04:48:46 PDT","west palm beach, florida, united states",for women,"['west palm beach', 'florida', 'united states']",west palm beach,florida,united states
1962,chanel,chanel coco mademoiselle eau de parfum  sample 5ml,eau de parfum,16.99,US $16.99,3.0,3 available / 1 sold,1.0,"May 24, 2024 04:49:17 PDT","denham springs, louisiana, united states",for women,"['denham springs', 'louisiana', 'united states']",denham springs,louisiana,united states
1963,aerin,"aerin mediterranean honeysuckle tiare summer edition sample spray .05oz, 1.5ml",eau de parfum,11.89,US $11.89,5.0,5 available / 16 sold,16.0,"May 22, 2024 02:08:32 PDT","phillipsburg, new jersey, united states",for women,"['phillipsburg', 'new jersey', 'united states']",phillipsburg,new jersey,united states
1964,kate spade,walk on air by kate spade for women fragrance mist 8.4 oz 250 ml new as picture,fragrance mist,13.75,US $13.75/ea,5.0,5 available / 221 sold,221.0,"May 20, 2024 12:38:17 PDT","tx, united states",for women,"['tx', 'united states']",tx,,united states
1965,juicy couture,juicy couture duo: viva la juicy w edp  / viva la juicy gold couture w edp (5ml),eau de parfum,12.0,US $12.00,8.0,8 available / 10 sold,10.0,"May 20, 2024 09:31:24 PDT","deer park, new york, united states",for women,"['deer park', 'new york', 'united states']",deer park,new york,united states
1966,yves saint laurent,new ysl mon paris eau de parfum 3 oz/90ml yves saint laurent edp spray for women,eau de parfum,35.88,US $35.88/ea,8.0,8 available / 3 sold,3.0,"May 24, 2024 01:21:39 PDT","houston,texas,hongkong, china",for women,"['houston', 'texas', 'hongkong', 'china']",houston,,china
1967,versace,versace dylan purple women edp 3.4 oz spray lotion shower gel & mini 4 pc set,eau de parfum,92.95,US $92.95/ea,5.0,5 available / 34 sold,34.0,"May 23, 2024 11:45:53 PDT","dallas, texas, united states",for women,"['dallas', 'texas', 'united states']",dallas,texas,united states
1968,as shown,narciso rodriguez musc noir rose 3.3 oz /100ml eau de parfum for women new us,eau de parfum,64.88,US $64.88/ea,10.0,10 available / 22 sold,22.0,"May 23, 2024 17:33:21 PDT","new york,united states, hong kong",for women,"['new york', 'united states', 'hong kong']",new york,united states,china
1969,unbranded,valentine nero women eau de parfum 3.4 oz,eau de parfum,13.99,US $13.99,10.0,more than 10 available / 5 sold,5.0,"Apr 28, 2024 20:19:23 PDT","dearborn, michigan, united states",for women,"['dearborn', 'michigan', 'united states']",dearborn,michigan,united states
1970,versace,versace eros pour femme 3.4 oz 3.3 edt perfume new tester,oil,44.95,US $44.95/ea,107.0,107 available / 32 sold,32.0,"May 23, 2024 08:46:36 PDT","dallas, texas, united states",for women,"['dallas', 'texas', 'united states']",dallas,texas,united states
1971,parfums de marly,parfums de marly delina la rosee 2.5 oz./ 75 ml. edp spray- new in box,eau de parfum,100.99,US $100.99,1.0,last one / 17 sold,17.0,"May 16, 2024 19:38:01 PDT","jefferson, texas, united states",for women,"['jefferson', 'texas', 'united states']",jefferson,texas,united states
1972,jo malone,jo malone bitter  mandarin cologne spray women's eau de  - 3.4 fl oz/100ml,cologne,79.99,US $79.99,9.0,9 available / 7 sold,7.0,"May 14, 2024 02:30:39 PDT","las vegas, nevada, united states",for women,"['las vegas', 'nevada', 'united states']",las vegas,nevada,united states
1973,ariana grande,sweet like candy by ariana grande perfume 3.3 / 3.4 oz edp new tester,eau de parfum,29.53,US $29.53/ea,50.0,50 available / 856 sold,856.0,"May 24, 2024 10:56:09 PDT","dallas, texas, united states",for women,"['dallas', 'texas', 'united states']",dallas,texas,united states
1974,parfums de marly,parfums de marly delina 2.5 fl oz women's edp spray used sale!!!,eau de parfum,80.0,US $80.00,10.0,more than 10 available / 2 sold,2.0,,"pittsburgh, pennsylvania, united states",for women,"['pittsburgh', 'pennsylvania', 'united states']",pittsburgh,pennsylvania,united states
1975,gucci,gucci guilty 1.7 oz edt perfume for women new in box,oil,64.58,US $64.58,2.0,limited quantity available / 275 sold,275.0,"May 21, 2024 15:16:00 PDT","hackensack, new jersey, united states",for women,"['hackensack', 'new jersey', 'united states']",hackensack,new jersey,united states
1976,bath & body works,bath & body works night blooming jasmine body mist 8 fl oz,fragrance body mist,23.95,US $23.95,5.0,5 available / 23 sold,23.0,"May 14, 2024 04:35:58 PDT","south ozone park, new york, united states",for women,"['south ozone park', 'new york', 'united states']",south ozone park,new york,united states
1977,davidoff,cool water * davidoff * perfume for women * edt * 3.4 oz * brand new tester,oil,20.87,US $20.87/ea,10.0,"more than 10 available / 4,936 sold",4936.0,"May 24, 2024 08:36:44 PDT","hackensack, new jersey, united states",for women,"['hackensack', 'new jersey', 'united states']",hackensack,new jersey,united states
1978,tom ford,tom ford black orchid eau de parfum sample size spray .05 fl. oz 1.5ml vial voc,eau de parfum,11.49,US $11.49,10.0,more than 10 available / 64 sold,64.0,,"burlington, iowa, united states",for women,"['burlington', 'iowa', 'united states']",burlington,iowa,united states
1979,thierry mugler,thierry mugler angel eau de parfum  3.4 oz / 100 ml new factory sealed,eau de parfum,39.0,US $39.00/ea,4.0,4 available / 175 sold,175.0,"May 22, 2024 01:01:32 PDT","battle creek, michigan, united states",for women,"['battle creek', 'michigan', 'united states']",battle creek,michigan,united states
1980,estée lauder,youth dew by estee lauder edp spray 2.25 oz (w),eau de parfum,22.55,US $22.55,3.0,3 available / 15 sold,15.0,"May 23, 2024 17:44:24 PDT","brooklyn, new york, united states",for women,"['brooklyn', 'new york', 'united states']",brooklyn,new york,united states
1981,see photo,perfume edp for women 3.4 oz / 100 ml  new,eau de perfume,23.99,US $23.99,10.0,10 available / 4 sold,4.0,"May 24, 2024 00:58:31 PDT","ca, china",for women,"['ca', 'china']",ca,,china
1982,as shown,carmina by creed2.5 oz / 75 ml eau de parfum for women new in box,eau de parfum,124.99,US $124.99,1.0,last one / 3 sold,3.0,"May 24, 2024 00:32:54 PDT","usa, new jersey, hong kong",for women,"['usa', 'new jersey', 'hong kong']",usa,new jersey,china
1984,carolina herrera,good girl by carolina herrera 2.7 oz eau de parfum spray women's new & sealed,eau de parfum,44.97,US $44.97/ea,9.0,9 available / 2 sold,2.0,"May 23, 2024 05:43:12 PDT","warren, michigan, united states",for women,"['warren', 'michigan', 'united states']",warren,michigan,united states
1985,yves saint laurent,yves saint laurent black opium eau de parfum spray 90 ml 3 oz for women new seal,eau de parfum,38.69,US $38.69/ea,10.0,more than 10 available / 11 sold,11.0,"May 22, 2024 05:44:01 PDT","mount holly, new jersey, united states",for women,"['mount holly', 'new jersey', 'united states']",mount holly,new jersey,united states
1986,lancôme,lancome tresor 3.4oz edp women's elegant perfume spray new,eau de parfum,43.99,US $43.99/ea,10.0,more than 10 available / 29 sold,29.0,"May 21, 2024 09:06:40 PDT","detroit, michigan, united states",for women,"['detroit', 'michigan', 'united states']",detroit,michigan,united states
1987,armand dupree fuller,lucia mendez perfumes con feromonas elige tu favorito 100% original caja sellada,cologne,32.99,US $32.99,10.0,more than 10 available / 472 sold,472.0,"May 16, 2024 12:21:53 PDT","austin, texas, united states",for women,"['austin', 'texas', 'united states']",austin,texas,united states
1988,ralph lauren,ralph by ralph lauren 3.3 / 3.4 oz edt for women new in box,oil,47.69,US $47.69/ea,41.0,41 available / 269 sold,269.0,"May 22, 2024 23:11:31 PDT","dallas, texas, united states",for women,"['dallas', 'texas', 'united states']",dallas,texas,united states
1989,dkny,be extra delicious by dkny 0.24oz edp women's perfume travel size,eau de parfum,14.95,US $14.95,19.0,19 available / 5 sold,5.0,,"fort lauderdale, florida, united states",for women,"['fort lauderdale', 'florida', 'united states']",fort lauderdale,florida,united states
1990,united colors of benetton,united colors of benetton mini colors femme women **lot of 8** 0.13 oz 4ml edt,oil,24.99,US $24.99,30.0,4 lots available (8 items per lot) / 79 sold,79.0,"Mar 26, 2024 11:45:52 PDT","brooklyn, new york, united states",for women,"['brooklyn', 'new york', 'united states']",brooklyn,new york,united states
1991,maison,maison louis marie no.04 bois de balincourt perfume oil rollerball .10 oz no.4,eau de perfume,22.09,US $22.09,1.0,last one / 41 sold,41.0,"May 22, 2024 12:50:46 PDT","lodi, california, united states",for women,"['lodi', 'california', 'united states']",lodi,california,united states
1992,calvin klein,obsession perfume by calvin klein - 3.3 / 3.4 oz / 100 ml edp spray new in box,eau de parfum,24.65,US $24.65,10.0,more than 10 available / 615 sold,615.0,"Jan 29, 2024 10:17:36 PST","poway, california, united states",for women,"['poway', 'california', 'united states']",poway,california,united states
1993,dolce & gabbana,dolce & gabbana ladies the only one edp spray 3.4 oz (tester) fragrances,eau de parfum,50.75,US $50.75,3.0,3 available / 29 sold,29.0,"May 23, 2024 21:50:18 PDT","brooklyn, new york, united states",for women,"['brooklyn', 'new york', 'united states']",brooklyn,new york,united states
1994,vince camuto,"vince camuto illuminare eau de parfum spray, 3.4 fl oz open box",eau de parfum,19.99,US $19.99,10.0,10 available / 177 sold,177.0,"May 23, 2024 13:35:24 PDT","brooklyn, new york, united states",for women,"['brooklyn', 'new york', 'united states']",brooklyn,new york,united states
1995,avon,avon far away infinity eau de parfum 1.7 fl. oz.  nib/free travel spray,eau de parfum,13.89,US $13.89,10.0,more than 10 available / 157 sold,157.0,"May 16, 2024 22:35:29 PDT","west palm beach, florida, united states",for women,"['west palm beach', 'florida', 'united states']",west palm beach,florida,united states
1996,mancera,roses greedy by mancera perfume for unisex edp 4 / 4.0 oz new in box,eau de parfum,57.85,US $57.85/ea,33.0,33 available / 58 sold,58.0,"May 24, 2024 08:03:11 PDT","dallas, texas, united states",for women,"['dallas', 'texas', 'united states']",dallas,texas,united states
1997,unbranded,"sweet tooth eau de parfum, perfume for women, 1 fl oz",eau de parfum,30.96,US $30.96,2.0,2 available / 3 sold,3.0,"May 17, 2024 23:16:41 PDT","new york, new york, united states",for women,"['new york', 'new york', 'united states']",new york,new york,united states
1998,juliette has a gun,mmmm by juliette has a gun perfume for her edp 3.3 / 3.4 oz new in box,eau de perfume,53.99,US $53.99/ea,3.0,3 available / 117 sold,117.0,"May 13, 2024 22:19:34 PDT","dallas, texas, united states",for women,"['dallas', 'texas', 'united states']",dallas,texas,united states
1999,paris hilton,paris hilton electrify for women cologne 3.4 oz 100 ml eau de parfum spray unbox,eau de parfum,14.99,US $14.99/ea,4.0,4 available / 51 sold,51.0,"May 22, 2024 05:44:45 PDT","tx, united states",for women,"['tx', 'united states']",tx,,united states
